{
  "type": "FeatureCollection",
  "crs": {
    "type": "name",
    "properties": {
      "name": "EPSG:4326"
    }
  },
  "properties": {
    "exceededTransferLimit": true
  },
  "features": [
    {
      "type": "Feature",
      "id": "4",
      "geometry": {
        "type": "Polygon",
        "coordinates": [
          [
            [
              -122.843863556702,
              49.1879131963607
            ],
            [
              -122.844410150383,
              49.1879184397756
            ],
            [
              -122.844410860928,
              49.1888196897105
            ],
            [
              -122.845141498221,
              49.188827068269
            ],
            [
              -122.845155128276,
              49.1890312840371
            ],
            [
              -122.845152501014,
              49.1892121810075
            ],
            [
              -122.845158442406,
              49.1893739285185
            ],
            [
              -122.845178322057,
              49.1897291877418
            ],
            [
              -122.845171825976,
              49.1901801245287
            ],
            [
              -122.844333021946,
              49.1901726004303
            ],
            [
              -122.843474457548,
              49.1901647727015
            ],
            [
              -122.843198470207,
              49.1901623267116
            ],
            [
              -122.842053627472,
              49.1901519369216
            ],
            [
              -122.842053495683,
              49.1895100132902
            ],
            [
              -122.842056094235,
              49.1894701666542
            ],
            [
              -122.842064042918,
              49.1894305962945
            ],
            [
              -122.842077206355,
              49.1893915745832
            ],
            [
              -122.842095581739,
              49.1893535485823
            ],
            [
              -122.842118894292,
              49.1893166087666
            ],
            [
              -122.842147003961,
              49.1892812047079
            ],
            [
              -122.842179774009,
              49.1892476069752
            ],
            [
              -122.842216793802,
              49.1892159040574
            ],
            [
              -122.842257923583,
              49.1891864546729
            ],
            [
              -122.843102616177,
              49.1886327762684
            ],
            [
              -122.843161901563,
              49.1885903088986
            ],
            [
              -122.843215022755,
              49.1885445957121
            ],
            [
              -122.843261700322,
              49.1884959043989
            ],
            [
              -122.84330152554,
              49.1884445951249
            ],
            [
              -122.843334085008,
              49.1883912070558
            ],
            [
              -122.843359237628,
              49.1883360998194
            ],
            [
              -122.843376710273,
              49.1882797228165
            ],
            [
              -122.843383127609,
              49.1882470784823
            ],
            [
              -122.843386936637,
              49.1882142498046
            ],
            [
              -122.84338827677,
              49.1881814186782
            ],
            [
              -122.843388237776,
              49.1879359343459
            ],
            [
              -122.843429906793,
              49.1879090048605
            ],
            [
              -122.843863556702,
              49.1879131963607
            ]
          ]
        ]
      },
      "properties": {
        "OBJECTID": 4,
        "PROJECT_NO": "16-0448-00",
        "DESCRIPTION": "Rezoning of a portion from CD (By-law No. 14109) to CD Development Permit to permit the development of a 30-storey residential high-rise with ground floor commercial uses in Phase 1 of a multi-phased mixed-use high-rise development. ",
        "STATUS": "Concluded",
        "WEBLINK": "https://citizenportal.surrey.ca/citizenportal/integration/publicProjectForward.html?year=16 seq=0448",
        "source_dataset": "Development Applications",
        "source_url": "https://services5.arcgis.com/YRpe0VKTJytZSSIB/arcgis/rest/services/Development%20Applications/FeatureServer/0",
        "retrieved_at": "2026-10-06T20:03:04.899858+00:00",
        "licence": "Contains information licensed under the Open Government License – City of Surrey.",
        "licence_url": "https://opendata-surrey.hub.arcgis.com/pages/55089a19491a4fe59a41e059fd8af708",
        "source_sha256": "7dd44fc28b8f521f582d52527a18a64baed338509036006dc0ca9c8144ef862b"
      }
    },
    {
      "type": "Feature",
      "id": "54",
      "geometry": {
        "type": "Polygon",
        "coordinates": [
          [
            [
              -122.842289768704,
              49.1771908520245
            ],
            [
              -122.842360762511,
              49.177146272676
            ],
            [
              -122.843173048726,
              49.1771504325137
            ],
            [
              -122.843212740509,
              49.1771776010735
            ],
            [
              -122.843179652497,
              49.1777905807317
            ],
            [
              -122.843158488413,
              49.1781834595784
            ],
            [
              -122.843156914284,
              49.1782126590215
            ],
            [
              -122.843114316818,
              49.1782398048771
            ],
            [
              -122.842707544487,
              49.1782416560268
            ],
            [
              -122.842274125613,
              49.1782436267729
            ],
            [
              -122.842234432229,
              49.1782168554876
            ],
            [
              -122.842236006938,
              49.1781876443637
            ],
            [
              -122.842257450061,
              49.1777895649575
            ],
            [
              -122.842289768704,
              49.1771908520245
            ]
          ]
        ]
      },
      "properties": {
        "OBJECTID": 54,
        "PROJECT_NO": "17-0444-00",
        "DESCRIPTION": "Amend CD Bylaw No. 18918; Amend CD By-law 17437  as amended by Bylaw No. 18286 to allow private school use along with expanded post-secondary education and hospital related uses for two commercial office building sites in City Centre\r\n(City Centre 1 and 2) ",
        "STATUS": "Concluded",
        "WEBLINK": "https://citizenportal.surrey.ca/citizenportal/integration/publicProjectForward.html?year=17 seq=0444",
        "source_dataset": "Development Applications",
        "source_url": "https://services5.arcgis.com/YRpe0VKTJytZSSIB/arcgis/rest/services/Development%20Applications/FeatureServer/0",
        "retrieved_at": "2026-10-06T20:03:04.899858+00:00",
        "licence": "Contains information licensed under the Open Government License – City of Surrey.",
        "licence_url": "https://opendata-surrey.hub.arcgis.com/pages/55089a19491a4fe59a41e059fd8af708",
        "source_sha256": "7dd44fc28b8f521f582d52527a18a64baed338509036006dc0ca9c8144ef862b"
      }
    },
    {
      "type": "Feature",
      "id": "63",
      "geometry": {
        "type": "Polygon",
        "coordinates": [
          [
            [
              -122.845960164696,
              49.1781389363292
            ],
            [
              -122.846024486729,
              49.1781386173156
            ],
            [
              -122.84693153186,
              49.1781341173477
            ],
            [
              -122.846934617713,
              49.1784122034507
            ],
            [
              -122.847064559953,
              49.1786174747955
            ],
            [
              -122.845986807053,
              49.1786225803507
            ],
            [
              -122.845935593747,
              49.1786228232803
            ],
            [
              -122.845960164696,
              49.1781389363292
            ]
          ]
        ]
      },
      "properties": {
        "OBJECTID": 63,
        "PROJECT_NO": "17-0462-00",
        "DESCRIPTION": "Rezoning from C-8 to CD;  Development Permit to permit the development of a 25-storey residential high-rise with ground floor commercial use; subdivision to consolidate (and 1 park lot) and Development Variance to reduce the minimum streamside setback area for a Class A Channelized Stream (West Quibble Creek)  as measured from top-of-bank. ",
        "STATUS": "Concluded",
        "WEBLINK": "https://citizenportal.surrey.ca/citizenportal/integration/publicProjectForward.html?year=17 seq=0462",
        "source_dataset": "Development Applications",
        "source_url": "https://services5.arcgis.com/YRpe0VKTJytZSSIB/arcgis/rest/services/Development%20Applications/FeatureServer/0",
        "retrieved_at": "2026-10-06T20:03:04.899858+00:00",
        "licence": "Contains information licensed under the Open Government License – City of Surrey.",
        "licence_url": "https://opendata-surrey.hub.arcgis.com/pages/55089a19491a4fe59a41e059fd8af708",
        "source_sha256": "7dd44fc28b8f521f582d52527a18a64baed338509036006dc0ca9c8144ef862b"
      }
    },
    {
      "type": "Feature",
      "id": "107",
      "geometry": {
        "type": "Polygon",
        "coordinates": [
          [
            [
              -122.854845587544,
              49.1915545858457
            ],
            [
              -122.854381973901,
              49.1915528310528
            ],
            [
              -122.854395424345,
              49.1909957623497
            ],
            [
              -122.855356814609,
              49.1909994944659
            ],
            [
              -122.855352835018,
              49.1912332796931
            ],
            [
              -122.855101816544,
              49.1912319746562
            ],
            [
              -122.854850934016,
              49.1912311181111
            ],
            [
              -122.854845587544,
              49.1915545858457
            ]
          ]
        ]
      },
      "properties": {
        "OBJECTID": 107,
        "PROJECT_NO": "14-0058-00",
        "DESCRIPTION": "Temporary Commercial Use Permit in order to renew the Temporary Commercial Use Permit of a temporary real estate sales centre for a proposed residential high-rise project in Surrey City Centre.",
        "STATUS": "Concluded",
        "WEBLINK": "https://citizenportal.surrey.ca/citizenportal/integration/publicProjectForward.html?year=14 seq=0058",
        "source_dataset": "Development Applications",
        "source_url": "https://services5.arcgis.com/YRpe0VKTJytZSSIB/arcgis/rest/services/Development%20Applications/FeatureServer/0",
        "retrieved_at": "2026-10-06T20:03:04.899858+00:00",
        "licence": "Contains information licensed under the Open Government License – City of Surrey.",
        "licence_url": "https://opendata-surrey.hub.arcgis.com/pages/55089a19491a4fe59a41e059fd8af708",
        "source_sha256": "7dd44fc28b8f521f582d52527a18a64baed338509036006dc0ca9c8144ef862b"
      }
    },
    {
      "type": "Feature",
      "id": "124",
      "geometry": {
        "type": "Polygon",
        "coordinates": [
          [
            [
              -122.845202704096,
              49.1857380412258
            ],
            [
              -122.844321033132,
              49.1857278508989
            ],
            [
              -122.844320822065,
              49.1854473761923
            ],
            [
              -122.845195626031,
              49.1854577363257
            ],
            [
              -122.845202506299,
              49.1854957067449
            ],
            [
              -122.845202704096,
              49.1857380412258
            ]
          ]
        ]
      },
      "properties": {
        "OBJECTID": 124,
        "PROJECT_NO": "14-0183-00",
        "DESCRIPTION": "Development Permit; Development Variance Permit in order to permit a new multi-tenant  free-standing sign.",
        "STATUS": "Concluded",
        "WEBLINK": "https://citizenportal.surrey.ca/citizenportal/integration/publicProjectForward.html?year=14 seq=0183",
        "source_dataset": "Development Applications",
        "source_url": "https://services5.arcgis.com/YRpe0VKTJytZSSIB/arcgis/rest/services/Development%20Applications/FeatureServer/0",
        "retrieved_at": "2026-10-06T20:03:04.899858+00:00",
        "licence": "Contains information licensed under the Open Government License – City of Surrey.",
        "licence_url": "https://opendata-surrey.hub.arcgis.com/pages/55089a19491a4fe59a41e059fd8af708",
        "source_sha256": "7dd44fc28b8f521f582d52527a18a64baed338509036006dc0ca9c8144ef862b"
      }
    },
    {
      "type": "Feature",
      "id": "141",
      "geometry": {
        "type": "Polygon",
        "coordinates": [
          [
            [
              -122.848405958154,
              49.1872863835019
            ],
            [
              -122.849924978867,
              49.1872955780192
            ],
            [
              -122.849979435579,
              49.1873934288839
            ],
            [
              -122.85091785069,
              49.1877097647579
            ],
            [
              -122.850829379259,
              49.1877849405115
            ],
            [
              -122.850735153957,
              49.1878571412018
            ],
            [
              -122.850635584555,
              49.1879260956858
            ],
            [
              -122.85061743366,
              49.1879379460418
            ],
            [
              -122.850599283299,
              49.1879496164891
            ],
            [
              -122.850580858727,
              49.1879611966255
            ],
            [
              -122.850321399552,
              49.1881230446016
            ],
            [
              -122.850223759844,
              49.188188403098
            ],
            [
              -122.850133245629,
              49.1882581784676
            ],
            [
              -122.850050540338,
              49.1883319218481
            ],
            [
              -122.849951952429,
              49.1883488840257
            ],
            [
              -122.848733859871,
              49.1879387147241
            ],
            [
              -122.848496934987,
              49.1878680580124
            ],
            [
              -122.848250903994,
              49.1878125909524
            ],
            [
              -122.847997827964,
              49.1877727668649
            ],
            [
              -122.847740171698,
              49.1877489469675
            ],
            [
              -122.847817500639,
              49.1877281797287
            ],
            [
              -122.848352065083,
              49.187584421515
            ],
            [
              -122.848401743331,
              49.1875847565945
            ],
            [
              -122.848405777773,
              49.1873000570634
            ],
            [
              -122.848405958154,
              49.1872863835019
            ]
          ]
        ]
      },
      "properties": {
        "OBJECTID": 141,
        "PROJECT_NO": "16-0496-00",
        "DESCRIPTION": "Development Permit / Development Variance Permit to permit a new free-standing directory sign for the Central City office tower.",
        "STATUS": "Concluded",
        "WEBLINK": "https://citizenportal.surrey.ca/citizenportal/integration/publicProjectForward.html?year=16 seq=0496",
        "source_dataset": "Development Applications",
        "source_url": "https://services5.arcgis.com/YRpe0VKTJytZSSIB/arcgis/rest/services/Development%20Applications/FeatureServer/0",
        "retrieved_at": "2026-10-06T20:03:04.899858+00:00",
        "licence": "Contains information licensed under the Open Government License – City of Surrey.",
        "licence_url": "https://opendata-surrey.hub.arcgis.com/pages/55089a19491a4fe59a41e059fd8af708",
        "source_sha256": "7dd44fc28b8f521f582d52527a18a64baed338509036006dc0ca9c8144ef862b"
      }
    },
    {
      "type": "Feature",
      "id": "173",
      "geometry": {
        "type": "Polygon",
        "coordinates": [
          [
            [
              -122.843997994839,
              49.1780151729695
            ],
            [
              -122.843989103651,
              49.1781793259646
            ],
            [
              -122.843487461051,
              49.1781816093734
            ],
            [
              -122.843496352243,
              49.1780175463698
            ],
            [
              -122.843997994839,
              49.1780151729695
            ]
          ]
        ]
      },
      "properties": {
        "OBJECTID": 173,
        "PROJECT_NO": "17-0481-00",
        "DESCRIPTION": "Development Variance Permit to vary the minimum 400-metre (1 300 ft.) separation requirement between a proposed small scale drug store and an existing small-scale drug store. ",
        "STATUS": "Closed",
        "WEBLINK": "https://citizenportal.surrey.ca/citizenportal/integration/publicProjectForward.html?year=17 seq=0481",
        "source_dataset": "Development Applications",
        "source_url": "https://services5.arcgis.com/YRpe0VKTJytZSSIB/arcgis/rest/services/Development%20Applications/FeatureServer/0",
        "retrieved_at": "2026-10-06T20:03:04.899858+00:00",
        "licence": "Contains information licensed under the Open Government License – City of Surrey.",
        "licence_url": "https://opendata-surrey.hub.arcgis.com/pages/55089a19491a4fe59a41e059fd8af708",
        "source_sha256": "7dd44fc28b8f521f582d52527a18a64baed338509036006dc0ca9c8144ef862b"
      }
    },
    {
      "type": "Feature",
      "id": "207",
      "geometry": {
        "type": "Polygon",
        "coordinates": [
          [
            [
              -122.852180335427,
              49.1915457938074
            ],
            [
              -122.852183729448,
              49.1913961106064
            ],
            [
              -122.85218754177,
              49.1912276331116
            ],
            [
              -122.852191366424,
              49.1910591529289
            ],
            [
              -122.852195185559,
              49.1908906736336
            ],
            [
              -122.852198750768,
              49.1907221931088
            ],
            [
              -122.852202820731,
              49.1905538058767
            ],
            [
              -122.85220664146,
              49.1903852249212
            ],
            [
              -122.852624375139,
              49.1903868201714
            ],
            [
              -122.852623688492,
              49.1904174591645
            ],
            [
              -122.852726650489,
              49.1904246437359
            ],
            [
              -122.852828313782,
              49.1904375188011
            ],
            [
              -122.852927945793,
              49.1904559943767
            ],
            [
              -122.853024833282,
              49.1904799364296
            ],
            [
              -122.853118275474,
              49.1905091722647
            ],
            [
              -122.853207603263,
              49.1905434923482
            ],
            [
              -122.853187267851,
              49.1905764253628
            ],
            [
              -122.853167153593,
              49.1905763584139
            ],
            [
              -122.85315591063,
              49.1910766801389
            ],
            [
              -122.853145544489,
              49.1915371077854
            ],
            [
              -122.852598652602,
              49.1915353667476
            ],
            [
              -122.852598391208,
              49.1915471259974
            ],
            [
              -122.852180335427,
              49.1915457938074
            ]
          ]
        ]
      },
      "properties": {
        "OBJECTID": 207,
        "PROJECT_NO": "19-0234-00",
        "DESCRIPTION": "Rezoning from RF to CD (based on RM-135); Development Permit to permit the development of a 43-storey residential apartment building in City Centre.",
        "STATUS": "Conditional Approval",
        "WEBLINK": "https://citizenportal.surrey.ca/citizenportal/integration/publicProjectForward.html?year=19 seq=0234",
        "source_dataset": "Development Applications",
        "source_url": "https://services5.arcgis.com/YRpe0VKTJytZSSIB/arcgis/rest/services/Development%20Applications/FeatureServer/0",
        "retrieved_at": "2026-10-06T20:03:04.899858+00:00",
        "licence": "Contains information licensed under the Open Government License – City of Surrey.",
        "licence_url": "https://opendata-surrey.hub.arcgis.com/pages/55089a19491a4fe59a41e059fd8af708",
        "source_sha256": "7dd44fc28b8f521f582d52527a18a64baed338509036006dc0ca9c8144ef862b"
      }
    },
    {
      "type": "Feature",
      "id": "222",
      "geometry": {
        "type": "Polygon",
        "coordinates": [
          [
            [
              -122.843111884678,
              49.1881811299068
            ],
            [
              -122.843109285389,
              49.1882210656279
            ],
            [
              -122.843101336367,
              49.1882606351676
            ],
            [
              -122.843088175409,
              49.1882996570063
            ],
            [
              -122.843069799523,
              49.1883377722248
            ],
            [
              -122.843046488427,
              49.1883746213875
            ],
            [
              -122.843018378545,
              49.1884100247704
            ],
            [
              -122.842985746574,
              49.188443711987
            ],
            [
              -122.842948590611,
              49.18847541497
            ],
            [
              -122.842907461836,
              49.1885048628061
            ],
            [
              -122.842062769252,
              49.189058538896
            ],
            [
              -122.842005406639,
              49.1890996590303
            ],
            [
              -122.84195366374,
              49.1891438461364
            ],
            [
              -122.841907949316,
              49.1891907391694
            ],
            [
              -122.841868814272,
              49.189240160783
            ],
            [
              -122.841836258688,
              49.1892916603184
            ],
            [
              -122.841810700137,
              49.1893446986334
            ],
            [
              -122.841792272332,
              49.1893990969088
            ],
            [
              -122.841781251503,
              49.1894543140078
            ],
            [
              -122.841777505693,
              49.1895099917377
            ],
            [
              -122.84177746344,
              49.1896075936546
            ],
            [
              -122.841204370716,
              49.1896019289503
            ],
            [
              -122.841203189758,
              49.1878873047917
            ],
            [
              -122.84307008568,
              49.1879053636387
            ],
            [
              -122.84311185336,
              49.1879332159464
            ],
            [
              -122.843111884678,
              49.1881811299068
            ]
          ]
        ]
      },
      "properties": {
        "OBJECTID": 222,
        "PROJECT_NO": "19-0258-00",
        "DESCRIPTION": "City Centre Plan Amendment for a portion from Residential Mid to High Rise Residential 3.5 FAR to Mixed-Use 3.5 FAR; Rezoning from C-8 to CD; General Development Permit; Detailed Development Permit; Development Variance Permit to permit the development of a mixed-use phased development consisting of three high-rise mixed-use towers  two low-rise residential buildings and one single-storey stand-alone commercial building. Phase 1 consists of a 31-storey mixed-use tower with ground floor commercial space and one single-storey stand-alone commercial building.",
        "STATUS": "Concluded",
        "WEBLINK": "https://citizenportal.surrey.ca/citizenportal/integration/publicProjectForward.html?year=19 seq=0258",
        "source_dataset": "Development Applications",
        "source_url": "https://services5.arcgis.com/YRpe0VKTJytZSSIB/arcgis/rest/services/Development%20Applications/FeatureServer/0",
        "retrieved_at": "2026-10-06T20:03:04.899858+00:00",
        "licence": "Contains information licensed under the Open Government License – City of Surrey.",
        "licence_url": "https://opendata-surrey.hub.arcgis.com/pages/55089a19491a4fe59a41e059fd8af708",
        "source_sha256": "7dd44fc28b8f521f582d52527a18a64baed338509036006dc0ca9c8144ef862b"
      }
    },
    {
      "type": "Feature",
      "id": "371",
      "geometry": {
        "type": "Polygon",
        "coordinates": [
          [
            [
              -122.84536416094,
              49.1791572688762
            ],
            [
              -122.844211426348,
              49.179162728799
            ],
            [
              -122.844260808058,
              49.1782565156143
            ],
            [
              -122.845389371108,
              49.1782515607687
            ],
            [
              -122.845396333672,
              49.1785253883078
            ],
            [
              -122.84536416094,
              49.1791572688762
            ]
          ]
        ]
      },
      "properties": {
        "OBJECTID": 371,
        "PROJECT_NO": "15-0063-00",
        "DESCRIPTION": "To permit exterior renovations and signage for new restaurant tenants.",
        "STATUS": "Concluded",
        "WEBLINK": "https://citizenportal.surrey.ca/citizenportal/integration/publicProjectForward.html?year=15 seq=0063",
        "source_dataset": "Development Applications",
        "source_url": "https://services5.arcgis.com/YRpe0VKTJytZSSIB/arcgis/rest/services/Development%20Applications/FeatureServer/0",
        "retrieved_at": "2026-10-06T20:03:04.899858+00:00",
        "licence": "Contains information licensed under the Open Government License – City of Surrey.",
        "licence_url": "https://opendata-surrey.hub.arcgis.com/pages/55089a19491a4fe59a41e059fd8af708",
        "source_sha256": "7dd44fc28b8f521f582d52527a18a64baed338509036006dc0ca9c8144ef862b"
      }
    },
    {
      "type": "Feature",
      "id": "433",
      "geometry": {
        "type": "Polygon",
        "coordinates": [
          [
            [
              -122.843179652497,
              49.1777905807317
            ],
            [
              -122.843158488413,
              49.1781834595784
            ],
            [
              -122.843156914284,
              49.1782126590215
            ],
            [
              -122.843114316818,
              49.1782398048771
            ],
            [
              -122.842707544487,
              49.1782416560268
            ],
            [
              -122.842274125613,
              49.1782436267729
            ],
            [
              -122.842234432229,
              49.1782168554876
            ],
            [
              -122.842236006938,
              49.1781876443637
            ],
            [
              -122.842257450061,
              49.1777895649575
            ],
            [
              -122.843179652497,
              49.1777905807317
            ]
          ]
        ]
      },
      "properties": {
        "OBJECTID": 433,
        "PROJECT_NO": "17-0581-00",
        "DESCRIPTION": "Development Variance Permit to vary the minimum 400 metre (1 300 ft.) separation requirement between a proposed small-scale drug store and an existing small-scale drug store.\r\n",
        "STATUS": "Concluded",
        "WEBLINK": "https://citizenportal.surrey.ca/citizenportal/integration/publicProjectForward.html?year=17 seq=0581",
        "source_dataset": "Development Applications",
        "source_url": "https://services5.arcgis.com/YRpe0VKTJytZSSIB/arcgis/rest/services/Development%20Applications/FeatureServer/0",
        "retrieved_at": "2026-10-06T20:03:04.899858+00:00",
        "licence": "Contains information licensed under the Open Government License – City of Surrey.",
        "licence_url": "https://opendata-surrey.hub.arcgis.com/pages/55089a19491a4fe59a41e059fd8af708",
        "source_sha256": "7dd44fc28b8f521f582d52527a18a64baed338509036006dc0ca9c8144ef862b"
      }
    },
    {
      "type": "Feature",
      "id": "436",
      "geometry": {
        "type": "Polygon",
        "coordinates": [
          [
            [
              -122.855255126369,
              49.1866565733216
            ],
            [
              -122.855249144972,
              49.1869000594737
            ],
            [
              -122.855248481262,
              49.1869281141713
            ],
            [
              -122.855243622557,
              49.1872660922406
            ],
            [
              -122.854766364553,
              49.1871009559245
            ],
            [
              -122.854776692303,
              49.1865309313459
            ],
            [
              -122.855257693285,
              49.1865307318884
            ],
            [
              -122.855257968011,
              49.1865306422795
            ],
            [
              -122.855255126369,
              49.1866565733216
            ]
          ]
        ]
      },
      "properties": {
        "OBJECTID": 436,
        "PROJECT_NO": "17-0585-00",
        "DESCRIPTION": "Temporary Use Permit to permit the development of a temporary real estate sales centre for a nearby proposed residential project in Surrey City Centre and for temporary parking of private  construction worker vehicles for a duration of three years. ",
        "STATUS": "Concluded",
        "WEBLINK": "https://citizenportal.surrey.ca/citizenportal/integration/publicProjectForward.html?year=17 seq=0585",
        "source_dataset": "Development Applications",
        "source_url": "https://services5.arcgis.com/YRpe0VKTJytZSSIB/arcgis/rest/services/Development%20Applications/FeatureServer/0",
        "retrieved_at": "2026-10-06T20:03:04.899858+00:00",
        "licence": "Contains information licensed under the Open Government License – City of Surrey.",
        "licence_url": "https://opendata-surrey.hub.arcgis.com/pages/55089a19491a4fe59a41e059fd8af708",
        "source_sha256": "7dd44fc28b8f521f582d52527a18a64baed338509036006dc0ca9c8144ef862b"
      }
    },
    {
      "type": "Feature",
      "id": "610",
      "geometry": {
        "type": "Polygon",
        "coordinates": [
          [
            [
              -122.85438208923,
              49.1915528168057
            ],
            [
              -122.854395708135,
              49.1909958670532
            ],
            [
              -122.855356866157,
              49.1909997023224
            ],
            [
              -122.855352841901,
              49.1912332725054
            ],
            [
              -122.855347474438,
              49.1915448205359
            ],
            [
              -122.855347269964,
              49.1915565807626
            ],
            [
              -122.855096332618,
              49.1915556032456
            ],
            [
              -122.854845587428,
              49.191554625425
            ],
            [
              -122.85438208923,
              49.1915528168057
            ]
          ]
        ]
      },
      "properties": {
        "OBJECTID": 610,
        "PROJECT_NO": "20-0024-00",
        "DESCRIPTION": "OCP Amendment of a portion to Figure 3: General Land Use Designations from Multiple Residential to Central Business District  to Figure 16: Central Business District Densities to permit a density of 7.5 FAR and to Figure 42: Major Employment Areas by adding the Central Business District designation; CCP Amendment from Low to Mid Rise up to 2.5 FAR to High Rise 7.5 FAR and Park; Rezoning a portion from RF to CD (based on RM-135); Development Permit to permit the development of a 36-storey residential tower with a child care centre. ",
        "STATUS": "Concluded",
        "WEBLINK": "https://citizenportal.surrey.ca/citizenportal/integration/publicProjectForward.html?year=20 seq=0024",
        "source_dataset": "Development Applications",
        "source_url": "https://services5.arcgis.com/YRpe0VKTJytZSSIB/arcgis/rest/services/Development%20Applications/FeatureServer/0",
        "retrieved_at": "2026-10-06T20:03:04.899858+00:00",
        "licence": "Contains information licensed under the Open Government License – City of Surrey.",
        "licence_url": "https://opendata-surrey.hub.arcgis.com/pages/55089a19491a4fe59a41e059fd8af708",
        "source_sha256": "7dd44fc28b8f521f582d52527a18a64baed338509036006dc0ca9c8144ef862b"
      }
    },
    {
      "type": "Feature",
      "id": "705",
      "geometry": {
        "type": "Polygon",
        "coordinates": [
          [
            [
              -122.844080539259,
              49.180725217212
            ],
            [
              -122.845115467722,
              49.1807209040765
            ],
            [
              -122.845183133963,
              49.1807655721055
            ],
            [
              -122.845167523474,
              49.1815346543711
            ],
            [
              -122.845160236868,
              49.1818936413077
            ],
            [
              -122.845126894082,
              49.1821833372891
            ],
            [
              -122.845117833108,
              49.1826297249824
            ],
            [
              -122.845012509727,
              49.1826688681156
            ],
            [
              -122.845132317264,
              49.1827144696727
            ],
            [
              -122.845116122064,
              49.1827141097298
            ],
            [
              -122.844923453652,
              49.1827098329636
            ],
            [
              -122.843804079883,
              49.1822837751997
            ],
            [
              -122.843012133297,
              49.1819825459094
            ],
            [
              -122.843040356022,
              49.1819506598197
            ],
            [
              -122.842986968966,
              49.1819303531391
            ],
            [
              -122.842785283252,
              49.1818536372877
            ],
            [
              -122.842260259442,
              49.1816539292312
            ],
            [
              -122.842226312465,
              49.1816397880659
            ],
            [
              -122.842194211161,
              49.181623902518
            ],
            [
              -122.842164165157,
              49.1816063736233
            ],
            [
              -122.842150074957,
              49.181579797431
            ],
            [
              -122.841821998451,
              49.1809610108185
            ],
            [
              -122.841898289004,
              49.1808820237703
            ],
            [
              -122.842023603647,
              49.1808708728233
            ],
            [
              -122.842617216838,
              49.1808180494933
            ],
            [
              -122.842774645527,
              49.1808042536833
            ],
            [
              -122.842897141401,
              49.1807935180332
            ],
            [
              -122.843114713602,
              49.1807744513329
            ],
            [
              -122.843240023785,
              49.180764973992
            ],
            [
              -122.843306080591,
              49.1807599767723
            ],
            [
              -122.843321765464,
              49.1807587890789
            ],
            [
              -122.843433791904,
              49.1807509621408
            ],
            [
              -122.843545937994,
              49.1807439088552
            ],
            [
              -122.843658191385,
              49.1807376301046
            ],
            [
              -122.84367773975,
              49.1807366050114
            ],
            [
              -122.843811852057,
              49.1807306534428
            ],
            [
              -122.843946145543,
              49.180726856347
            ],
            [
              -122.844080539259,
              49.180725217212
            ]
          ]
        ]
      },
      "properties": {
        "OBJECTID": 705,
        "PROJECT_NO": "18-0095-00",
        "DESCRIPTION": "Rezoning from CD (Bylaw No. 19301) to CD (based on RM-135 and C-8) Development Permit to permit the Phase 3 development of a mixed-use project  consisting of one 34-storey mixed-use residential tower with a single-storey retail podium. ",
        "STATUS": "Concluded",
        "WEBLINK": "https://citizenportal.surrey.ca/citizenportal/integration/publicProjectForward.html?year=18 seq=0095",
        "source_dataset": "Development Applications",
        "source_url": "https://services5.arcgis.com/YRpe0VKTJytZSSIB/arcgis/rest/services/Development%20Applications/FeatureServer/0",
        "retrieved_at": "2026-10-06T20:03:04.899858+00:00",
        "licence": "Contains information licensed under the Open Government License – City of Surrey.",
        "licence_url": "https://opendata-surrey.hub.arcgis.com/pages/55089a19491a4fe59a41e059fd8af708",
        "source_sha256": "7dd44fc28b8f521f582d52527a18a64baed338509036006dc0ca9c8144ef862b"
      }
    },
    {
      "type": "Feature",
      "id": "727",
      "geometry": {
        "type": "Polygon",
        "coordinates": [
          [
            [
              -122.854414770754,
              49.1902094084401
            ],
            [
              -122.854419266419,
              49.1900350829413
            ],
            [
              -122.855374459178,
              49.1900388979578
            ],
            [
              -122.855370517211,
              49.190213224186
            ],
            [
              -122.855370207787,
              49.1902247387116
            ],
            [
              -122.855367402284,
              49.1903858414335
            ],
            [
              -122.855367062242,
              49.1904083293148
            ],
            [
              -122.855364421841,
              49.1905612806769
            ],
            [
              -122.854406428701,
              49.1905575196208
            ],
            [
              -122.85441055456,
              49.1903820242747
            ],
            [
              -122.854414770754,
              49.1902094084401
            ]
          ]
        ]
      },
      "properties": {
        "OBJECTID": 727,
        "PROJECT_NO": "18-0125-00",
        "DESCRIPTION": "OCP Amendment from Multiple Residential to Central Business District and to Figure 16: Central Business District Densities to permit a density of 3.5 FAR; CCP Amendment from Residential Low to Mid Rise 2.5 FAR to Residential Mid to High Rise 3.5 FAR and to amend the road network on the subject site; Rezoning from RF to CD (based on RM-135); Development Permit to permit the development of a 26-storey high-rise residential tower consisting of approximately 223 dwelling units.",
        "STATUS": "Concluded",
        "WEBLINK": "https://citizenportal.surrey.ca/citizenportal/integration/publicProjectForward.html?year=18 seq=0125",
        "source_dataset": "Development Applications",
        "source_url": "https://services5.arcgis.com/YRpe0VKTJytZSSIB/arcgis/rest/services/Development%20Applications/FeatureServer/0",
        "retrieved_at": "2026-10-06T20:03:04.899858+00:00",
        "licence": "Contains information licensed under the Open Government License – City of Surrey.",
        "licence_url": "https://opendata-surrey.hub.arcgis.com/pages/55089a19491a4fe59a41e059fd8af708",
        "source_sha256": "7dd44fc28b8f521f582d52527a18a64baed338509036006dc0ca9c8144ef862b"
      }
    },
    {
      "type": "Feature",
      "id": "737",
      "geometry": {
        "type": "Polygon",
        "coordinates": [
          [
            [
              -122.847544388275,
              49.1883951882365
            ],
            [
              -122.847544536761,
              49.1888337150784
            ],
            [
              -122.846597871523,
              49.1888302019386
            ],
            [
              -122.846361960325,
              49.1888293450345
            ],
            [
              -122.846377329819,
              49.1883909287828
            ],
            [
              -122.846697639271,
              49.1883920785212
            ],
            [
              -122.847544388275,
              49.1883951882365
            ]
          ]
        ]
      },
      "properties": {
        "OBJECTID": 737,
        "PROJECT_NO": "20-0071-00",
        "DESCRIPTION": "Rezoning from Community Commercial Zone (C-8) to Comprehensive Development Zone (CD); Subdivision from one (1) lot into two (2) lots; Housing Agreement; Official Community Plan (OCP) Amendment to allow a reduction of non residential floor space in the Central Business District (CBD) designation; Development Permit to permit the development of a mixed-use  high-rise tower consisting 284 market rental residential dwelling units and approximately 3755.33 sq. m. of commercial space located in City Centre.",
        "STATUS": "Conditional Approval",
        "WEBLINK": "https://citizenportal.surrey.ca/citizenportal/integration/publicProjectForward.html?year=20 seq=0071",
        "source_dataset": "Development Applications",
        "source_url": "https://services5.arcgis.com/YRpe0VKTJytZSSIB/arcgis/rest/services/Development%20Applications/FeatureServer/0",
        "retrieved_at": "2026-10-06T20:03:04.899858+00:00",
        "licence": "Contains information licensed under the Open Government License – City of Surrey.",
        "licence_url": "https://opendata-surrey.hub.arcgis.com/pages/55089a19491a4fe59a41e059fd8af708",
        "source_sha256": "7dd44fc28b8f521f582d52527a18a64baed338509036006dc0ca9c8144ef862b"
      }
    },
    {
      "type": "Feature",
      "id": "738",
      "geometry": {
        "type": "MultiPolygon",
        "coordinates": [
          [
            [
              [
                -122.850453899812,
                49.1887757974773
              ],
              [
                -122.850425898917,
                49.1887798041614
              ],
              [
                -122.85039810888,
                49.188784398456
              ],
              [
                -122.850370558396,
                49.1887895756171
              ],
              [
                -122.850183963121,
                49.1888267767622
              ],
              [
                -122.85012811742,
                49.188791473214
              ],
              [
                -122.85014187146,
                49.1887614970474
              ],
              [
                -122.850158996436,
                49.1887263997158
              ],
              [
                -122.850243263383,
                49.1887046962476
              ],
              [
                -122.850453899812,
                49.1887757974773
              ]
            ]
          ],
          [
            [
              [
                -122.850042748437,
                49.1896954114529
              ],
              [
                -122.850058204716,
                49.1890845473224
              ],
              [
                -122.850125038775,
                49.189026492787
              ],
              [
                -122.850450400061,
                49.188961625577
              ],
              [
                -122.850494302714,
                49.1889540165599
              ],
              [
                -122.850538939746,
                49.1889485427324
              ],
              [
                -122.850584069787,
                49.1889452336938
              ],
              [
                -122.850575327559,
                49.1892952466764
              ],
              [
                -122.851044390553,
                49.1892969446268
              ],
              [
                -122.851043026526,
                49.1893517540802
              ],
              [
                -122.851034237654,
                49.1896991565685
              ],
              [
                -122.850962995073,
                49.1896988883483
              ],
              [
                -122.850521789564,
                49.1896972216291
              ],
              [
                -122.850286379329,
                49.1896963320125
              ],
              [
                -122.850042748437,
                49.1896954114529
              ]
            ]
          ]
        ]
      },
      "properties": {
        "OBJECTID": 738,
        "PROJECT_NO": "20-0073-00",
        "DESCRIPTION": "Development Permit to permit an additional fascia sign and a free-standing sign for Simon Fraser University.",
        "STATUS": "Concluded",
        "WEBLINK": "https://citizenportal.surrey.ca/citizenportal/integration/publicProjectForward.html?year=20 seq=0073",
        "source_dataset": "Development Applications",
        "source_url": "https://services5.arcgis.com/YRpe0VKTJytZSSIB/arcgis/rest/services/Development%20Applications/FeatureServer/0",
        "retrieved_at": "2026-10-06T20:03:04.899858+00:00",
        "licence": "Contains information licensed under the Open Government License – City of Surrey.",
        "licence_url": "https://opendata-surrey.hub.arcgis.com/pages/55089a19491a4fe59a41e059fd8af708",
        "source_sha256": "7dd44fc28b8f521f582d52527a18a64baed338509036006dc0ca9c8144ef862b"
      }
    },
    {
      "type": "Feature",
      "id": "745",
      "geometry": {
        "type": "MultiPolygon",
        "coordinates": [
          [
            [
              [
                -122.844626886456,
                49.182470107156
              ],
              [
                -122.843915279209,
                49.1821992515398
              ],
              [
                -122.84388084213,
                49.1822381314112
              ],
              [
                -122.843637537999,
                49.1821455883626
              ],
              [
                -122.8437256697,
                49.1820460878976
              ],
              [
                -122.843659969208,
                49.1820210800946
              ],
              [
                -122.843858930257,
                49.181796452347
              ],
              [
                -122.844097367074,
                49.1818300886979
              ],
              [
                -122.844339526095,
                49.1818491337395
              ],
              [
                -122.844583334234,
                49.1818534236423
              ],
              [
                -122.844826702906,
                49.1818429214076
              ],
              [
                -122.845067548617,
                49.1818177177945
              ],
              [
                -122.845133599064,
                49.1818529664578
              ],
              [
                -122.845126894082,
                49.1821833372891
              ],
              [
                -122.845117833108,
                49.1826297249824
              ],
              [
                -122.845012509727,
                49.1826688681156
              ],
              [
                -122.844592448377,
                49.1825089863367
              ],
              [
                -122.844626886456,
                49.182470107156
              ]
            ]
          ],
          [
            [
              [
                -122.844080539259,
                49.180725217212
              ],
              [
                -122.845115467722,
                49.1807209040765
              ],
              [
                -122.845183133963,
                49.1807655721055
              ],
              [
                -122.845167523474,
                49.1815346543711
              ],
              [
                -122.845100402999,
                49.1815913321397
              ],
              [
                -122.844900888148,
                49.1816184956487
              ],
              [
                -122.84469849637,
                49.1816340095808
              ],
              [
                -122.844494803459,
                49.1816377528066
              ],
              [
                -122.844291404132,
                49.1816296977846
              ],
              [
                -122.844089881852,
                49.1816099051236
              ],
              [
                -122.843891810172,
                49.1815785298813
              ],
              [
                -122.84369873628,
                49.1815358179425
              ],
              [
                -122.843512167281,
                49.1814821015031
              ],
              [
                -122.843506254183,
                49.1814691554967
              ],
              [
                -122.843498687792,
                49.1814565850537
              ],
              [
                -122.843489522712,
                49.1814444802013
              ],
              [
                -122.843478823161,
                49.1814329282807
              ],
              [
                -122.843466668461,
                49.1814220139554
              ],
              [
                -122.843453144817,
                49.181411813802
              ],
              [
                -122.843438350791,
                49.181402402615
              ],
              [
                -122.843422391828,
                49.1813938480019
              ],
              [
                -122.84340538437,
                49.1813862112885
              ],
              [
                -122.843387448992,
                49.1813795484087
              ],
              [
                -122.843368717275,
                49.1813739063166
              ],
              [
                -122.843349322192,
                49.1813693256709
              ],
              [
                -122.843329404968,
                49.1813658408454
              ],
              [
                -122.843309109603,
                49.1813634763224
              ],
              [
                -122.84328858013,
                49.1813622466898
              ],
              [
                -122.843267964703,
                49.181362164742
              ],
              [
                -122.843242684511,
                49.1813366763238
              ],
              [
                -122.843220961262,
                49.1813098146429
              ],
              [
                -122.843202965801,
                49.1812817931226
              ],
              [
                -122.8431888415,
                49.1812528341444
              ],
              [
                -122.843178701517,
                49.1812231672444
              ],
              [
                -122.843172623322,
                49.1811930264075
              ],
              [
                -122.843170655551,
                49.181162650077
              ],
              [
                -122.843171753816,
                49.1808150842893
              ],
              [
                -122.843240023785,
                49.180764973992
              ],
              [
                -122.843306080591,
                49.1807599767723
              ],
              [
                -122.843321765464,
                49.1807587890789
              ],
              [
                -122.843433791904,
                49.1807509621408
              ],
              [
                -122.843545937994,
                49.1807439088552
              ],
              [
                -122.843658191385,
                49.1807376301046
              ],
              [
                -122.84367773975,
                49.1807366050114
              ],
              [
                -122.843811852057,
                49.1807306534428
              ],
              [
                -122.843946145543,
                49.180726856347
              ],
              [
                -122.844080539259,
                49.180725217212
              ]
            ]
          ]
        ]
      },
      "properties": {
        "OBJECTID": 745,
        "PROJECT_NO": "20-0083-00",
        "DESCRIPTION": "Development Permit to permit an updated comprehensive sign design package for a stand-alone 2 storey restaurant  single - storey retail podium  2 residential towers (40-storey and 29-storey) and a 15-storey office building in the City Centre.",
        "STATUS": "Concluded",
        "WEBLINK": "https://citizenportal.surrey.ca/citizenportal/integration/publicProjectForward.html?year=20 seq=0083",
        "source_dataset": "Development Applications",
        "source_url": "https://services5.arcgis.com/YRpe0VKTJytZSSIB/arcgis/rest/services/Development%20Applications/FeatureServer/0",
        "retrieved_at": "2026-10-06T20:03:04.899858+00:00",
        "licence": "Contains information licensed under the Open Government License – City of Surrey.",
        "licence_url": "https://opendata-surrey.hub.arcgis.com/pages/55089a19491a4fe59a41e059fd8af708",
        "source_sha256": "7dd44fc28b8f521f582d52527a18a64baed338509036006dc0ca9c8144ef862b"
      }
    },
    {
      "type": "Feature",
      "id": "760",
      "geometry": {
        "type": "Polygon",
        "coordinates": [
          [
            [
              -122.848564256897,
              49.1881547410219
            ],
            [
              -122.849783448516,
              49.1885653632914
            ],
            [
              -122.849819488951,
              49.188627838624
            ],
            [
              -122.849796713696,
              49.1886701769912
            ],
            [
              -122.849775998083,
              49.1887130586518
            ],
            [
              -122.849757475786,
              49.1887563020751
            ],
            [
              -122.849722160695,
              49.1888603329468
            ],
            [
              -122.849699193963,
              49.1889658191285
            ],
            [
              -122.849688714538,
              49.1890722219884
            ],
            [
              -122.847870071917,
              49.1890539064391
            ],
            [
              -122.847878760405,
              49.1886855538989
            ],
            [
              -122.847820721861,
              49.1884601418201
            ],
            [
              -122.847821049248,
              49.188044643615
            ],
            [
              -122.847888823378,
              49.1880066826644
            ],
            [
              -122.848121195999,
              49.1880409935147
            ],
            [
              -122.848347208237,
              49.1880904967484
            ],
            [
              -122.848564256897,
              49.1881547410219
            ]
          ]
        ]
      },
      "properties": {
        "OBJECTID": 760,
        "PROJECT_NO": "20-0104-00",
        "DESCRIPTION": "Rezoning from CD By-law No. 13882 to CD; to permit subdivision into 4 lots including conveyance of one lot for the future\r\n102A Avenue.",
        "STATUS": "Concluded",
        "WEBLINK": "https://citizenportal.surrey.ca/citizenportal/integration/publicProjectForward.html?year=20 seq=0104",
        "source_dataset": "Development Applications",
        "source_url": "https://services5.arcgis.com/YRpe0VKTJytZSSIB/arcgis/rest/services/Development%20Applications/FeatureServer/0",
        "retrieved_at": "2026-10-06T20:03:04.899858+00:00",
        "licence": "Contains information licensed under the Open Government License – City of Surrey.",
        "licence_url": "https://opendata-surrey.hub.arcgis.com/pages/55089a19491a4fe59a41e059fd8af708",
        "source_sha256": "7dd44fc28b8f521f582d52527a18a64baed338509036006dc0ca9c8144ef862b"
      }
    },
    {
      "type": "Feature",
      "id": "789",
      "geometry": {
        "type": "Polygon",
        "coordinates": [
          [
            [
              -122.857180002406,
              49.1843203690987
            ],
            [
              -122.856692031647,
              49.1843185025789
            ],
            [
              -122.856678609476,
              49.1843094905907
            ],
            [
              -122.856692155504,
              49.1839458261031
            ],
            [
              -122.857193980959,
              49.1839477070576
            ],
            [
              -122.857180002406,
              49.1843203690987
            ]
          ]
        ]
      },
      "properties": {
        "OBJECTID": 789,
        "PROJECT_NO": "16-0041-00",
        "DESCRIPTION": "Rezoning from RF to RF-12 to allow subdivision into three single family small lots.",
        "STATUS": "Concluded",
        "WEBLINK": "https://citizenportal.surrey.ca/citizenportal/integration/publicProjectForward.html?year=16 seq=0041",
        "source_dataset": "Development Applications",
        "source_url": "https://services5.arcgis.com/YRpe0VKTJytZSSIB/arcgis/rest/services/Development%20Applications/FeatureServer/0",
        "retrieved_at": "2026-10-06T20:03:04.899858+00:00",
        "licence": "Contains information licensed under the Open Government License – City of Surrey.",
        "licence_url": "https://opendata-surrey.hub.arcgis.com/pages/55089a19491a4fe59a41e059fd8af708",
        "source_sha256": "7dd44fc28b8f521f582d52527a18a64baed338509036006dc0ca9c8144ef862b"
      }
    },
    {
      "type": "Feature",
      "id": "827",
      "geometry": {
        "type": "Polygon",
        "coordinates": [
          [
            [
              -122.852206641141,
              49.1903853319651
            ],
            [
              -122.852210463378,
              49.190216696135
            ],
            [
              -122.852226538521,
              49.189493282172
            ],
            [
              -122.852825366575,
              49.1894952575876
            ],
            [
              -122.852823021351,
              49.1895863277606
            ],
            [
              -122.852812066498,
              49.1900129638139
            ],
            [
              -122.852806912463,
              49.1902190239142
            ],
            [
              -122.852628148871,
              49.1902183263921
            ],
            [
              -122.852628123501,
              49.1902194750625
            ],
            [
              -122.852624378322,
              49.1903866726522
            ],
            [
              -122.852206641141,
              49.1903853319651
            ]
          ]
        ]
      },
      "properties": {
        "OBJECTID": 827,
        "PROJECT_NO": "17-0011-00",
        "DESCRIPTION": "Rezoning from RF to CD (based upon RM-135 and C-5); Development Permit to allow the development of a 44-storey with 13-storey podium rental apartment building with ground floor retail.",
        "STATUS": "Closed",
        "WEBLINK": "https://citizenportal.surrey.ca/citizenportal/integration/publicProjectForward.html?year=17 seq=0011",
        "source_dataset": "Development Applications",
        "source_url": "https://services5.arcgis.com/YRpe0VKTJytZSSIB/arcgis/rest/services/Development%20Applications/FeatureServer/0",
        "retrieved_at": "2026-10-06T20:03:04.899858+00:00",
        "licence": "Contains information licensed under the Open Government License – City of Surrey.",
        "licence_url": "https://opendata-surrey.hub.arcgis.com/pages/55089a19491a4fe59a41e059fd8af708",
        "source_sha256": "7dd44fc28b8f521f582d52527a18a64baed338509036006dc0ca9c8144ef862b"
      }
    },
    {
      "type": "Feature",
      "id": "836",
      "geometry": {
        "type": "Polygon",
        "coordinates": [
          [
            [
              -122.842053627472,
              49.1901519369216
            ],
            [
              -122.843198470207,
              49.1901623267116
            ],
            [
              -122.84319754424,
              49.1908834976224
            ],
            [
              -122.842625251499,
              49.1908779454067
            ],
            [
              -122.842625088491,
              49.1910574072704
            ],
            [
              -122.842340999949,
              49.1910545874819
            ],
            [
              -122.842052795477,
              49.1910517613659
            ],
            [
              -122.842053627472,
              49.1901519369216
            ]
          ]
        ]
      },
      "properties": {
        "OBJECTID": 836,
        "PROJECT_NO": "18-0141-00",
        "DESCRIPTION": "City Centre Plan Amendment a portion from Mid to High Rise Residential 3.5 FAR to Mixed-Use 3.5 FAR; Rezoning a portion from C-35 to CD and a portion from C-35 to CHI; Development Permit / Development Variance Permit to permit the development of a 36-storey mixed-use building in City Centre.",
        "STATUS": "Concluded",
        "WEBLINK": "https://citizenportal.surrey.ca/citizenportal/integration/publicProjectForward.html?year=18 seq=0141",
        "source_dataset": "Development Applications",
        "source_url": "https://services5.arcgis.com/YRpe0VKTJytZSSIB/arcgis/rest/services/Development%20Applications/FeatureServer/0",
        "retrieved_at": "2026-10-06T20:03:04.899858+00:00",
        "licence": "Contains information licensed under the Open Government License – City of Surrey.",
        "licence_url": "https://opendata-surrey.hub.arcgis.com/pages/55089a19491a4fe59a41e059fd8af708",
        "source_sha256": "7dd44fc28b8f521f582d52527a18a64baed338509036006dc0ca9c8144ef862b"
      }
    },
    {
      "type": "Feature",
      "id": "859",
      "geometry": {
        "type": "Polygon",
        "coordinates": [
          [
            [
              -122.84345175762,
              49.1788381319062
            ],
            [
              -122.843953407141,
              49.178835757807
            ],
            [
              -122.843944517025,
              49.1789999107768
            ],
            [
              -122.843935489919,
              49.1791639736028
            ],
            [
              -122.843433974288,
              49.1791663487062
            ],
            [
              -122.843442866125,
              49.1790021957822
            ],
            [
              -122.84345175762,
              49.1788381319062
            ]
          ]
        ]
      },
      "properties": {
        "OBJECTID": 859,
        "PROJECT_NO": "18-0180-00",
        "DESCRIPTION": "OCP Amendment of Figure 16: Central Business District Densities from 3.5 FAR to 5.5 FA; NCP Amendment from Mixed-Use 3.5 FAR to Mixed-Use 5.5 FAR; Rezoning from C-5 and RF to CD; Development Permit to permit the development of a 13-storey office building with ground floor commercial retail space.",
        "STATUS": "Closed",
        "WEBLINK": "https://citizenportal.surrey.ca/citizenportal/integration/publicProjectForward.html?year=18 seq=0180",
        "source_dataset": "Development Applications",
        "source_url": "https://services5.arcgis.com/YRpe0VKTJytZSSIB/arcgis/rest/services/Development%20Applications/FeatureServer/0",
        "retrieved_at": "2026-10-06T20:03:04.899858+00:00",
        "licence": "Contains information licensed under the Open Government License – City of Surrey.",
        "licence_url": "https://opendata-surrey.hub.arcgis.com/pages/55089a19491a4fe59a41e059fd8af708",
        "source_sha256": "7dd44fc28b8f521f582d52527a18a64baed338509036006dc0ca9c8144ef862b"
      }
    },
    {
      "type": "Feature",
      "id": "889",
      "geometry": {
        "type": "Polygon",
        "coordinates": [
          [
            [
              -122.846864220648,
              49.1816106873801
            ],
            [
              -122.847137975948,
              49.181609611695
            ],
            [
              -122.847142381577,
              49.1820031644105
            ],
            [
              -122.847069653824,
              49.1820035169948
            ],
            [
              -122.847073852113,
              49.1823755714584
            ],
            [
              -122.847079963652,
              49.1829269936155
            ],
            [
              -122.845699349045,
              49.1829329715369
            ],
            [
              -122.845737491742,
              49.1821890182757
            ],
            [
              -122.845776475163,
              49.1820091645116
            ],
            [
              -122.845795956963,
              49.1816150148643
            ],
            [
              -122.846316709747,
              49.181612924058
            ],
            [
              -122.846590465065,
              49.1816118505702
            ],
            [
              -122.846864220648,
              49.1816106873801
            ]
          ]
        ]
      },
      "properties": {
        "OBJECTID": 889,
        "PROJECT_NO": "20-0149-00",
        "DESCRIPTION": "Development Permit to permit the development of Phase 1 of a mixed-use project  consisting of one mixed-use purpose-built rental residential tower (19 storey) and one mid-rise  mixed-use office building (11 storey).",
        "STATUS": "Concluded",
        "WEBLINK": "https://citizenportal.surrey.ca/citizenportal/integration/publicProjectForward.html?year=20 seq=0149",
        "source_dataset": "Development Applications",
        "source_url": "https://services5.arcgis.com/YRpe0VKTJytZSSIB/arcgis/rest/services/Development%20Applications/FeatureServer/0",
        "retrieved_at": "2026-10-06T20:03:04.899858+00:00",
        "licence": "Contains information licensed under the Open Government License – City of Surrey.",
        "licence_url": "https://opendata-surrey.hub.arcgis.com/pages/55089a19491a4fe59a41e059fd8af708",
        "source_sha256": "7dd44fc28b8f521f582d52527a18a64baed338509036006dc0ca9c8144ef862b"
      }
    },
    {
      "type": "Feature",
      "id": "974",
      "geometry": {
        "type": "Polygon",
        "coordinates": [
          [
            [
              -122.843478570885,
              49.178345763226
            ],
            [
              -122.843980214057,
              49.1783433890032
            ],
            [
              -122.843971186912,
              49.178507541804
            ],
            [
              -122.843962296915,
              49.1786716947847
            ],
            [
              -122.843953407141,
              49.178835757807
            ],
            [
              -122.84345175762,
              49.1788381319062
            ],
            [
              -122.843460786546,
              49.1786739791573
            ],
            [
              -122.843469677918,
              49.17850991617
            ],
            [
              -122.843478570885,
              49.178345763226
            ]
          ]
        ]
      },
      "properties": {
        "OBJECTID": 974,
        "PROJECT_NO": "18-0210-00",
        "DESCRIPTION": "Development Permit / Development Variance Permit to permit the development of a five-storey transitional housing building in City Centre.\r\n",
        "STATUS": "Concluded",
        "WEBLINK": "https://citizenportal.surrey.ca/citizenportal/integration/publicProjectForward.html?year=18 seq=0210",
        "source_dataset": "Development Applications",
        "source_url": "https://services5.arcgis.com/YRpe0VKTJytZSSIB/arcgis/rest/services/Development%20Applications/FeatureServer/0",
        "retrieved_at": "2026-10-06T20:03:04.899858+00:00",
        "licence": "Contains information licensed under the Open Government License – City of Surrey.",
        "licence_url": "https://opendata-surrey.hub.arcgis.com/pages/55089a19491a4fe59a41e059fd8af708",
        "source_sha256": "7dd44fc28b8f521f582d52527a18a64baed338509036006dc0ca9c8144ef862b"
      }
    },
    {
      "type": "Feature",
      "id": "979",
      "geometry": {
        "type": "Polygon",
        "coordinates": [
          [
            [
              -122.846864220648,
              49.1816106873801
            ],
            [
              -122.847137975948,
              49.181609611695
            ],
            [
              -122.847142381577,
              49.1820031644105
            ],
            [
              -122.847069653824,
              49.1820035169948
            ],
            [
              -122.847073852113,
              49.1823755714584
            ],
            [
              -122.847079963652,
              49.1829269936155
            ],
            [
              -122.845699349045,
              49.1829329715369
            ],
            [
              -122.845737491742,
              49.1821890182757
            ],
            [
              -122.845776475163,
              49.1820091645116
            ],
            [
              -122.845795956963,
              49.1816150148643
            ],
            [
              -122.846316709747,
              49.181612924058
            ],
            [
              -122.846590465065,
              49.1816118505702
            ],
            [
              -122.846864220648,
              49.1816106873801
            ]
          ]
        ]
      },
      "properties": {
        "OBJECTID": 979,
        "PROJECT_NO": "18-0217-00",
        "DESCRIPTION": "City Centre Plan Amendment of a portion from High Rise Residential 5.5 FAR to Mixed Use 5.5 FAR and to amend the road network on the subject site. Rezoning from C-35 to CD/ Development Permit to permit the development of a mixed-use project including 2 market residential towers  1 rental tower  1 office building and ground-level commercial in multiple phases.",
        "STATUS": "Concluded",
        "WEBLINK": "https://citizenportal.surrey.ca/citizenportal/integration/publicProjectForward.html?year=18 seq=0217",
        "source_dataset": "Development Applications",
        "source_url": "https://services5.arcgis.com/YRpe0VKTJytZSSIB/arcgis/rest/services/Development%20Applications/FeatureServer/0",
        "retrieved_at": "2026-10-06T20:03:04.899858+00:00",
        "licence": "Contains information licensed under the Open Government License – City of Surrey.",
        "licence_url": "https://opendata-surrey.hub.arcgis.com/pages/55089a19491a4fe59a41e059fd8af708",
        "source_sha256": "7dd44fc28b8f521f582d52527a18a64baed338509036006dc0ca9c8144ef862b"
      }
    },
    {
      "type": "Feature",
      "id": "1029",
      "geometry": {
        "type": "Polygon",
        "coordinates": [
          [
            [
              -122.843112031126,
              49.1873630887074
            ],
            [
              -122.841343686132,
              49.1873458891793
            ],
            [
              -122.841361289907,
              49.1861888369454
            ],
            [
              -122.843111054727,
              49.186209607316
            ],
            [
              -122.843112031126,
              49.1873630887074
            ]
          ]
        ]
      },
      "properties": {
        "OBJECTID": 1029,
        "PROJECT_NO": "16-0098-00",
        "DESCRIPTION": "Terminate Land Use Contract No. 400 to permit the underlying RM-45 Zone to come into effect.\r\n",
        "STATUS": "Concluded",
        "WEBLINK": "https://citizenportal.surrey.ca/citizenportal/integration/publicProjectForward.html?year=16 seq=0098",
        "source_dataset": "Development Applications",
        "source_url": "https://services5.arcgis.com/YRpe0VKTJytZSSIB/arcgis/rest/services/Development%20Applications/FeatureServer/0",
        "retrieved_at": "2026-10-06T20:03:04.899858+00:00",
        "licence": "Contains information licensed under the Open Government License – City of Surrey.",
        "licence_url": "https://opendata-surrey.hub.arcgis.com/pages/55089a19491a4fe59a41e059fd8af708",
        "source_sha256": "7dd44fc28b8f521f582d52527a18a64baed338509036006dc0ca9c8144ef862b"
      }
    },
    {
      "type": "Feature",
      "id": "1061",
      "geometry": {
        "type": "Polygon",
        "coordinates": [
          [
            [
              -122.845411076218,
              49.1883788315962
            ],
            [
              -122.845415283875,
              49.1880885562319
            ],
            [
              -122.845419080254,
              49.1878421775004
            ],
            [
              -122.845419220852,
              49.1878410982493
            ],
            [
              -122.845421142152,
              49.1878411008208
            ],
            [
              -122.846701680689,
              49.1878453425167
            ],
            [
              -122.846700965813,
              49.1879425819555
            ],
            [
              -122.846697639271,
              49.1883920785212
            ],
            [
              -122.846377329819,
              49.1883909287828
            ],
            [
              -122.846361958953,
              49.1888293450327
            ],
            [
              -122.845651068928,
              49.1888267681104
            ],
            [
              -122.845412812663,
              49.1888297741237
            ],
            [
              -122.845409381702,
              49.1888297695313
            ],
            [
              -122.845411076218,
              49.1883788315962
            ]
          ]
        ]
      },
      "properties": {
        "OBJECTID": 1061,
        "PROJECT_NO": "17-0059-00",
        "DESCRIPTION": "Terminate Land Use Contract No. 313 to permit the existing underlying C-8 Zone to come into effect.",
        "STATUS": "Concluded",
        "WEBLINK": "https://citizenportal.surrey.ca/citizenportal/integration/publicProjectForward.html?year=17 seq=0059",
        "source_dataset": "Development Applications",
        "source_url": "https://services5.arcgis.com/YRpe0VKTJytZSSIB/arcgis/rest/services/Development%20Applications/FeatureServer/0",
        "retrieved_at": "2026-10-06T20:03:04.899858+00:00",
        "licence": "Contains information licensed under the Open Government License – City of Surrey.",
        "licence_url": "https://opendata-surrey.hub.arcgis.com/pages/55089a19491a4fe59a41e059fd8af708",
        "source_sha256": "7dd44fc28b8f521f582d52527a18a64baed338509036006dc0ca9c8144ef862b"
      }
    },
    {
      "type": "Feature",
      "id": "1062",
      "geometry": {
        "type": "Polygon",
        "coordinates": [
          [
            [
              -122.841203189758,
              49.1878873047917
            ],
            [
              -122.841204992785,
              49.1877969033276
            ],
            [
              -122.841793301938,
              49.1878025852849
            ],
            [
              -122.841820474007,
              49.1878028024097
            ],
            [
              -122.842062824056,
              49.1878052066032
            ],
            [
              -122.842414684179,
              49.1878085711411
            ],
            [
              -122.84315696802,
              49.1878157082914
            ],
            [
              -122.843165613295,
              49.1878158999382
            ],
            [
              -122.843249872311,
              49.1878167357532
            ],
            [
              -122.84324971019,
              49.1879966438819
            ],
            [
              -122.843249977558,
              49.1879988930767
            ],
            [
              -122.843249943913,
              49.1881811392597
            ],
            [
              -122.843227013766,
              49.188270791546
            ],
            [
              -122.843204220535,
              49.1883600850989
            ],
            [
              -122.843180224195,
              49.1883966634983
            ],
            [
              -122.843156366429,
              49.1884332420807
            ],
            [
              -122.843004971778,
              49.1885687740611
            ],
            [
              -122.842626496552,
              49.1888169770358
            ],
            [
              -122.842160414768,
              49.1891225418961
            ],
            [
              -122.841972613906,
              49.1893110097126
            ],
            [
              -122.841915568048,
              49.1895101825951
            ],
            [
              -122.841915508781,
              49.1896993586946
            ],
            [
              -122.841204902075,
              49.1896923353946
            ],
            [
              -122.841204370716,
              49.1896019289503
            ],
            [
              -122.841203189758,
              49.1878873047917
            ]
          ]
        ]
      },
      "properties": {
        "OBJECTID": 1062,
        "PROJECT_NO": "17-0060-00",
        "DESCRIPTION": "Terminate Land Use Contract No. 1 to permit the existing underlying C-8 Zone to come into effect.",
        "STATUS": "Concluded",
        "WEBLINK": "https://citizenportal.surrey.ca/citizenportal/integration/publicProjectForward.html?year=17 seq=0060",
        "source_dataset": "Development Applications",
        "source_url": "https://services5.arcgis.com/YRpe0VKTJytZSSIB/arcgis/rest/services/Development%20Applications/FeatureServer/0",
        "retrieved_at": "2026-10-06T20:03:04.899858+00:00",
        "licence": "Contains information licensed under the Open Government License – City of Surrey.",
        "licence_url": "https://opendata-surrey.hub.arcgis.com/pages/55089a19491a4fe59a41e059fd8af708",
        "source_sha256": "7dd44fc28b8f521f582d52527a18a64baed338509036006dc0ca9c8144ef862b"
      }
    },
    {
      "type": "Feature",
      "id": "1071",
      "geometry": {
        "type": "Polygon",
        "coordinates": [
          [
            [
              -122.843179652497,
              49.1777905807317
            ],
            [
              -122.843158488413,
              49.1781834595784
            ],
            [
              -122.843156914284,
              49.1782126590215
            ],
            [
              -122.843114316818,
              49.1782398048771
            ],
            [
              -122.842707544487,
              49.1782416560268
            ],
            [
              -122.842274125613,
              49.1782436267729
            ],
            [
              -122.842234432229,
              49.1782168554876
            ],
            [
              -122.842236006938,
              49.1781876443637
            ],
            [
              -122.842257450061,
              49.1777895649575
            ],
            [
              -122.843179652497,
              49.1777905807317
            ]
          ]
        ]
      },
      "properties": {
        "OBJECTID": 1071,
        "PROJECT_NO": "17-0071-00",
        "DESCRIPTION": "Development Permit to permit one (1) additional fascia sign to be located above the first storey on the west elevation of a commercial building as part of a comprehensive sign design package.",
        "STATUS": "Concluded",
        "WEBLINK": "https://citizenportal.surrey.ca/citizenportal/integration/publicProjectForward.html?year=17 seq=0071",
        "source_dataset": "Development Applications",
        "source_url": "https://services5.arcgis.com/YRpe0VKTJytZSSIB/arcgis/rest/services/Development%20Applications/FeatureServer/0",
        "retrieved_at": "2026-10-06T20:03:04.899858+00:00",
        "licence": "Contains information licensed under the Open Government License – City of Surrey.",
        "licence_url": "https://opendata-surrey.hub.arcgis.com/pages/55089a19491a4fe59a41e059fd8af708",
        "source_sha256": "7dd44fc28b8f521f582d52527a18a64baed338509036006dc0ca9c8144ef862b"
      }
    },
    {
      "type": "Feature",
      "id": "1093",
      "geometry": {
        "type": "Polygon",
        "coordinates": [
          [
            [
              -122.852210463378,
              49.190216696135
            ],
            [
              -122.852211062499,
              49.190189723525
            ],
            [
              -122.852226564231,
              49.1894938660015
            ],
            [
              -122.852824995157,
              49.1894960127216
            ],
            [
              -122.852822735888,
              49.1895863282963
            ],
            [
              -122.852812066498,
              49.1900129638139
            ],
            [
              -122.852806912463,
              49.1902190239142
            ],
            [
              -122.852628148871,
              49.1902183263921
            ],
            [
              -122.852628123501,
              49.1902194750625
            ],
            [
              -122.852210463378,
              49.190216696135
            ]
          ]
        ]
      },
      "properties": {
        "OBJECTID": 1093,
        "PROJECT_NO": "18-0244-00",
        "DESCRIPTION": "Rezoning from RF to CD (based on RM-135 and C5) / Development Permit to permit the development of a 44-storey mixed-use apartment building with 13-storey podium and ground-floor retail.",
        "STATUS": "Concluded",
        "WEBLINK": "https://citizenportal.surrey.ca/citizenportal/integration/publicProjectForward.html?year=18 seq=0244",
        "source_dataset": "Development Applications",
        "source_url": "https://services5.arcgis.com/YRpe0VKTJytZSSIB/arcgis/rest/services/Development%20Applications/FeatureServer/0",
        "retrieved_at": "2026-10-06T20:03:04.899858+00:00",
        "licence": "Contains information licensed under the Open Government License – City of Surrey.",
        "licence_url": "https://opendata-surrey.hub.arcgis.com/pages/55089a19491a4fe59a41e059fd8af708",
        "source_sha256": "7dd44fc28b8f521f582d52527a18a64baed338509036006dc0ca9c8144ef862b"
      }
    },
    {
      "type": "Feature",
      "id": "1109",
      "geometry": {
        "type": "Polygon",
        "coordinates": [
          [
            [
              -122.844289646792,
              49.1777277182898
            ],
            [
              -122.845416278812,
              49.1777230304416
            ],
            [
              -122.845427477626,
              49.1779147361934
            ],
            [
              -122.84541724537,
              49.1781145090619
            ],
            [
              -122.845389371108,
              49.1782515607687
            ],
            [
              -122.844260808058,
              49.1782565156143
            ],
            [
              -122.844279161786,
              49.1779195748229
            ],
            [
              -122.844289646792,
              49.1777277182898
            ]
          ]
        ]
      },
      "properties": {
        "OBJECTID": 1109,
        "PROJECT_NO": "18-0276-00",
        "DESCRIPTION": "OCP Amendment of Central Business District Densities from 3.5 FAR to 5.5 FAR City Centre Plan Amendment from Mixed Use 3.5 FAR to Mixed Use 5.5 FAR / Rezoning from CHI to CD / Development Permit /Housing Agreement to allow for additional density and building height  and reduced parking  and to designate all residential dwelling units within the proposed development as rental units  within a previously supported mixed-use high density residential and commercial development  including the preservation of the North Surrey Medical Building.",
        "STATUS": "Concluded",
        "WEBLINK": "https://citizenportal.surrey.ca/citizenportal/integration/publicProjectForward.html?year=18 seq=0276",
        "source_dataset": "Development Applications",
        "source_url": "https://services5.arcgis.com/YRpe0VKTJytZSSIB/arcgis/rest/services/Development%20Applications/FeatureServer/0",
        "retrieved_at": "2026-10-06T20:03:04.899858+00:00",
        "licence": "Contains information licensed under the Open Government License – City of Surrey.",
        "licence_url": "https://opendata-surrey.hub.arcgis.com/pages/55089a19491a4fe59a41e059fd8af708",
        "source_sha256": "7dd44fc28b8f521f582d52527a18a64baed338509036006dc0ca9c8144ef862b"
      }
    },
    {
      "type": "Feature",
      "id": "1119",
      "geometry": {
        "type": "Polygon",
        "coordinates": [
          [
            [
              -122.843112031126,
              49.1873630887074
            ],
            [
              -122.841343686132,
              49.1873458891793
            ],
            [
              -122.841361289907,
              49.1861888369454
            ],
            [
              -122.843111054727,
              49.186209607316
            ],
            [
              -122.843112031126,
              49.1873630887074
            ]
          ]
        ]
      },
      "properties": {
        "OBJECTID": 1119,
        "PROJECT_NO": "18-0289-00",
        "DESCRIPTION": "OCP Amendment of Figure 16: Central Business District Densities from 3.5 FAR to 5.5 FAR; CCP Amendment from Residential Mid to High Rise 3.5 FAR to Mixed-Use 5.5 FAR; Subdivision from one (1) lot to three (3) lots  Rezoning from RM-45 to CD (based on RM-135 and C-8) Development Permit  and Housing Agreement to permit the development of a mixed-use project  consisting of three high-rise residential towers (23-storey  32-storey and 39-storey)  two 13-storey mid-rise market rental residential towers  one 6-storey apartment building and ground-level retail/commercial space including a café and daycare.",
        "STATUS": "Conditional Approval",
        "WEBLINK": "https://citizenportal.surrey.ca/citizenportal/integration/publicProjectForward.html?year=18 seq=0289",
        "source_dataset": "Development Applications",
        "source_url": "https://services5.arcgis.com/YRpe0VKTJytZSSIB/arcgis/rest/services/Development%20Applications/FeatureServer/0",
        "retrieved_at": "2026-10-06T20:03:04.899858+00:00",
        "licence": "Contains information licensed under the Open Government License – City of Surrey.",
        "licence_url": "https://opendata-surrey.hub.arcgis.com/pages/55089a19491a4fe59a41e059fd8af708",
        "source_sha256": "7dd44fc28b8f521f582d52527a18a64baed338509036006dc0ca9c8144ef862b"
      }
    },
    {
      "type": "Feature",
      "id": "1142",
      "geometry": {
        "type": "Polygon",
        "coordinates": [
          [
            [
              -122.848456859314,
              49.1900086896223
            ],
            [
              -122.848224910745,
              49.1899793760224
            ],
            [
              -122.847847727899,
              49.1899789786843
            ],
            [
              -122.847855089918,
              49.1896830296234
            ],
            [
              -122.848091686732,
              49.1896854126835
            ],
            [
              -122.848093270931,
              49.1896162389229
            ],
            [
              -122.848036730276,
              49.1896153540635
            ],
            [
              -122.848005640585,
              49.1895944439994
            ],
            [
              -122.848010767165,
              49.1893567906683
            ],
            [
              -122.848025631776,
              49.1893433172417
            ],
            [
              -122.848003157232,
              49.1893325823297
            ],
            [
              -122.847968749978,
              49.1893638416728
            ],
            [
              -122.847862942965,
              49.1893620813865
            ],
            [
              -122.847870179176,
              49.1890538373164
            ],
            [
              -122.847873460077,
              49.1889147909966
            ],
            [
              -122.847943111981,
              49.1888699285804
            ],
            [
              -122.848125276958,
              49.1888701682728
            ],
            [
              -122.848152667814,
              49.1888703967887
            ],
            [
              -122.848180045134,
              49.1888710120794
            ],
            [
              -122.848207395203,
              49.1888720123277
            ],
            [
              -122.848253248611,
              49.1888745588917
            ],
            [
              -122.848298928532,
              49.1888781900458
            ],
            [
              -122.848344381464,
              49.1888828994234
            ],
            [
              -122.84839122201,
              49.1888889176255
            ],
            [
              -122.849536969146,
              49.1890507819357
            ],
            [
              -122.849561272414,
              49.1890708614766
            ],
            [
              -122.849688850721,
              49.1890721178198
            ],
            [
              -122.84968844072,
              49.1890846882533
            ],
            [
              -122.849687429684,
              49.189123508962
            ],
            [
              -122.849663783988,
              49.1900255338225
            ],
            [
              -122.84962546697,
              49.1900500978441
            ],
            [
              -122.848705265356,
              49.1900396497712
            ],
            [
              -122.848456859314,
              49.1900086896223
            ]
          ]
        ]
      },
      "properties": {
        "OBJECTID": 1142,
        "PROJECT_NO": "20-0233-00",
        "DESCRIPTION": "Consolidation from two (2) to one (1) lot  Rezoning from CD Bylaw No. 13882 to CD (based on C-35); General Development Permit to permit the development of two high rise office towers  ground-oriented commercial retail units and a public plaza in multiple phases.",
        "STATUS": "Concluded",
        "WEBLINK": "https://citizenportal.surrey.ca/citizenportal/integration/publicProjectForward.html?year=20 seq=0233",
        "source_dataset": "Development Applications",
        "source_url": "https://services5.arcgis.com/YRpe0VKTJytZSSIB/arcgis/rest/services/Development%20Applications/FeatureServer/0",
        "retrieved_at": "2026-10-06T20:03:04.899858+00:00",
        "licence": "Contains information licensed under the Open Government License – City of Surrey.",
        "licence_url": "https://opendata-surrey.hub.arcgis.com/pages/55089a19491a4fe59a41e059fd8af708",
        "source_sha256": "7dd44fc28b8f521f582d52527a18a64baed338509036006dc0ca9c8144ef862b"
      }
    },
    {
      "type": "Feature",
      "id": "1189",
      "geometry": {
        "type": "Polygon",
        "coordinates": [
          [
            [
              -122.850485469487,
              49.1900457964925
            ],
            [
              -122.850104909555,
              49.1900455334858
            ],
            [
              -122.850034875474,
              49.1899985346552
            ],
            [
              -122.85004274707,
              49.1896954096521
            ],
            [
              -122.850290183619,
              49.1896963459393
            ],
            [
              -122.850565413996,
              49.1896973851263
            ],
            [
              -122.850840994342,
              49.1896984268081
            ],
            [
              -122.851034615066,
              49.1896991570553
            ],
            [
              -122.851030370606,
              49.1898800286576
            ],
            [
              -122.851025963885,
              49.1900678507313
            ],
            [
              -122.850974150836,
              49.1900938676266
            ],
            [
              -122.850968092457,
              49.190092661632
            ],
            [
              -122.850809796552,
              49.1900667828079
            ],
            [
              -122.850648412327,
              49.1900511112644
            ],
            [
              -122.850485469487,
              49.1900457964925
            ]
          ]
        ]
      },
      "properties": {
        "OBJECTID": 1189,
        "PROJECT_NO": "16-0179-00",
        "DESCRIPTION": "Development Permit; Development Variance Permit to vary the total area and setback requirements for temporary on-site real estate development marketing signage under the Sign By-law.\r\n",
        "STATUS": "Concluded",
        "WEBLINK": "https://citizenportal.surrey.ca/citizenportal/integration/publicProjectForward.html?year=16 seq=0179",
        "source_dataset": "Development Applications",
        "source_url": "https://services5.arcgis.com/YRpe0VKTJytZSSIB/arcgis/rest/services/Development%20Applications/FeatureServer/0",
        "retrieved_at": "2026-10-06T20:03:04.899858+00:00",
        "licence": "Contains information licensed under the Open Government License – City of Surrey.",
        "licence_url": "https://opendata-surrey.hub.arcgis.com/pages/55089a19491a4fe59a41e059fd8af708",
        "source_sha256": "7dd44fc28b8f521f582d52527a18a64baed338509036006dc0ca9c8144ef862b"
      }
    },
    {
      "type": "Feature",
      "id": "1218",
      "geometry": {
        "type": "Polygon",
        "coordinates": [
          [
            [
              -122.859505778398,
              49.1883960099304
            ],
            [
              -122.857828219796,
              49.1877564123831
            ],
            [
              -122.856668015104,
              49.1876192307577
            ],
            [
              -122.856681952671,
              49.1862731808466
            ],
            [
              -122.859535531345,
              49.1862785100641
            ],
            [
              -122.859514544328,
              49.187767625092
            ],
            [
              -122.859510060742,
              49.1880890109598
            ],
            [
              -122.859505968324,
              49.1883822491121
            ],
            [
              -122.859505778398,
              49.1883960099304
            ]
          ]
        ]
      },
      "properties": {
        "OBJECTID": 1218,
        "PROJECT_NO": "17-0139-00",
        "DESCRIPTION": "Development Variance Permit to vary the off-street parking requirement and waive the paving requirement for\r\nseven (7) proposed off-street parking spaces to permit the retention of three existing portable classrooms to the north of an existing elementary school (Old Yale Road Elementary School). ",
        "STATUS": "Concluded",
        "WEBLINK": "https://citizenportal.surrey.ca/citizenportal/integration/publicProjectForward.html?year=17 seq=0139",
        "source_dataset": "Development Applications",
        "source_url": "https://services5.arcgis.com/YRpe0VKTJytZSSIB/arcgis/rest/services/Development%20Applications/FeatureServer/0",
        "retrieved_at": "2026-10-06T20:03:04.899858+00:00",
        "licence": "Contains information licensed under the Open Government License – City of Surrey.",
        "licence_url": "https://opendata-surrey.hub.arcgis.com/pages/55089a19491a4fe59a41e059fd8af708",
        "source_sha256": "7dd44fc28b8f521f582d52527a18a64baed338509036006dc0ca9c8144ef862b"
      }
    },
    {
      "type": "Feature",
      "id": "1254",
      "geometry": {
        "type": "Polygon",
        "coordinates": [
          [
            [
              -122.845886258771,
              49.1806457087336
            ],
            [
              -122.847401969244,
              49.1806392739101
            ],
            [
              -122.847400953419,
              49.1806572632451
            ],
            [
              -122.847381540641,
              49.1810327938655
            ],
            [
              -122.847130155714,
              49.1810336289807
            ],
            [
              -122.846858463219,
              49.1810347064822
            ],
            [
              -122.846861901901,
              49.1814296072669
            ],
            [
              -122.845818615502,
              49.1814340598292
            ],
            [
              -122.845778905586,
              49.1814071998031
            ],
            [
              -122.845791311626,
              49.1811700093144
            ],
            [
              -122.845825203907,
              49.1810385436232
            ],
            [
              -122.845843773338,
              49.1806728179537
            ],
            [
              -122.845886258771,
              49.1806457087336
            ]
          ]
        ]
      },
      "properties": {
        "OBJECTID": 1254,
        "PROJECT_NO": "18-0346-00",
        "DESCRIPTION": "Development Variance Permit to replace the development drawings attached to Land Use Contract No. 420 and to reduce the number of required parking stalls in order to allow for additional rental residential units and renovations to the existing buildings.",
        "STATUS": "Concluded",
        "WEBLINK": "https://citizenportal.surrey.ca/citizenportal/integration/publicProjectForward.html?year=18 seq=0346",
        "source_dataset": "Development Applications",
        "source_url": "https://services5.arcgis.com/YRpe0VKTJytZSSIB/arcgis/rest/services/Development%20Applications/FeatureServer/0",
        "retrieved_at": "2026-10-06T20:03:04.899858+00:00",
        "licence": "Contains information licensed under the Open Government License – City of Surrey.",
        "licence_url": "https://opendata-surrey.hub.arcgis.com/pages/55089a19491a4fe59a41e059fd8af708",
        "source_sha256": "7dd44fc28b8f521f582d52527a18a64baed338509036006dc0ca9c8144ef862b"
      }
    },
    {
      "type": "Feature",
      "id": "1291",
      "geometry": {
        "type": "Polygon",
        "coordinates": [
          [
            [
              -122.847076144208,
              49.180066786139
            ],
            [
              -122.847350509432,
              49.1800653923253
            ],
            [
              -122.847355193666,
              49.1804589931815
            ],
            [
              -122.847080890349,
              49.1804600740511
            ],
            [
              -122.845970725029,
              49.1804644376079
            ],
            [
              -122.845813955351,
              49.1804650541862
            ],
            [
              -122.845819131885,
              49.1803623352248
            ],
            [
              -122.845833766578,
              49.1800718934547
            ],
            [
              -122.847076144208,
              49.180066786139
            ]
          ]
        ]
      },
      "properties": {
        "OBJECTID": 1291,
        "PROJECT_NO": "16-0183-00",
        "DESCRIPTION": "OCP Amendment of Figure 16: Central Business District Densities from 3.5 FAR to 5.5 FAR; City Centre Plan Amendment from Mixed-Use 3.5 FAR to Mixed-Use 5.5 FAR; Partial Discharge of Land Use Contract No. 420; Rezoning from RF and C-35 to CD (based on RM-135 and C-15); Development Permit to permit the development of a 30-storey high-rise mixed-use development  consisting of 181 residential dwelling units  112 hotel rooms  8 two-storey ground oriented townhouses and ground-level retail/commercial space.",
        "STATUS": "Concluded",
        "WEBLINK": "https://citizenportal.surrey.ca/citizenportal/integration/publicProjectForward.html?year=16 seq=0183",
        "source_dataset": "Development Applications",
        "source_url": "https://services5.arcgis.com/YRpe0VKTJytZSSIB/arcgis/rest/services/Development%20Applications/FeatureServer/0",
        "retrieved_at": "2026-10-06T20:03:04.899858+00:00",
        "licence": "Contains information licensed under the Open Government License – City of Surrey.",
        "licence_url": "https://opendata-surrey.hub.arcgis.com/pages/55089a19491a4fe59a41e059fd8af708",
        "source_sha256": "7dd44fc28b8f521f582d52527a18a64baed338509036006dc0ca9c8144ef862b"
      }
    },
    {
      "type": "Feature",
      "id": "1331",
      "geometry": {
        "type": "Polygon",
        "coordinates": [
          [
            [
              -122.847544388275,
              49.1883951882365
            ],
            [
              -122.847544536761,
              49.1888337150784
            ],
            [
              -122.846597871523,
              49.1888302019386
            ],
            [
              -122.846361960325,
              49.1888293450345
            ],
            [
              -122.846377329819,
              49.1883909287828
            ],
            [
              -122.846697639271,
              49.1883920785212
            ],
            [
              -122.847544388275,
              49.1883951882365
            ]
          ]
        ]
      },
      "properties": {
        "OBJECTID": 1331,
        "PROJECT_NO": "17-0159-00",
        "DESCRIPTION": "OCP   NCP Amendment; Rezoning from C-8 to CD; and Development Permit   to construct a new 50-storey mixed use building (consisting of commercial  college  dorm and hotel).",
        "STATUS": "Closed",
        "WEBLINK": "https://citizenportal.surrey.ca/citizenportal/integration/publicProjectForward.html?year=17 seq=0159",
        "source_dataset": "Development Applications",
        "source_url": "https://services5.arcgis.com/YRpe0VKTJytZSSIB/arcgis/rest/services/Development%20Applications/FeatureServer/0",
        "retrieved_at": "2026-10-06T20:03:04.899858+00:00",
        "licence": "Contains information licensed under the Open Government License – City of Surrey.",
        "licence_url": "https://opendata-surrey.hub.arcgis.com/pages/55089a19491a4fe59a41e059fd8af708",
        "source_sha256": "7dd44fc28b8f521f582d52527a18a64baed338509036006dc0ca9c8144ef862b"
      }
    },
    {
      "type": "Feature",
      "id": "1332",
      "geometry": {
        "type": "Polygon",
        "coordinates": [
          [
            [
              -122.847828711194,
              49.1908669098757
            ],
            [
              -122.84783334482,
              49.1906359259871
            ],
            [
              -122.847843790849,
              49.1901945446333
            ],
            [
              -122.848194607169,
              49.1901948470618
            ],
            [
              -122.848450496353,
              49.1902271902795
            ],
            [
              -122.848450411902,
              49.190254838195
            ],
            [
              -122.84843957387,
              49.190254823973
            ],
            [
              -122.848438494902,
              49.1906080329187
            ],
            [
              -122.848449320659,
              49.1906080471247
            ],
            [
              -122.848448663706,
              49.1908231181335
            ],
            [
              -122.84844852745,
              49.1908677248598
            ],
            [
              -122.847828711194,
              49.1908669098757
            ]
          ]
        ]
      },
      "properties": {
        "OBJECTID": 1332,
        "PROJECT_NO": "17-0160-00",
        "DESCRIPTION": "Liquor Licence Amendment to permit an extension of hours past midnight and patron participation entertainment for a proposed food primary licensed establishment (Civic Hotel).",
        "STATUS": "Concluded",
        "WEBLINK": "https://citizenportal.surrey.ca/citizenportal/integration/publicProjectForward.html?year=17 seq=0160",
        "source_dataset": "Development Applications",
        "source_url": "https://services5.arcgis.com/YRpe0VKTJytZSSIB/arcgis/rest/services/Development%20Applications/FeatureServer/0",
        "retrieved_at": "2026-10-06T20:03:04.899858+00:00",
        "licence": "Contains information licensed under the Open Government License – City of Surrey.",
        "licence_url": "https://opendata-surrey.hub.arcgis.com/pages/55089a19491a4fe59a41e059fd8af708",
        "source_sha256": "7dd44fc28b8f521f582d52527a18a64baed338509036006dc0ca9c8144ef862b"
      }
    },
    {
      "type": "Feature",
      "id": "1333",
      "geometry": {
        "type": "Polygon",
        "coordinates": [
          [
            [
              -122.844080539259,
              49.180725217212
            ],
            [
              -122.845115467722,
              49.1807209040765
            ],
            [
              -122.845183133963,
              49.1807655721055
            ],
            [
              -122.845160236868,
              49.1818936413077
            ],
            [
              -122.845126894082,
              49.1821833372891
            ],
            [
              -122.845117833108,
              49.1826297249824
            ],
            [
              -122.845012509727,
              49.1826688681156
            ],
            [
              -122.845132317264,
              49.1827144696727
            ],
            [
              -122.845116122064,
              49.1827141097298
            ],
            [
              -122.844923453652,
              49.1827098329636
            ],
            [
              -122.843804081256,
              49.1822837752015
            ],
            [
              -122.843012133297,
              49.1819825459094
            ],
            [
              -122.842958746215,
              49.1819622401154
            ],
            [
              -122.842986968966,
              49.1819303531391
            ],
            [
              -122.842785283252,
              49.1818536372877
            ],
            [
              -122.842260259442,
              49.1816539292312
            ],
            [
              -122.842226312465,
              49.1816397880659
            ],
            [
              -122.842194211161,
              49.181623902518
            ],
            [
              -122.842164165157,
              49.1816063736233
            ],
            [
              -122.841821998451,
              49.1809610108185
            ],
            [
              -122.841898289004,
              49.1808820237703
            ],
            [
              -122.842023603647,
              49.1808708728233
            ],
            [
              -122.842617216838,
              49.1808180494933
            ],
            [
              -122.842897141401,
              49.1807935180332
            ],
            [
              -122.843114713602,
              49.1807744513329
            ],
            [
              -122.843306080591,
              49.1807599767723
            ],
            [
              -122.843321765464,
              49.1807587890789
            ],
            [
              -122.843433791904,
              49.1807509621408
            ],
            [
              -122.843545937994,
              49.1807439088552
            ],
            [
              -122.843658191385,
              49.1807376301046
            ],
            [
              -122.84367773975,
              49.1807366050114
            ],
            [
              -122.843811852057,
              49.1807306534428
            ],
            [
              -122.843946145543,
              49.180726856347
            ],
            [
              -122.844080539259,
              49.180725217212
            ]
          ]
        ]
      },
      "properties": {
        "OBJECTID": 1333,
        "PROJECT_NO": "17-0162-00",
        "DESCRIPTION": "Rezoning from CD (By-law No. 17954) to CD (based on RM-135 and C-8); Development Permit to permit the Phase 2 development of a mixed-use project  consisting of stand-alone 2 storey restaurant  single-storey retail podium  2 residential towers (40-storey and 29-storey) and 15-storey office building.",
        "STATUS": "Concluded",
        "WEBLINK": "https://citizenportal.surrey.ca/citizenportal/integration/publicProjectForward.html?year=17 seq=0162",
        "source_dataset": "Development Applications",
        "source_url": "https://services5.arcgis.com/YRpe0VKTJytZSSIB/arcgis/rest/services/Development%20Applications/FeatureServer/0",
        "retrieved_at": "2026-10-06T20:03:04.899858+00:00",
        "licence": "Contains information licensed under the Open Government License – City of Surrey.",
        "licence_url": "https://opendata-surrey.hub.arcgis.com/pages/55089a19491a4fe59a41e059fd8af708",
        "source_sha256": "7dd44fc28b8f521f582d52527a18a64baed338509036006dc0ca9c8144ef862b"
      }
    },
    {
      "type": "Feature",
      "id": "1363",
      "geometry": {
        "type": "Polygon",
        "coordinates": [
          [
            [
              -122.842842478657,
              49.1808432553482
            ],
            [
              -122.842841468707,
              49.181162202584
            ],
            [
              -122.84284422244,
              49.1812082093895
            ],
            [
              -122.842852759515,
              49.181253910127
            ],
            [
              -122.842867019187,
              49.1812989934736
            ],
            [
              -122.842886906395,
              49.1813431507581
            ],
            [
              -122.842912282136,
              49.1813860831431
            ],
            [
              -122.842942977208,
              49.1814274944484
            ],
            [
              -122.842978779816,
              49.1814671055264
            ],
            [
              -122.84301944658,
              49.1815046443823
            ],
            [
              -122.843023132368,
              49.1815080856111
            ],
            [
              -122.843026309782,
              49.1815117375393
            ],
            [
              -122.843028954223,
              49.1815155677502
            ],
            [
              -122.843031041095,
              49.1815195438272
            ],
            [
              -122.843032551301,
              49.181523629763
            ],
            [
              -122.843033473974,
              49.1815277904611
            ],
            [
              -122.843034451126,
              49.1815403240934
            ],
            [
              -122.843033649903,
              49.1815528634043
            ],
            [
              -122.84303107614,
              49.1815652986588
            ],
            [
              -122.843026754866,
              49.1815775255447
            ],
            [
              -122.8430207221,
              49.1815894352673
            ],
            [
              -122.84301302893,
              49.181600927148
            ],
            [
              -122.843003742909,
              49.1816119014299
            ],
            [
              -122.842928572707,
              49.1816917533747
            ],
            [
              -122.84280661905,
              49.1818295327404
            ],
            [
              -122.842150074957,
              49.181579797431
            ],
            [
              -122.841821998451,
              49.1809610108185
            ],
            [
              -122.841898289004,
              49.1808820237703
            ],
            [
              -122.842023603647,
              49.1808708728233
            ],
            [
              -122.842617216838,
              49.1808180494933
            ],
            [
              -122.842774645527,
              49.1808042536833
            ],
            [
              -122.842842478657,
              49.1808432553482
            ]
          ]
        ]
      },
      "properties": {
        "OBJECTID": 1363,
        "PROJECT_NO": "18-0362-00",
        "DESCRIPTION": "Development Permit/Development Variance Permit to permit the development of a mixed-use project  consisting of two mixed-use residential towers (41 storey and 44 storey) with a retail  office  and amenity podium and a single storey  stand-alone shared amenity and retail pavilion.",
        "STATUS": "Concluded",
        "WEBLINK": "https://citizenportal.surrey.ca/citizenportal/integration/publicProjectForward.html?year=18 seq=0362",
        "source_dataset": "Development Applications",
        "source_url": "https://services5.arcgis.com/YRpe0VKTJytZSSIB/arcgis/rest/services/Development%20Applications/FeatureServer/0",
        "retrieved_at": "2026-10-06T20:03:04.899858+00:00",
        "licence": "Contains information licensed under the Open Government License – City of Surrey.",
        "licence_url": "https://opendata-surrey.hub.arcgis.com/pages/55089a19491a4fe59a41e059fd8af708",
        "source_sha256": "7dd44fc28b8f521f582d52527a18a64baed338509036006dc0ca9c8144ef862b"
      }
    },
    {
      "type": "Feature",
      "id": "1399",
      "geometry": {
        "type": "Polygon",
        "coordinates": [
          [
            [
              -122.846572364103,
              49.1898359533408
            ],
            [
              -122.846577265654,
              49.1895845360357
            ],
            [
              -122.847526414519,
              49.1895879617652
            ],
            [
              -122.847520283978,
              49.1898393774862
            ],
            [
              -122.847514152,
              49.190090793194
            ],
            [
              -122.846567463869,
              49.1900873715359
            ],
            [
              -122.846572364103,
              49.1898359533408
            ]
          ]
        ]
      },
      "properties": {
        "OBJECTID": 1399,
        "PROJECT_NO": "21-0006-00",
        "DESCRIPTION": "OCP Amendment to allow for a FAR of 11.2 within the Central Business District; City Centre Plan Amendment to allow for a FAR of 11.2 within the Mixed-Use 7.5 FAR designation; Rezoning from C-8 to CD; Detailed Development Permit to permit the development of 50-storey mixed-use tower  including an 8-storey commercial/office podium  and 429 market residential dwelling units.",
        "STATUS": "Conditional Approval",
        "WEBLINK": "https://citizenportal.surrey.ca/citizenportal/integration/publicProjectForward.html?year=21 seq=0006",
        "source_dataset": "Development Applications",
        "source_url": "https://services5.arcgis.com/YRpe0VKTJytZSSIB/arcgis/rest/services/Development%20Applications/FeatureServer/0",
        "retrieved_at": "2026-10-06T20:03:04.899858+00:00",
        "licence": "Contains information licensed under the Open Government License – City of Surrey.",
        "licence_url": "https://opendata-surrey.hub.arcgis.com/pages/55089a19491a4fe59a41e059fd8af708",
        "source_sha256": "7dd44fc28b8f521f582d52527a18a64baed338509036006dc0ca9c8144ef862b"
      }
    },
    {
      "type": "Feature",
      "id": "1419",
      "geometry": {
        "type": "Polygon",
        "coordinates": [
          [
            [
              -122.847483803875,
              49.1915131187337
            ],
            [
              -122.845685073416,
              49.1915058566561
            ],
            [
              -122.845602212107,
              49.1914507817993
            ],
            [
              -122.845619572611,
              49.1901605797696
            ],
            [
              -122.847513090254,
              49.1901674337496
            ],
            [
              -122.847502162601,
              49.1905939847512
            ],
            [
              -122.847496026558,
              49.1908466597649
            ],
            [
              -122.847483803875,
              49.1915131187337
            ]
          ]
        ]
      },
      "properties": {
        "OBJECTID": 1419,
        "PROJECT_NO": "21-0036-00",
        "DESCRIPTION": "Development Variance Permit to reduce the minimum 400-metre separation requirement between a proposed small-scale drug store and existing drug stores to accommodate a pharmacy relocation on the lot. ",
        "STATUS": "Concluded",
        "WEBLINK": "https://citizenportal.surrey.ca/citizenportal/integration/publicProjectForward.html?year=21 seq=0036",
        "source_dataset": "Development Applications",
        "source_url": "https://services5.arcgis.com/YRpe0VKTJytZSSIB/arcgis/rest/services/Development%20Applications/FeatureServer/0",
        "retrieved_at": "2026-10-06T20:03:04.899858+00:00",
        "licence": "Contains information licensed under the Open Government License – City of Surrey.",
        "licence_url": "https://opendata-surrey.hub.arcgis.com/pages/55089a19491a4fe59a41e059fd8af708",
        "source_sha256": "7dd44fc28b8f521f582d52527a18a64baed338509036006dc0ca9c8144ef862b"
      }
    },
    {
      "type": "Feature",
      "id": "1434",
      "geometry": {
        "type": "Polygon",
        "coordinates": [
          [
            [
              -122.85015830387,
              49.1887266920648
            ],
            [
              -122.850242634358,
              49.1887048528502
            ],
            [
              -122.85058661561,
              49.1888208037499
            ],
            [
              -122.850583768193,
              49.1889446674976
            ],
            [
              -122.850575430326,
              49.1892953007813
            ],
            [
              -122.851126035986,
              49.1892970076206
            ],
            [
              -122.851125319912,
              49.1893517882256
            ],
            [
              -122.851116996889,
              49.1896991823252
            ],
            [
              -122.851034615066,
              49.1896991570553
            ],
            [
              -122.850840994342,
              49.1896984268081
            ],
            [
              -122.850565413996,
              49.1896973851263
            ],
            [
              -122.850290183619,
              49.1896963459393
            ],
            [
              -122.85004274707,
              49.1896954096521
            ],
            [
              -122.850051761839,
              49.189348215322
            ],
            [
              -122.850053236899,
              49.1892933574493
            ],
            [
              -122.850061304458,
              49.1889870717049
            ],
            [
              -122.850064566165,
              49.1889527128968
            ],
            [
              -122.850072629031,
              49.1889186310803
            ],
            [
              -122.850085219958,
              49.1888852747669
            ],
            [
              -122.850141453484,
              49.1887617519723
            ],
            [
              -122.850146841366,
              49.1887499750865
            ],
            [
              -122.85015250345,
              49.1887382885095
            ],
            [
              -122.85015830387,
              49.1887266920648
            ]
          ]
        ]
      },
      "properties": {
        "OBJECTID": 1434,
        "PROJECT_NO": "16-0240-00",
        "DESCRIPTION": "Rezoning from RF and a portion from C-8 to CD (based upon C-35) / General Development Permit to permit the development of a new Sustainable Energy and Environmental Engineering building for Simon Fraser University.",
        "STATUS": "Concluded",
        "WEBLINK": "https://citizenportal.surrey.ca/citizenportal/integration/publicProjectForward.html?year=16 seq=0240",
        "source_dataset": "Development Applications",
        "source_url": "https://services5.arcgis.com/YRpe0VKTJytZSSIB/arcgis/rest/services/Development%20Applications/FeatureServer/0",
        "retrieved_at": "2026-10-06T20:03:04.899858+00:00",
        "licence": "Contains information licensed under the Open Government License – City of Surrey.",
        "licence_url": "https://opendata-surrey.hub.arcgis.com/pages/55089a19491a4fe59a41e059fd8af708",
        "source_sha256": "7dd44fc28b8f521f582d52527a18a64baed338509036006dc0ca9c8144ef862b"
      }
    },
    {
      "type": "Feature",
      "id": "1494",
      "geometry": {
        "type": "Polygon",
        "coordinates": [
          [
            [
              -122.844007413629,
              49.1778512077848
            ],
            [
              -122.843998478585,
              49.1780153643242
            ],
            [
              -122.843496949678,
              49.178017799049
            ],
            [
              -122.843505781788,
              49.1778537422567
            ],
            [
              -122.844007413629,
              49.1778512077848
            ]
          ]
        ]
      },
      "properties": {
        "OBJECTID": 1494,
        "PROJECT_NO": "18-0417-00",
        "DESCRIPTION": "Development Variance Permit to vary the minimum 400-metre (1 300 ft.) separation requirement between a proposed relocated small-scale drug store and other existing small-scale drug stores.",
        "STATUS": "Concluded",
        "WEBLINK": "https://citizenportal.surrey.ca/citizenportal/integration/publicProjectForward.html?year=18 seq=0417",
        "source_dataset": "Development Applications",
        "source_url": "https://services5.arcgis.com/YRpe0VKTJytZSSIB/arcgis/rest/services/Development%20Applications/FeatureServer/0",
        "retrieved_at": "2026-10-06T20:03:04.899858+00:00",
        "licence": "Contains information licensed under the Open Government License – City of Surrey.",
        "licence_url": "https://opendata-surrey.hub.arcgis.com/pages/55089a19491a4fe59a41e059fd8af708",
        "source_sha256": "7dd44fc28b8f521f582d52527a18a64baed338509036006dc0ca9c8144ef862b"
      }
    },
    {
      "type": "Feature",
      "id": "1501",
      "geometry": {
        "type": "Polygon",
        "coordinates": [
          [
            [
              -122.847674374217,
              49.1846243998258
            ],
            [
              -122.849317915757,
              49.1853051834837
            ],
            [
              -122.848759171623,
              49.1853331419442
            ],
            [
              -122.84862952973,
              49.1854096114212
            ],
            [
              -122.84862375596,
              49.1854129321261
            ],
            [
              -122.848615078682,
              49.1860031952459
            ],
            [
              -122.848593628436,
              49.1860170199355
            ],
            [
              -122.847274728299,
              49.1860088831835
            ],
            [
              -122.847022913683,
              49.1860073778194
            ],
            [
              -122.847029016057,
              49.1855894619451
            ],
            [
              -122.84697632077,
              49.1855891213774
            ],
            [
              -122.846701865987,
              49.1855874054058
            ],
            [
              -122.845715346769,
              49.1855816426386
            ],
            [
              -122.845730688198,
              49.1845679719992
            ],
            [
              -122.845736571949,
              49.1844988426315
            ],
            [
              -122.84582415174,
              49.1844457971643
            ],
            [
              -122.846881854168,
              49.1844586391833
            ],
            [
              -122.847012477294,
              49.1844641204362
            ],
            [
              -122.847141978807,
              49.1844773369424
            ],
            [
              -122.847268985688,
              49.1844981051842
            ],
            [
              -122.847392540145,
              49.1845264257031
            ],
            [
              -122.847511817513,
              49.1845618458556
            ],
            [
              -122.84762572029,
              49.1846042760526
            ],
            [
              -122.847674374217,
              49.1846243998258
            ]
          ]
        ]
      },
      "properties": {
        "OBJECTID": 1501,
        "PROJECT_NO": "18-0428-00",
        "DESCRIPTION": "City Centre Plan Amendment to amend the road network on the subject site; Rezoning of a portion from C-8 to CD; Development Permit to permit the development of a 25-storey office tower on the southeast corner of the Central City Mall site in City Centre.",
        "STATUS": "Conditional Approval",
        "WEBLINK": "https://citizenportal.surrey.ca/citizenportal/integration/publicProjectForward.html?year=18 seq=0428",
        "source_dataset": "Development Applications",
        "source_url": "https://services5.arcgis.com/YRpe0VKTJytZSSIB/arcgis/rest/services/Development%20Applications/FeatureServer/0",
        "retrieved_at": "2026-10-06T20:03:04.899858+00:00",
        "licence": "Contains information licensed under the Open Government License – City of Surrey.",
        "licence_url": "https://opendata-surrey.hub.arcgis.com/pages/55089a19491a4fe59a41e059fd8af708",
        "source_sha256": "7dd44fc28b8f521f582d52527a18a64baed338509036006dc0ca9c8144ef862b"
      }
    },
    {
      "type": "Feature",
      "id": "1553",
      "geometry": {
        "type": "Polygon",
        "coordinates": [
          [
            [
              -122.854126124802,
              49.1856812114138
            ],
            [
              -122.854132999249,
              49.1853523508107
            ],
            [
              -122.854383573778,
              49.1853535692501
            ],
            [
              -122.854634288294,
              49.185354787322
            ],
            [
              -122.854627554395,
              49.1856836490301
            ],
            [
              -122.854622725489,
              49.1859248077517
            ],
            [
              -122.854196072629,
              49.1858796476714
            ],
            [
              -122.854186494524,
              49.1858701005292
            ],
            [
              -122.854175816995,
              49.1858610917177
            ],
            [
              -122.854164177271,
              49.1858526214101
            ],
            [
              -122.854151301737,
              49.1858448691671
            ],
            [
              -122.854137599073,
              49.1858379254576
            ],
            [
              -122.854122933953,
              49.1858316093045
            ],
            [
              -122.854126124802,
              49.1856812114138
            ]
          ]
        ]
      },
      "properties": {
        "OBJECTID": 1553,
        "PROJECT_NO": "21-0090-00",
        "DESCRIPTION": "Rezoning from RF to CD (based on RM-135); Development Permit to permit the development of a 6-storey residential apartment building.",
        "STATUS": "Concluded",
        "WEBLINK": "https://citizenportal.surrey.ca/citizenportal/integration/publicProjectForward.html?year=21 seq=0090",
        "source_dataset": "Development Applications",
        "source_url": "https://services5.arcgis.com/YRpe0VKTJytZSSIB/arcgis/rest/services/Development%20Applications/FeatureServer/0",
        "retrieved_at": "2026-10-06T20:03:04.899858+00:00",
        "licence": "Contains information licensed under the Open Government License – City of Surrey.",
        "licence_url": "https://opendata-surrey.hub.arcgis.com/pages/55089a19491a4fe59a41e059fd8af708",
        "source_sha256": "7dd44fc28b8f521f582d52527a18a64baed338509036006dc0ca9c8144ef862b"
      }
    },
    {
      "type": "Feature",
      "id": "1586",
      "geometry": {
        "type": "Polygon",
        "coordinates": [
          [
            [
              -122.845143333217,
              49.1883763113312
            ],
            [
              -122.845137827899,
              49.1887722809129
            ],
            [
              -122.845141498221,
              49.188827068269
            ],
            [
              -122.844410860928,
              49.1888196897105
            ],
            [
              -122.844410150383,
              49.1879184397756
            ],
            [
              -122.84482829749,
              49.1879224259611
            ],
            [
              -122.844823029821,
              49.1883732682716
            ],
            [
              -122.845143333217,
              49.1883763113312
            ]
          ]
        ]
      },
      "properties": {
        "OBJECTID": 1586,
        "PROJECT_NO": "16-0304-00",
        "DESCRIPTION": "Development Permit to permit renovations to an existing drive-through restaurant (McDonald s) in City Centre.",
        "STATUS": "Concluded",
        "WEBLINK": "https://citizenportal.surrey.ca/citizenportal/integration/publicProjectForward.html?year=16 seq=0304",
        "source_dataset": "Development Applications",
        "source_url": "https://services5.arcgis.com/YRpe0VKTJytZSSIB/arcgis/rest/services/Development%20Applications/FeatureServer/0",
        "retrieved_at": "2026-10-06T20:03:04.899858+00:00",
        "licence": "Contains information licensed under the Open Government License – City of Surrey.",
        "licence_url": "https://opendata-surrey.hub.arcgis.com/pages/55089a19491a4fe59a41e059fd8af708",
        "source_sha256": "7dd44fc28b8f521f582d52527a18a64baed338509036006dc0ca9c8144ef862b"
      }
    },
    {
      "type": "Feature",
      "id": "1601",
      "geometry": {
        "type": "Polygon",
        "coordinates": [
          [
            [
              -122.8455017075,
              49.1814566625763
            ],
            [
              -122.845547775226,
              49.180549004623
            ],
            [
              -122.845571908192,
              49.1800729135901
            ],
            [
              -122.8458335799,
              49.1800719147943
            ],
            [
              -122.847075939094,
              49.1800665564863
            ],
            [
              -122.847080617734,
              49.1804599297648
            ],
            [
              -122.847080616074,
              49.1804604685833
            ],
            [
              -122.847081708069,
              49.1805500645036
            ],
            [
              -122.847406091156,
              49.180548696296
            ],
            [
              -122.847401969244,
              49.1806392739101
            ],
            [
              -122.847400953419,
              49.1806572632451
            ],
            [
              -122.847381678688,
              49.1810325241878
            ],
            [
              -122.847381540641,
              49.1810327938655
            ],
            [
              -122.847130155714,
              49.1810336289807
            ],
            [
              -122.846858187413,
              49.1810347061164
            ],
            [
              -122.846861901901,
              49.1814296072669
            ],
            [
              -122.846862853234,
              49.1815206413421
            ],
            [
              -122.847137019689,
              49.1815195671042
            ],
            [
              -122.847137975948,
              49.181609611695
            ],
            [
              -122.847142381577,
              49.1820031644105
            ],
            [
              -122.847069653824,
              49.1820035169948
            ],
            [
              -122.847073440731,
              49.1823754800607
            ],
            [
              -122.847212704706,
              49.1824687679097
            ],
            [
              -122.847218624476,
              49.1829942841314
            ],
            [
              -122.845423864075,
              49.1830019553794
            ],
            [
              -122.8455017075,
              49.1814566625763
            ]
          ]
        ]
      },
      "properties": {
        "OBJECTID": 1601,
        "PROJECT_NO": "17-0262-00",
        "DESCRIPTION": "Terminate Land Use Contract No. 420 to permit the existing underlying C-35 Zone to come into effect. ",
        "STATUS": "Concluded",
        "WEBLINK": "https://citizenportal.surrey.ca/citizenportal/integration/publicProjectForward.html?year=17 seq=0262",
        "source_dataset": "Development Applications",
        "source_url": "https://services5.arcgis.com/YRpe0VKTJytZSSIB/arcgis/rest/services/Development%20Applications/FeatureServer/0",
        "retrieved_at": "2026-10-06T20:03:04.899858+00:00",
        "licence": "Contains information licensed under the Open Government License – City of Surrey.",
        "licence_url": "https://opendata-surrey.hub.arcgis.com/pages/55089a19491a4fe59a41e059fd8af708",
        "source_sha256": "7dd44fc28b8f521f582d52527a18a64baed338509036006dc0ca9c8144ef862b"
      }
    },
    {
      "type": "Feature",
      "id": "1623",
      "geometry": {
        "type": "Polygon",
        "coordinates": [
          [
            [
              -122.853893616988,
              49.1867582908171
            ],
            [
              -122.854072390898,
              49.1864474583692
            ],
            [
              -122.854283191198,
              49.1865366010794
            ],
            [
              -122.854494126744,
              49.1866257435737
            ],
            [
              -122.854371740594,
              49.1869878329965
            ],
            [
              -122.854127780523,
              49.1868816465076
            ],
            [
              -122.85388382287,
              49.1867754595041
            ],
            [
              -122.853893616988,
              49.1867582908171
            ]
          ]
        ]
      },
      "properties": {
        "OBJECTID": 1623,
        "PROJECT_NO": "19-0004-00",
        "DESCRIPTION": "Rezoning from RF to CD (Based on RM-70); Development Permit to permit the development of a 6-storey residential apartment building.\r\n",
        "STATUS": "Conditional Approval",
        "WEBLINK": "https://citizenportal.surrey.ca/citizenportal/integration/publicProjectForward.html?year=19 seq=0004",
        "source_dataset": "Development Applications",
        "source_url": "https://services5.arcgis.com/YRpe0VKTJytZSSIB/arcgis/rest/services/Development%20Applications/FeatureServer/0",
        "retrieved_at": "2026-10-06T20:03:04.899858+00:00",
        "licence": "Contains information licensed under the Open Government License – City of Surrey.",
        "licence_url": "https://opendata-surrey.hub.arcgis.com/pages/55089a19491a4fe59a41e059fd8af708",
        "source_sha256": "7dd44fc28b8f521f582d52527a18a64baed338509036006dc0ca9c8144ef862b"
      }
    },
    {
      "type": "Feature",
      "id": "1771",
      "geometry": {
        "type": "MultiPolygon",
        "coordinates": [
          [
            [
              [
                -122.854204960093,
                49.1858907231471
              ],
              [
                -122.854196072629,
                49.1858796476714
              ],
              [
                -122.854622725489,
                49.1859248077517
              ],
              [
                -122.854615651548,
                49.1862755285485
              ],
              [
                -122.854610663883,
                49.1865235243945
              ],
              [
                -122.854401804374,
                49.1865215503667
              ],
              [
                -122.854061482361,
                49.1863779097913
              ],
              [
                -122.854037784158,
                49.1860857097431
              ],
              [
                -122.854056590347,
                49.1860838444903
              ],
              [
                -122.854074988281,
                49.1860808093257
              ],
              [
                -122.854092977429,
                49.1860767841554
              ],
              [
                -122.854110283591,
                49.1860716795796
              ],
              [
                -122.854126906506,
                49.1860655837524
              ],
              [
                -122.85414257171,
                49.186058497227
              ],
              [
                -122.854157141707,
                49.1860505097835
              ],
              [
                -122.854170479001,
                49.1860417112019
              ],
              [
                -122.854182722196,
                49.1860321016577
              ],
              [
                -122.854193456326,
                49.186021860534
              ],
              [
                -122.854202682762,
                49.1860109887324
              ],
              [
                -122.85421053821,
                49.1859996645333
              ],
              [
                -122.854216610979,
                49.185987888317
              ],
              [
                -122.854221175264,
                49.1859757503831
              ],
              [
                -122.854223956079,
                49.1859634302912
              ],
              [
                -122.854225090391,
                49.1859510181677
              ],
              [
                -122.854224442077,
                49.1859386037941
              ],
              [
                -122.854222008396,
                49.185926187167
              ],
              [
                -122.854218064388,
                49.1859140384932
              ],
              [
                -122.85421233697,
                49.1859021565284
              ],
              [
                -122.854204960093,
                49.1858907231471
              ]
            ]
          ],
          [
            [
              [
                -122.854704921216,
                49.1859731270557
              ],
              [
                -122.854709233687,
                49.1857671394242
              ],
              [
                -122.855135601518,
                49.1857692096211
              ],
              [
                -122.85513142831,
                49.1859751074893
              ],
              [
                -122.85512711646,
                49.1861810060756
              ],
              [
                -122.855265168127,
                49.1861821695512
              ],
              [
                -122.855257735266,
                49.1865163394147
              ],
              [
                -122.855257693285,
                49.1865307318884
              ],
              [
                -122.854776692303,
                49.1865309313459
              ],
              [
                -122.854766364553,
                49.1871009559245
              ],
              [
                -122.854765716361,
                49.1871348674961
              ],
              [
                -122.854682773684,
                49.1871061571211
              ],
              [
                -122.85469039844,
                49.1867087504088
              ],
              [
                -122.854700749305,
                49.1861774965967
              ],
              [
                -122.854704921216,
                49.1859731270557
              ]
            ]
          ]
        ]
      },
      "properties": {
        "OBJECTID": 1771,
        "PROJECT_NO": "19-0096-00",
        "DESCRIPTION": "Rezoning from RF to CD (based on RM-70); Development Permit to permit the development of a 6-storey residential apartment building. Subdivision from five (5) lots to two (2) lots. Lot one (1) will be a remnant lot with a no build restrictive covenant until future developed.",
        "STATUS": "Conditional Approval",
        "WEBLINK": "https://citizenportal.surrey.ca/citizenportal/integration/publicProjectForward.html?year=19 seq=0096",
        "source_dataset": "Development Applications",
        "source_url": "https://services5.arcgis.com/YRpe0VKTJytZSSIB/arcgis/rest/services/Development%20Applications/FeatureServer/0",
        "retrieved_at": "2026-10-06T20:03:04.899858+00:00",
        "licence": "Contains information licensed under the Open Government License – City of Surrey.",
        "licence_url": "https://opendata-surrey.hub.arcgis.com/pages/55089a19491a4fe59a41e059fd8af708",
        "source_sha256": "7dd44fc28b8f521f582d52527a18a64baed338509036006dc0ca9c8144ef862b"
      }
    },
    {
      "type": "Feature",
      "id": "1772",
      "geometry": {
        "type": "Polygon",
        "coordinates": [
          [
            [
              -122.849702631489,
              49.1854645459288
            ],
            [
              -122.851542715629,
              49.1861094848422
            ],
            [
              -122.851593430814,
              49.1861751277752
            ],
            [
              -122.851442723403,
              49.1868653291294
            ],
            [
              -122.851400273951,
              49.1870162170308
            ],
            [
              -122.851339031283,
              49.1871643821253
            ],
            [
              -122.851259684653,
              49.1873087449319
            ],
            [
              -122.851162511354,
              49.1874483171847
            ],
            [
              -122.851048336835,
              49.1875823802773
            ],
            [
              -122.85091785069,
              49.1877097647579
            ],
            [
              -122.849979435579,
              49.1873934288839
            ],
            [
              -122.849924978867,
              49.1872955780192
            ],
            [
              -122.848405958154,
              49.1872863835019
            ],
            [
              -122.848407348698,
              49.1871914846144
            ],
            [
              -122.84842107209,
              49.1871915026266
            ],
            [
              -122.848424228745,
              49.1871914168163
            ],
            [
              -122.848427385674,
              49.187191241053
            ],
            [
              -122.848430543428,
              49.1871907954307
            ],
            [
              -122.848433701732,
              49.1871901699026
            ],
            [
              -122.848436723351,
              49.1871893642885
            ],
            [
              -122.848439608285,
              49.1871883785883
            ],
            [
              -122.848442356261,
              49.187187302755
            ],
            [
              -122.848444830317,
              49.1871860466557
            ],
            [
              -122.848447304924,
              49.1871846106504
            ],
            [
              -122.848449505337,
              49.187183084332
            ],
            [
              -122.848451431831,
              49.1871813777476
            ],
            [
              -122.848453221366,
              49.1871795810302
            ],
            [
              -122.848454736708,
              49.1871776939996
            ],
            [
              -122.848455977582,
              49.1871758066089
            ],
            [
              -122.848457081772,
              49.1871737391323
            ],
            [
              -122.84845777426,
              49.1871716711154
            ],
            [
              -122.84845819228,
              49.1871696027384
            ],
            [
              -122.848458335832,
              49.1871675340012
            ],
            [
              -122.848460067495,
              49.1870516755439
            ],
            [
              -122.848459933833,
              49.1870505059758
            ],
            [
              -122.848459800445,
              49.1870492464547
            ],
            [
              -122.848459392316,
              49.1870480765265
            ],
            [
              -122.848458846953,
              49.1870469064182
            ],
            [
              -122.848458164082,
              49.1870458260828
            ],
            [
              -122.848457343978,
              49.1870447455673
            ],
            [
              -122.848456386365,
              49.1870437548246
            ],
            [
              -122.848455154285,
              49.1870427637218
            ],
            [
              -122.848453921931,
              49.1870418625718
            ],
            [
              -122.848452689302,
              49.1870410513749
            ],
            [
              -122.848451182206,
              49.1870402398177
            ],
            [
              -122.84844967456,
              49.1870396081664
            ],
            [
              -122.848448029407,
              49.1870390662878
            ],
            [
              -122.848446246745,
              49.1870386141821
            ],
            [
              -122.848444601042,
              49.1870382522095
            ],
            [
              -122.848442818105,
              49.1870378900566
            ],
            [
              -122.848440897111,
              49.1870377975824
            ],
            [
              -122.84843911335,
              49.1870377052883
            ],
            [
              -122.848435408049,
              49.1870376995263
            ],
            [
              -122.848436265938,
              49.1869819296149
            ],
            [
              -122.848409643222,
              49.186981713868
            ],
            [
              -122.848409837063,
              49.1869636335118
            ],
            [
              -122.848442360803,
              49.1869638561031
            ],
            [
              -122.848444761485,
              49.1868086898322
            ],
            [
              -122.848486479726,
              49.1868089244764
            ],
            [
              -122.848488264028,
              49.1868088368639
            ],
            [
              -122.84849004833,
              49.1868087492514
            ],
            [
              -122.848491833181,
              49.186808481733
            ],
            [
              -122.848493481074,
              49.1868081240816
            ],
            [
              -122.848495266475,
              49.1868076766573
            ],
            [
              -122.848496777684,
              49.18680713892
            ],
            [
              -122.848498426401,
              49.1868065114097
            ],
            [
              -122.848499800927,
              49.1868057935865
            ],
            [
              -122.848501175452,
              49.1868050757633
            ],
            [
              -122.848502413294,
              49.1868041778541
            ],
            [
              -122.848503513903,
              49.186803279765
            ],
            [
              -122.848504614787,
              49.1868022917229
            ],
            [
              -122.84850544148,
              49.1868012133678
            ],
            [
              -122.848506130939,
              49.1868001348327
            ],
            [
              -122.848506683441,
              49.1867989661647
            ],
            [
              -122.84850709871,
              49.1867977973167
            ],
            [
              -122.848507376745,
              49.1867966282886
            ],
            [
              -122.848507517548,
              49.1867954590806
            ],
            [
              -122.848507521119,
              49.1867942896925
            ],
            [
              -122.848508407485,
              49.1867291637739
            ],
            [
              -122.84695990189,
              49.1867195508388
            ],
            [
              -122.846685577813,
              49.1867179240579
            ],
            [
              -122.846343325014,
              49.1867157565029
            ],
            [
              -122.846349867014,
              49.186244608736
            ],
            [
              -122.845693294061,
              49.1862404734573
            ],
            [
              -122.845702919538,
              49.1855815396813
            ],
            [
              -122.845715346769,
              49.1855816426386
            ],
            [
              -122.846701865987,
              49.1855874054058
            ],
            [
              -122.84697632077,
              49.1855891213774
            ],
            [
              -122.847029016057,
              49.1855894619451
            ],
            [
              -122.847022913683,
              49.1860073778194
            ],
            [
              -122.847274728299,
              49.1860088831835
            ],
            [
              -122.848593628436,
              49.1860170199355
            ],
            [
              -122.848615078682,
              49.1860031952459
            ],
            [
              -122.84862375596,
              49.1854129321261
            ],
            [
              -122.84862952973,
              49.1854096114212
            ],
            [
              -122.848759171623,
              49.1853331419442
            ],
            [
              -122.849317915757,
              49.1853051834837
            ],
            [
              -122.849702631489,
              49.1854645459288
            ]
          ]
        ]
      },
      "properties": {
        "OBJECTID": 1772,
        "PROJECT_NO": "19-0097-00",
        "DESCRIPTION": "Development Permit to permit a 1.5 storey expansion to the Central City Parkade.",
        "STATUS": "Concluded",
        "WEBLINK": "https://citizenportal.surrey.ca/citizenportal/integration/publicProjectForward.html?year=19 seq=0097",
        "source_dataset": "Development Applications",
        "source_url": "https://services5.arcgis.com/YRpe0VKTJytZSSIB/arcgis/rest/services/Development%20Applications/FeatureServer/0",
        "retrieved_at": "2026-10-06T20:03:04.899858+00:00",
        "licence": "Contains information licensed under the Open Government License – City of Surrey.",
        "licence_url": "https://opendata-surrey.hub.arcgis.com/pages/55089a19491a4fe59a41e059fd8af708",
        "source_sha256": "7dd44fc28b8f521f582d52527a18a64baed338509036006dc0ca9c8144ef862b"
      }
    },
    {
      "type": "Feature",
      "id": "1775",
      "geometry": {
        "type": "Polygon",
        "coordinates": [
          [
            [
              -122.843637537999,
              49.1821455883626
            ],
            [
              -122.843061691735,
              49.1819265561252
            ],
            [
              -122.843040356022,
              49.1819506598197
            ],
            [
              -122.842986968966,
              49.1819303531391
            ],
            [
              -122.843128668801,
              49.1817702631877
            ],
            [
              -122.84317200438,
              49.1817245744572
            ],
            [
              -122.843178306819,
              49.1817185093638
            ],
            [
              -122.843185355951,
              49.1817128086955
            ],
            [
              -122.843193104995,
              49.1817075119682
            ],
            [
              -122.843201500317,
              49.1817026568894
            ],
            [
              -122.843210481436,
              49.1816982766595
            ],
            [
              -122.843219989254,
              49.1816944008828
            ],
            [
              -122.843229955074,
              49.1816910573514
            ],
            [
              -122.843240310213,
              49.18168826936
            ],
            [
              -122.843250984627,
              49.1816860566029
            ],
            [
              -122.843261901431,
              49.181684432469
            ],
            [
              -122.843292309785,
              49.1816807757512
            ],
            [
              -122.843310235741,
              49.1816791530274
            ],
            [
              -122.843328309345,
              49.1816785730607
            ],
            [
              -122.843346390618,
              49.1816790410584
            ],
            [
              -122.843364339604,
              49.1816805550315
            ],
            [
              -122.843382013643,
              49.1816831003942
            ],
            [
              -122.843399276945,
              49.1816866589717
            ],
            [
              -122.843415992383,
              49.1816912017932
            ],
            [
              -122.843560355536,
              49.1817320428667
            ],
            [
              -122.843708177018,
              49.1817671683047
            ],
            [
              -122.843858930257,
              49.181796452347
            ],
            [
              -122.843659969208,
              49.1820210800946
            ],
            [
              -122.8437256697,
              49.1820460878976
            ],
            [
              -122.843637537999,
              49.1821455883626
            ]
          ]
        ]
      },
      "properties": {
        "OBJECTID": 1775,
        "PROJECT_NO": "19-0103-00",
        "DESCRIPTION": "Development Permit Amendment to permit the reduction in outdoor amenity space and associated landscaping plan revisions for an approved 34-storey mixed-use residential tower with a single-storey retail podium.",
        "STATUS": "Concluded",
        "WEBLINK": "https://citizenportal.surrey.ca/citizenportal/integration/publicProjectForward.html?year=19 seq=0103",
        "source_dataset": "Development Applications",
        "source_url": "https://services5.arcgis.com/YRpe0VKTJytZSSIB/arcgis/rest/services/Development%20Applications/FeatureServer/0",
        "retrieved_at": "2026-10-06T20:03:04.899858+00:00",
        "licence": "Contains information licensed under the Open Government License – City of Surrey.",
        "licence_url": "https://opendata-surrey.hub.arcgis.com/pages/55089a19491a4fe59a41e059fd8af708",
        "source_sha256": "7dd44fc28b8f521f582d52527a18a64baed338509036006dc0ca9c8144ef862b"
      }
    },
    {
      "type": "Feature",
      "id": "1777",
      "geometry": {
        "type": "Polygon",
        "coordinates": [
          [
            [
              -122.853136412247,
              49.1871508832243
            ],
            [
              -122.852423344422,
              49.186841089979
            ],
            [
              -122.852318230029,
              49.1868034118119
            ],
            [
              -122.852253970458,
              49.186780378043
            ],
            [
              -122.852256694802,
              49.1863599362509
            ],
            [
              -122.852256781145,
              49.1863466079818
            ],
            [
              -122.85272339977,
              49.1865110250998
            ],
            [
              -122.853425912053,
              49.1868164421801
            ],
            [
              -122.853437437671,
              49.1868538216028
            ],
            [
              -122.853136412247,
              49.1871508832243
            ]
          ]
        ]
      },
      "properties": {
        "OBJECTID": 1777,
        "PROJECT_NO": "19-0105-00",
        "DESCRIPTION": "Rezoning from CD Bylaw No. 19661 to CD (based on RM-135); Development Permit to permit the development of a 32-storey residential apartment building in City Centre.\r\n",
        "STATUS": "Concluded",
        "WEBLINK": "https://citizenportal.surrey.ca/citizenportal/integration/publicProjectForward.html?year=19 seq=0105",
        "source_dataset": "Development Applications",
        "source_url": "https://services5.arcgis.com/YRpe0VKTJytZSSIB/arcgis/rest/services/Development%20Applications/FeatureServer/0",
        "retrieved_at": "2026-10-06T20:03:04.899858+00:00",
        "licence": "Contains information licensed under the Open Government License – City of Surrey.",
        "licence_url": "https://opendata-surrey.hub.arcgis.com/pages/55089a19491a4fe59a41e059fd8af708",
        "source_sha256": "7dd44fc28b8f521f582d52527a18a64baed338509036006dc0ca9c8144ef862b"
      }
    },
    {
      "type": "Feature",
      "id": "1823",
      "geometry": {
        "type": "Polygon",
        "coordinates": [
          [
            [
              -122.843554543782,
              49.18323704915
            ],
            [
              -122.843553091754,
              49.1832884780093
            ],
            [
              -122.843160883991,
              49.183393720385
            ],
            [
              -122.842363599274,
              49.182127828642
            ],
            [
              -122.842433437668,
              49.1820889192673
            ],
            [
              -122.843020185908,
              49.1823120821183
            ],
            [
              -122.843099582099,
              49.1824088323047
            ],
            [
              -122.843142965097,
              49.1824408021901
            ],
            [
              -122.843185622307,
              49.1824731884571
            ],
            [
              -122.843227542766,
              49.1825059856945
            ],
            [
              -122.843614063392,
              49.1826625833082
            ],
            [
              -122.843597927042,
              49.1826796984706
            ],
            [
              -122.843722113691,
              49.1827300128814
            ],
            [
              -122.843709166166,
              49.1831899043608
            ],
            [
              -122.843610611959,
              49.1831887103967
            ],
            [
              -122.843609230761,
              49.1832377124118
            ],
            [
              -122.843554543782,
              49.18323704915
            ]
          ]
        ]
      },
      "properties": {
        "OBJECTID": 1823,
        "PROJECT_NO": "16-0360-00",
        "DESCRIPTION": "Development Permit; Development Variance Permit to permit the development of a high-rise apartment building with townhouse podium as the final phase of the Park Place development.",
        "STATUS": "Concluded",
        "WEBLINK": "https://citizenportal.surrey.ca/citizenportal/integration/publicProjectForward.html?year=16 seq=0360",
        "source_dataset": "Development Applications",
        "source_url": "https://services5.arcgis.com/YRpe0VKTJytZSSIB/arcgis/rest/services/Development%20Applications/FeatureServer/0",
        "retrieved_at": "2026-10-06T20:03:04.899858+00:00",
        "licence": "Contains information licensed under the Open Government License – City of Surrey.",
        "licence_url": "https://opendata-surrey.hub.arcgis.com/pages/55089a19491a4fe59a41e059fd8af708",
        "source_sha256": "7dd44fc28b8f521f582d52527a18a64baed338509036006dc0ca9c8144ef862b"
      }
    },
    {
      "type": "Feature",
      "id": "1852",
      "geometry": {
        "type": "Polygon",
        "coordinates": [
          [
            [
              -122.843249872595,
              49.1878166458003
            ],
            [
              -122.842414684179,
              49.1878085711411
            ],
            [
              -122.842413628934,
              49.1874109905959
            ],
            [
              -122.843112129359,
              49.1874179603435
            ],
            [
              -122.843249632702,
              49.187419498148
            ],
            [
              -122.843249872595,
              49.1878166458003
            ]
          ]
        ]
      },
      "properties": {
        "OBJECTID": 1852,
        "PROJECT_NO": "17-0351-00",
        "DESCRIPTION": "Terminate Land Use Contract No. 264 to allow the existing underlying Multiple Residential 45 (RM-45) Zone to come into effect.",
        "STATUS": "Concluded",
        "WEBLINK": "https://citizenportal.surrey.ca/citizenportal/integration/publicProjectForward.html?year=17 seq=0351",
        "source_dataset": "Development Applications",
        "source_url": "https://services5.arcgis.com/YRpe0VKTJytZSSIB/arcgis/rest/services/Development%20Applications/FeatureServer/0",
        "retrieved_at": "2026-10-06T20:03:04.899858+00:00",
        "licence": "Contains information licensed under the Open Government License – City of Surrey.",
        "licence_url": "https://opendata-surrey.hub.arcgis.com/pages/55089a19491a4fe59a41e059fd8af708",
        "source_sha256": "7dd44fc28b8f521f582d52527a18a64baed338509036006dc0ca9c8144ef862b"
      }
    },
    {
      "type": "Feature",
      "id": "1895",
      "geometry": {
        "type": "Polygon",
        "coordinates": [
          [
            [
              -122.844245747595,
              49.188701566317
            ],
            [
              -122.844204610598,
              49.1887281360982
            ],
            [
              -122.843457808066,
              49.1887207926697
            ],
            [
              -122.843399518679,
              49.1887164417678
            ],
            [
              -122.84334195261,
              49.188709028909
            ],
            [
              -122.843285484374,
              49.1886986040769
            ],
            [
              -122.843230480202,
              49.1886852325364
            ],
            [
              -122.843214868762,
              49.1886328531482
            ],
            [
              -122.843272764527,
              49.1885845161836
            ],
            [
              -122.843323893381,
              49.1885330045545
            ],
            [
              -122.843367854688,
              49.1884787252148
            ],
            [
              -122.843404302648,
              49.1884221058812
            ],
            [
              -122.843432947681,
              49.1883635905374
            ],
            [
              -122.843453566028,
              49.1883036412456
            ],
            [
              -122.843465994285,
              49.1882427309428
            ],
            [
              -122.843470136281,
              49.1881813371532
            ],
            [
              -122.843470082785,
              49.1880073161796
            ],
            [
              -122.843538652801,
              49.1879630243495
            ],
            [
              -122.84420425749,
              49.1879694949518
            ],
            [
              -122.844245419399,
              49.187996870179
            ],
            [
              -122.844245747595,
              49.188701566317
            ]
          ]
        ]
      },
      "properties": {
        "OBJECTID": 1895,
        "PROJECT_NO": "19-0129-00",
        "DESCRIPTION": "Development Permit to permit temporary on-site real estate development marketing signage for a mixed-use high rise project under construction in the City Centre.",
        "STATUS": "Concluded",
        "WEBLINK": "https://citizenportal.surrey.ca/citizenportal/integration/publicProjectForward.html?year=19 seq=0129",
        "source_dataset": "Development Applications",
        "source_url": "https://services5.arcgis.com/YRpe0VKTJytZSSIB/arcgis/rest/services/Development%20Applications/FeatureServer/0",
        "retrieved_at": "2026-10-06T20:03:04.899858+00:00",
        "licence": "Contains information licensed under the Open Government License – City of Surrey.",
        "licence_url": "https://opendata-surrey.hub.arcgis.com/pages/55089a19491a4fe59a41e059fd8af708",
        "source_sha256": "7dd44fc28b8f521f582d52527a18a64baed338509036006dc0ca9c8144ef862b"
      }
    },
    {
      "type": "Feature",
      "id": "1935",
      "geometry": {
        "type": "Polygon",
        "coordinates": [
          [
            [
              -122.842236053318,
              49.1781877298829
            ],
            [
              -122.842257507419,
              49.1777896495921
            ],
            [
              -122.843179702966,
              49.1777906752513
            ],
            [
              -122.843158527905,
              49.1781835540831
            ],
            [
              -122.84321183047,
              49.178183312523
            ],
            [
              -122.843202500121,
              49.1783470951489
            ],
            [
              -122.842701131586,
              49.1783493764143
            ],
            [
              -122.84219975998,
              49.1783517454524
            ],
            [
              -122.842209394483,
              49.1781878508802
            ],
            [
              -122.842236053318,
              49.1781877298829
            ]
          ]
        ]
      },
      "properties": {
        "OBJECTID": 1935,
        "PROJECT_NO": "14-0021-00",
        "DESCRIPTION": "OCP Amendment for a portion from Multiple Residential to Commercial; Amend Comprehensive Development Zone (By-law No.17437) (based upon C-35); Rezone from RF and CD By-law No. 17437 to CD (based upon C-35); Development Permit in order to permit the development of a 12-storey office/retail development.",
        "STATUS": "Concluded",
        "WEBLINK": "https://citizenportal.surrey.ca/citizenportal/integration/publicProjectForward.html?year=14 seq=0021",
        "source_dataset": "Development Applications",
        "source_url": "https://services5.arcgis.com/YRpe0VKTJytZSSIB/arcgis/rest/services/Development%20Applications/FeatureServer/0",
        "retrieved_at": "2026-10-06T20:03:04.899858+00:00",
        "licence": "Contains information licensed under the Open Government License – City of Surrey.",
        "licence_url": "https://opendata-surrey.hub.arcgis.com/pages/55089a19491a4fe59a41e059fd8af708",
        "source_sha256": "7dd44fc28b8f521f582d52527a18a64baed338509036006dc0ca9c8144ef862b"
      }
    },
    {
      "type": "Feature",
      "id": "1972",
      "geometry": {
        "type": "Polygon",
        "coordinates": [
          [
            [
              -122.843179652497,
              49.1777905807317
            ],
            [
              -122.843158488413,
              49.1781834595784
            ],
            [
              -122.843156914284,
              49.1782126590215
            ],
            [
              -122.843114316818,
              49.1782398048771
            ],
            [
              -122.842707544487,
              49.1782416560268
            ],
            [
              -122.842274125613,
              49.1782436267729
            ],
            [
              -122.842234432229,
              49.1782168554876
            ],
            [
              -122.842236006938,
              49.1781876443637
            ],
            [
              -122.842257450061,
              49.1777895649575
            ],
            [
              -122.843179652497,
              49.1777905807317
            ]
          ]
        ]
      },
      "properties": {
        "OBJECTID": 1972,
        "PROJECT_NO": "16-0432-00",
        "DESCRIPTION": "Rezoning from CD By-law No. 17437  as amended and CD Bylaw No. 18287 to CD (based upon C-35) Development Permit to permit additional hospital related uses  an increase in density and additional signage as part of a comprehensive sign package.",
        "STATUS": "Concluded",
        "WEBLINK": "https://citizenportal.surrey.ca/citizenportal/integration/publicProjectForward.html?year=16 seq=0432",
        "source_dataset": "Development Applications",
        "source_url": "https://services5.arcgis.com/YRpe0VKTJytZSSIB/arcgis/rest/services/Development%20Applications/FeatureServer/0",
        "retrieved_at": "2026-10-06T20:03:04.899858+00:00",
        "licence": "Contains information licensed under the Open Government License – City of Surrey.",
        "licence_url": "https://opendata-surrey.hub.arcgis.com/pages/55089a19491a4fe59a41e059fd8af708",
        "source_sha256": "7dd44fc28b8f521f582d52527a18a64baed338509036006dc0ca9c8144ef862b"
      }
    },
    {
      "type": "Feature",
      "id": "2020",
      "geometry": {
        "type": "Polygon",
        "coordinates": [
          [
            [
              -122.845872487523,
              49.1828696317967
            ],
            [
              -122.845888093059,
              49.1824063370693
            ],
            [
              -122.845847269926,
              49.1820281141538
            ],
            [
              -122.845847092107,
              49.1820089349594
            ],
            [
              -122.845844424966,
              49.1817220889996
            ],
            [
              -122.845889387858,
              49.1816844540479
            ],
            [
              -122.846047019679,
              49.1816579643277
            ],
            [
              -122.846151486227,
              49.1816432855213
            ],
            [
              -122.846257398505,
              49.1816340831071
            ],
            [
              -122.84636409085,
              49.1816304164645
            ],
            [
              -122.84706433681,
              49.1816275993273
            ],
            [
              -122.847068707879,
              49.1820032332886
            ],
            [
              -122.847073045976,
              49.1823757817813
            ],
            [
              -122.847074477022,
              49.1824987463186
            ],
            [
              -122.84707604295,
              49.182633160295
            ],
            [
              -122.847078754219,
              49.1828661457685
            ],
            [
              -122.847010601622,
              49.1829114405704
            ],
            [
              -122.845941227975,
              49.1829155394549
            ],
            [
              -122.845872487523,
              49.1828696317967
            ]
          ]
        ]
      },
      "properties": {
        "OBJECTID": 2020,
        "PROJECT_NO": "21-0300-00",
        "DESCRIPTION": "Development Permit to permit a comprehensive sign design package for a mixed-use project  including\r\n2 market residential towers  1 rental tower  1 office building and ground-level commercial in multiple phases",
        "STATUS": "Concluded",
        "WEBLINK": "https://citizenportal.surrey.ca/citizenportal/integration/publicProjectForward.html?year=21 seq=0300",
        "source_dataset": "Development Applications",
        "source_url": "https://services5.arcgis.com/YRpe0VKTJytZSSIB/arcgis/rest/services/Development%20Applications/FeatureServer/0",
        "retrieved_at": "2026-10-06T20:03:04.899858+00:00",
        "licence": "Contains information licensed under the Open Government License – City of Surrey.",
        "licence_url": "https://opendata-surrey.hub.arcgis.com/pages/55089a19491a4fe59a41e059fd8af708",
        "source_sha256": "7dd44fc28b8f521f582d52527a18a64baed338509036006dc0ca9c8144ef862b"
      }
    },
    {
      "type": "Feature",
      "id": "2029",
      "geometry": {
        "type": "Polygon",
        "coordinates": [
          [
            [
              -122.845655240442,
              49.18798030536
            ],
            [
              -122.84571794901,
              49.1879393704546
            ],
            [
              -122.846700965813,
              49.1879425819555
            ],
            [
              -122.846697639271,
              49.1883920785212
            ],
            [
              -122.846377329819,
              49.1883909287828
            ],
            [
              -122.846361960325,
              49.1888293450345
            ],
            [
              -122.845651068928,
              49.1888267681104
            ],
            [
              -122.845653163576,
              49.1887278214245
            ],
            [
              -122.845673838226,
              49.1884812853611
            ],
            [
              -122.845666446914,
              49.1883880821025
            ],
            [
              -122.845655220974,
              49.1882481897706
            ],
            [
              -122.845655240442,
              49.18798030536
            ]
          ]
        ]
      },
      "properties": {
        "OBJECTID": 2029,
        "PROJECT_NO": "21-0313-00",
        "DESCRIPTION": "OCP Text Amendment to allow for a FAR of 10.9 within the  Downtown  designation; City Centre Plan Amendment to allow for a FAR of 10.9 within the  Central Business District- Area 2 (7.5 FAR)  designation; Rezoning from C-8 to CD; Development Permit\r\nto permit the development of a 67-storey mixed-use building consisting of a 7-storey commercial and office podium including 19 422 square metres of commercial and office floor space  an 8-storey residential podium and residential tower consisting of\r\n746 residential dwelling units.",
        "STATUS": "Conditional Approval",
        "WEBLINK": "https://citizenportal.surrey.ca/citizenportal/integration/publicProjectForward.html?year=21 seq=0313",
        "source_dataset": "Development Applications",
        "source_url": "https://services5.arcgis.com/YRpe0VKTJytZSSIB/arcgis/rest/services/Development%20Applications/FeatureServer/0",
        "retrieved_at": "2026-10-06T20:03:04.899858+00:00",
        "licence": "Contains information licensed under the Open Government License – City of Surrey.",
        "licence_url": "https://opendata-surrey.hub.arcgis.com/pages/55089a19491a4fe59a41e059fd8af708",
        "source_sha256": "7dd44fc28b8f521f582d52527a18a64baed338509036006dc0ca9c8144ef862b"
      }
    },
    {
      "type": "Feature",
      "id": "2037",
      "geometry": {
        "type": "Polygon",
        "coordinates": [
          [
            [
              -122.844245747595,
              49.188701566317
            ],
            [
              -122.844204610598,
              49.1887281360982
            ],
            [
              -122.843457808066,
              49.1887207926697
            ],
            [
              -122.843399518679,
              49.1887164417678
            ],
            [
              -122.84334195261,
              49.188709028909
            ],
            [
              -122.843285484374,
              49.1886986040769
            ],
            [
              -122.843230480202,
              49.1886852325364
            ],
            [
              -122.843214868762,
              49.1886328531482
            ],
            [
              -122.843272764527,
              49.1885845161836
            ],
            [
              -122.843323893381,
              49.1885330045545
            ],
            [
              -122.843367854688,
              49.1884787252148
            ],
            [
              -122.843404302648,
              49.1884221058812
            ],
            [
              -122.843432947681,
              49.1883635905374
            ],
            [
              -122.843453566028,
              49.1883036412456
            ],
            [
              -122.843465994285,
              49.1882427309428
            ],
            [
              -122.843470136281,
              49.1881813371532
            ],
            [
              -122.843470082785,
              49.1880073161796
            ],
            [
              -122.843538652801,
              49.1879630243495
            ],
            [
              -122.84420425749,
              49.1879694949518
            ],
            [
              -122.844245419399,
              49.187996870179
            ],
            [
              -122.844245747595,
              49.188701566317
            ]
          ]
        ]
      },
      "properties": {
        "OBJECTID": 2037,
        "PROJECT_NO": "21-0328-00",
        "DESCRIPTION": "Development Permit to permit a comprehensive sign design package for a 30-storey high-rise with ground floor commercial uses within a multi-phased mixed-use high-rise development in the City Centre.",
        "STATUS": "Concluded",
        "WEBLINK": "https://citizenportal.surrey.ca/citizenportal/integration/publicProjectForward.html?year=21 seq=0328",
        "source_dataset": "Development Applications",
        "source_url": "https://services5.arcgis.com/YRpe0VKTJytZSSIB/arcgis/rest/services/Development%20Applications/FeatureServer/0",
        "retrieved_at": "2026-10-06T20:03:04.899858+00:00",
        "licence": "Contains information licensed under the Open Government License – City of Surrey.",
        "licence_url": "https://opendata-surrey.hub.arcgis.com/pages/55089a19491a4fe59a41e059fd8af708",
        "source_sha256": "7dd44fc28b8f521f582d52527a18a64baed338509036006dc0ca9c8144ef862b"
      }
    },
    {
      "type": "Feature",
      "id": "2051",
      "geometry": {
        "type": "Polygon",
        "coordinates": [
          [
            [
              -122.852806714414,
              49.1902182401692
            ],
            [
              -122.852628123501,
              49.1902194750625
            ],
            [
              -122.852251619284,
              49.1902168558362
            ],
            [
              -122.852211062499,
              49.190189723525
            ],
            [
              -122.852226538521,
              49.189493282172
            ],
            [
              -122.852825366575,
              49.1894952575876
            ],
            [
              -122.85282407152,
              49.1895866979071
            ],
            [
              -122.852815125304,
              49.1899159189639
            ],
            [
              -122.852812066498,
              49.1900129638139
            ],
            [
              -122.852809374466,
              49.190140886477
            ],
            [
              -122.852806714414,
              49.1902182401692
            ]
          ]
        ]
      },
      "properties": {
        "OBJECTID": 2051,
        "PROJECT_NO": "24-0339-00",
        "DESCRIPTION": "Development Variance Permit to reduce the minimum 400-metre separation distance between a proposed small-scale \ndrug store and existing drug stores.\n",
        "STATUS": "Concluded",
        "WEBLINK": "https://citizenportal.surrey.ca/citizenportal/integration/publicProjectForward.html?year=24 seq=0339",
        "source_dataset": "Development Applications",
        "source_url": "https://services5.arcgis.com/YRpe0VKTJytZSSIB/arcgis/rest/services/Development%20Applications/FeatureServer/0",
        "retrieved_at": "2026-10-06T20:03:04.899858+00:00",
        "licence": "Contains information licensed under the Open Government License – City of Surrey.",
        "licence_url": "https://opendata-surrey.hub.arcgis.com/pages/55089a19491a4fe59a41e059fd8af708",
        "source_sha256": "7dd44fc28b8f521f582d52527a18a64baed338509036006dc0ca9c8144ef862b"
      }
    },
    {
      "type": "Feature",
      "id": "2064",
      "geometry": {
        "type": "Polygon",
        "coordinates": [
          [
            [
              -122.843434922601,
              49.1876702837599
            ],
            [
              -122.843434490995,
              49.1869280624347
            ],
            [
              -122.84395974805,
              49.1869331801105
            ],
            [
              -122.843960511729,
              49.187702350082
            ],
            [
              -122.843876884117,
              49.1877015345292
            ],
            [
              -122.843476101681,
              49.1876976583867
            ],
            [
              -122.843434922601,
              49.1876702837599
            ]
          ]
        ]
      },
      "properties": {
        "OBJECTID": 2064,
        "PROJECT_NO": "25-0015-00",
        "DESCRIPTION": "Rezoning from Community Commercial Zone (C-8) to Comprehensive Development Zone (CD) (based on C-8); Liquor and Cannabis Regulation Branch Recommendation to permit a cannabis retail store in an existing commercial retail unit. ",
        "STATUS": "Concluded",
        "WEBLINK": "https://citizenportal.surrey.ca/citizenportal/integration/publicProjectForward.html?year=25 seq=0015",
        "source_dataset": "Development Applications",
        "source_url": "https://services5.arcgis.com/YRpe0VKTJytZSSIB/arcgis/rest/services/Development%20Applications/FeatureServer/0",
        "retrieved_at": "2026-10-06T20:03:04.899858+00:00",
        "licence": "Contains information licensed under the Open Government License – City of Surrey.",
        "licence_url": "https://opendata-surrey.hub.arcgis.com/pages/55089a19491a4fe59a41e059fd8af708",
        "source_sha256": "7dd44fc28b8f521f582d52527a18a64baed338509036006dc0ca9c8144ef862b"
      }
    },
    {
      "type": "Feature",
      "id": "2084",
      "geometry": {
        "type": "Polygon",
        "coordinates": [
          [
            [
              -122.84270172916,
              49.1783495850207
            ],
            [
              -122.843202950883,
              49.1783473035534
            ],
            [
              -122.843193609268,
              49.1785111581213
            ],
            [
              -122.8431847167,
              49.1786753110395
            ],
            [
              -122.843175824353,
              49.1788393748987
            ],
            [
              -122.843166931664,
              49.179003527806
            ],
            [
              -122.843158956773,
              49.1791677098399
            ],
            [
              -122.842656522131,
              49.1791699624802
            ],
            [
              -122.842155006675,
              49.1791722429762
            ],
            [
              -122.842163904117,
              49.1790080892574
            ],
            [
              -122.842172937051,
              49.1788440256719
            ],
            [
              -122.842181831341,
              49.1786799618916
            ],
            [
              -122.842190864437,
              49.1785158092417
            ],
            [
              -122.842200508768,
              49.1783518643145
            ],
            [
              -122.84270172916,
              49.1783495850207
            ]
          ]
        ]
      },
      "properties": {
        "OBJECTID": 2084,
        "PROJECT_NO": "21-0347-00",
        "DESCRIPTION": "OCP Amendment of a portion to Figure 16: Central Business District Densities from 3.5 FAR to 7.5 FAR; Rezoning of a portion from RF to CD; Development Permit to permit the development of a 23-storey office tower with ground floor commercial retail space.",
        "STATUS": "Concluded",
        "WEBLINK": "https://citizenportal.surrey.ca/citizenportal/integration/publicProjectForward.html?year=21 seq=0347",
        "source_dataset": "Development Applications",
        "source_url": "https://services5.arcgis.com/YRpe0VKTJytZSSIB/arcgis/rest/services/Development%20Applications/FeatureServer/0",
        "retrieved_at": "2026-10-06T20:03:04.899858+00:00",
        "licence": "Contains information licensed under the Open Government License – City of Surrey.",
        "licence_url": "https://opendata-surrey.hub.arcgis.com/pages/55089a19491a4fe59a41e059fd8af708",
        "source_sha256": "7dd44fc28b8f521f582d52527a18a64baed338509036006dc0ca9c8144ef862b"
      }
    },
    {
      "type": "Feature",
      "id": "2112",
      "geometry": {
        "type": "Polygon",
        "coordinates": [
          [
            [
              -122.850484784642,
              49.1900457983045
            ],
            [
              -122.850251674851,
              49.190045638418
            ],
            [
              -122.850104908172,
              49.1900455370822
            ],
            [
              -122.850034502157,
              49.1899985404672
            ],
            [
              -122.850037976974,
              49.1898791716339
            ],
            [
              -122.850042748437,
              49.1896954114529
            ],
            [
              -122.850286377957,
              49.1896963320107
            ],
            [
              -122.850521789564,
              49.1896972216291
            ],
            [
              -122.850962995073,
              49.1896988883483
            ],
            [
              -122.851034237654,
              49.1896991565685
            ],
            [
              -122.851032847159,
              49.1897582027815
            ],
            [
              -122.851031628317,
              49.1898103578975
            ],
            [
              -122.851029993184,
              49.1898800308694
            ],
            [
              -122.851025586467,
              49.190067851144
            ],
            [
              -122.85097377204,
              49.1900938698365
            ],
            [
              -122.850813453801,
              49.190067326352
            ],
            [
              -122.850649928435,
              49.1900512508534
            ],
            [
              -122.850484784642,
              49.1900457983045
            ]
          ]
        ]
      },
      "properties": {
        "OBJECTID": 2112,
        "PROJECT_NO": "22-0022-00",
        "DESCRIPTION": "Rezone amendment of CD By-law No. 17987 to increase the allowable floor area for an eating establishment from 150 square metres to 195 square metres and to increase the minimum required parking for commercial uses from 0 spaces to 10 spaces.",
        "STATUS": "Concluded",
        "WEBLINK": "https://citizenportal.surrey.ca/citizenportal/integration/publicProjectForward.html?year=22 seq=0022",
        "source_dataset": "Development Applications",
        "source_url": "https://services5.arcgis.com/YRpe0VKTJytZSSIB/arcgis/rest/services/Development%20Applications/FeatureServer/0",
        "retrieved_at": "2026-10-06T20:03:04.899858+00:00",
        "licence": "Contains information licensed under the Open Government License – City of Surrey.",
        "licence_url": "https://opendata-surrey.hub.arcgis.com/pages/55089a19491a4fe59a41e059fd8af708",
        "source_sha256": "7dd44fc28b8f521f582d52527a18a64baed338509036006dc0ca9c8144ef862b"
      }
    },
    {
      "type": "Feature",
      "id": "2119",
      "geometry": {
        "type": "Polygon",
        "coordinates": [
          [
            [
              -122.847532410497,
              49.1893365467548
            ],
            [
              -122.847526414519,
              49.1895879617652
            ],
            [
              -122.846577265654,
              49.1895845360357
            ],
            [
              -122.846582167434,
              49.1893330278671
            ],
            [
              -122.847532410497,
              49.1893365467548
            ]
          ]
        ]
      },
      "properties": {
        "OBJECTID": 2119,
        "PROJECT_NO": "25-0080-00",
        "DESCRIPTION": "Development Variance Permit to reduce the required parking rate from 3.5 spaces to 1.64 spaces per 100 square metres of gross floor area for a community service use.",
        "STATUS": "Concluded",
        "WEBLINK": "https://citizenportal.surrey.ca/citizenportal/integration/publicProjectForward.html?year=25 seq=0080",
        "source_dataset": "Development Applications",
        "source_url": "https://services5.arcgis.com/YRpe0VKTJytZSSIB/arcgis/rest/services/Development%20Applications/FeatureServer/0",
        "retrieved_at": "2026-10-06T20:03:04.899858+00:00",
        "licence": "Contains information licensed under the Open Government License – City of Surrey.",
        "licence_url": "https://opendata-surrey.hub.arcgis.com/pages/55089a19491a4fe59a41e059fd8af708",
        "source_sha256": "7dd44fc28b8f521f582d52527a18a64baed338509036006dc0ca9c8144ef862b"
      }
    },
    {
      "type": "Feature",
      "id": "2125",
      "geometry": {
        "type": "Polygon",
        "coordinates": [
          [
            [
              -122.843452782221,
              49.1788382484355
            ],
            [
              -122.843953807189,
              49.1788359517473
            ],
            [
              -122.84394487333,
              49.1790000524851
            ],
            [
              -122.84393594078,
              49.1791641541188
            ],
            [
              -122.843435112842,
              49.1791664465
            ],
            [
              -122.84344394825,
              49.1790023465718
            ],
            [
              -122.843452782221,
              49.1788382484355
            ]
          ]
        ]
      },
      "properties": {
        "OBJECTID": 2125,
        "PROJECT_NO": "25-0095-00",
        "DESCRIPTION": "Rezoning from Urban Residential Zone (R3) and Neighbourhood Commercial Zone (C5) to Comprehensive Development Zone (CD) (based on Town Centre Commercial Zone (C-15) and Multiple Residential Commercial 135 Zone (RM-135); Subdivision (Consolidation) from two (2) lots into one (1) lot; Official Community Plan (OCP) Text Amendment to permit a higher density in the Downtown designation from 7.5 FAR to 18.9 FAR; Neighbourhood Concept Plan (NCP) Text Amendment to the City Centre Plan to allow for a density of 18.9 FAR within the Employment designation; Housing Agreement   Development Permit to permit the development of a 43 storey mixed use building containing 180 residential units and 12 830 sq. m of commercial space which includes 266 hotel suites. ",
        "STATUS": "Conditional Approval",
        "WEBLINK": "https://citizenportal.surrey.ca/citizenportal/integration/publicProjectForward.html?year=25 seq=0095",
        "source_dataset": "Development Applications",
        "source_url": "https://services5.arcgis.com/YRpe0VKTJytZSSIB/arcgis/rest/services/Development%20Applications/FeatureServer/0",
        "retrieved_at": "2026-10-06T20:03:04.899858+00:00",
        "licence": "Contains information licensed under the Open Government License – City of Surrey.",
        "licence_url": "https://opendata-surrey.hub.arcgis.com/pages/55089a19491a4fe59a41e059fd8af708",
        "source_sha256": "7dd44fc28b8f521f582d52527a18a64baed338509036006dc0ca9c8144ef862b"
      }
    },
    {
      "type": "Feature",
      "id": "2135",
      "geometry": {
        "type": "Polygon",
        "coordinates": [
          [
            [
              -122.845986928094,
              49.1786224851615
            ],
            [
              -122.846024581548,
              49.1781385706662
            ],
            [
              -122.846545812319,
              49.178136056694
            ],
            [
              -122.846821515466,
              49.1781347243875
            ],
            [
              -122.846890091016,
              49.1781343934423
            ],
            [
              -122.846892977946,
              49.1784034974336
            ],
            [
              -122.846927279607,
              49.1784033387098
            ],
            [
              -122.846928529886,
              49.1785198138548
            ],
            [
              -122.846929585055,
              49.1786181361391
            ],
            [
              -122.845986928094,
              49.1786224851615
            ]
          ]
        ]
      },
      "properties": {
        "OBJECTID": 2135,
        "PROJECT_NO": "25-0130-00",
        "DESCRIPTION": "Development Variance Permit to reduce the minimum 400-metre separation requirement between the proposed small-scale drug store and existing drug stores.",
        "STATUS": "Closed",
        "WEBLINK": "https://citizenportal.surrey.ca/citizenportal/integration/publicProjectForward.html?year=25 seq=0130",
        "source_dataset": "Development Applications",
        "source_url": "https://services5.arcgis.com/YRpe0VKTJytZSSIB/arcgis/rest/services/Development%20Applications/FeatureServer/0",
        "retrieved_at": "2026-10-06T20:03:04.899858+00:00",
        "licence": "Contains information licensed under the Open Government License – City of Surrey.",
        "licence_url": "https://opendata-surrey.hub.arcgis.com/pages/55089a19491a4fe59a41e059fd8af708",
        "source_sha256": "7dd44fc28b8f521f582d52527a18a64baed338509036006dc0ca9c8144ef862b"
      }
    },
    {
      "type": "Feature",
      "id": "2167",
      "geometry": {
        "type": "Polygon",
        "coordinates": [
          [
            [
              -122.843111884678,
              49.1881811299068
            ],
            [
              -122.843109285389,
              49.1882210656279
            ],
            [
              -122.843101336367,
              49.1882606351676
            ],
            [
              -122.843088175409,
              49.1882996570063
            ],
            [
              -122.843069799523,
              49.1883377722248
            ],
            [
              -122.843046488427,
              49.1883746213875
            ],
            [
              -122.843018378545,
              49.1884100247704
            ],
            [
              -122.842985746574,
              49.188443711987
            ],
            [
              -122.842948590611,
              49.18847541497
            ],
            [
              -122.842907461836,
              49.1885048628061
            ],
            [
              -122.842062769252,
              49.189058538896
            ],
            [
              -122.842005406639,
              49.1890996590303
            ],
            [
              -122.84195366374,
              49.1891438461364
            ],
            [
              -122.841907949316,
              49.1891907391694
            ],
            [
              -122.841868814272,
              49.189240160783
            ],
            [
              -122.841836258688,
              49.1892916603184
            ],
            [
              -122.841810700137,
              49.1893446986334
            ],
            [
              -122.841792272332,
              49.1893990969088
            ],
            [
              -122.841781251503,
              49.1894543140078
            ],
            [
              -122.841777505693,
              49.1895099917377
            ],
            [
              -122.84177746344,
              49.1896075936546
            ],
            [
              -122.841204370716,
              49.1896019289503
            ],
            [
              -122.841203189758,
              49.1878873047917
            ],
            [
              -122.84307008568,
              49.1879053636387
            ],
            [
              -122.84311185336,
              49.1879332159464
            ],
            [
              -122.843111884678,
              49.1881811299068
            ]
          ]
        ]
      },
      "properties": {
        "OBJECTID": 2167,
        "PROJECT_NO": "22-0062-00",
        "DESCRIPTION": "Development Permit to permit temporary on-site real estate development marketing signage for a conditionally approved mixed-use phased development consisting of three high-rise mixed-use towers  two low-rise residential buildings and one single-storey stand-alone commercial building.",
        "STATUS": "Concluded",
        "WEBLINK": "https://citizenportal.surrey.ca/citizenportal/integration/publicProjectForward.html?year=22 seq=0062",
        "source_dataset": "Development Applications",
        "source_url": "https://services5.arcgis.com/YRpe0VKTJytZSSIB/arcgis/rest/services/Development%20Applications/FeatureServer/0",
        "retrieved_at": "2026-10-06T20:03:04.899858+00:00",
        "licence": "Contains information licensed under the Open Government License – City of Surrey.",
        "licence_url": "https://opendata-surrey.hub.arcgis.com/pages/55089a19491a4fe59a41e059fd8af708",
        "source_sha256": "7dd44fc28b8f521f582d52527a18a64baed338509036006dc0ca9c8144ef862b"
      }
    },
    {
      "type": "Feature",
      "id": "2208",
      "geometry": {
        "type": "Polygon",
        "coordinates": [
          [
            [
              -122.847943692337,
              49.1888704303842
            ],
            [
              -122.848125714568,
              49.1888706761846
            ],
            [
              -122.848153097204,
              49.188870900192
            ],
            [
              -122.848180466304,
              49.1888715109741
            ],
            [
              -122.848207808153,
              49.1888725067138
            ],
            [
              -122.848253624535,
              49.1888750442337
            ],
            [
              -122.848299272927,
              49.1888786636523
            ],
            [
              -122.848344691582,
              49.1888833621904
            ],
            [
              -122.848391613095,
              49.1888893822976
            ],
            [
              -122.849536806522,
              49.189051006607
            ],
            [
              -122.849561186477,
              49.1890711411192
            ],
            [
              -122.849594282681,
              49.1890984751421
            ],
            [
              -122.849602703218,
              49.1891054295993
            ],
            [
              -122.849580869062,
              49.1899454025635
            ],
            [
              -122.849579984985,
              49.1899794325214
            ],
            [
              -122.849510265151,
              49.1900235887952
            ],
            [
              -122.849489129188,
              49.1900233498628
            ],
            [
              -122.848708847156,
              49.1900145188298
            ],
            [
              -122.84847071379,
              49.1899844663019
            ],
            [
              -122.848388426279,
              49.1899740820525
            ],
            [
              -122.848270348889,
              49.189959180055
            ],
            [
              -122.84826150293,
              49.1899580638076
            ],
            [
              -122.848229375971,
              49.1899540096795
            ],
            [
              -122.84816622422,
              49.1899539419665
            ],
            [
              -122.848133312297,
              49.1899539067901
            ],
            [
              -122.848029089607,
              49.1899537948841
            ],
            [
              -122.847925231983,
              49.1899536824653
            ],
            [
              -122.847918032285,
              49.1899536747841
            ],
            [
              -122.84785054149,
              49.1899086731393
            ],
            [
              -122.847855892942,
              49.1896829767093
            ],
            [
              -122.847904389806,
              49.1896834624665
            ],
            [
              -122.848091877715,
              49.1896853418716
            ],
            [
              -122.848093460759,
              49.1896160970465
            ],
            [
              -122.848037145247,
              49.1896156379622
            ],
            [
              -122.848006380397,
              49.1895944170875
            ],
            [
              -122.848011335013,
              49.1893568975604
            ],
            [
              -122.848026188766,
              49.1893433845401
            ],
            [
              -122.848003650873,
              49.1893327206079
            ],
            [
              -122.847969313676,
              49.1893639593541
            ],
            [
              -122.84786349826,
              49.1893622539287
            ],
            [
              -122.847869350711,
              49.189115456003
            ],
            [
              -122.847870800879,
              49.1890542825044
            ],
            [
              -122.847874098128,
              49.1889152748861
            ],
            [
              -122.847943692337,
              49.1888704303842
            ]
          ]
        ]
      },
      "properties": {
        "OBJECTID": 2208,
        "PROJECT_NO": "25-0294-00",
        "DESCRIPTION": "Comprehensive Development Zone (CD) Bylaw No. 21169 Amendment to the minimum lot sizes permitted for subdivision to facilitate Phase 1 of a previously approved high-rise office tower development.",
        "STATUS": "Concluded",
        "WEBLINK": "https://citizenportal.surrey.ca/citizenportal/integration/publicProjectForward.html?year=25 seq=0294",
        "source_dataset": "Development Applications",
        "source_url": "https://services5.arcgis.com/YRpe0VKTJytZSSIB/arcgis/rest/services/Development%20Applications/FeatureServer/0",
        "retrieved_at": "2026-10-06T20:03:04.899858+00:00",
        "licence": "Contains information licensed under the Open Government License – City of Surrey.",
        "licence_url": "https://opendata-surrey.hub.arcgis.com/pages/55089a19491a4fe59a41e059fd8af708",
        "source_sha256": "7dd44fc28b8f521f582d52527a18a64baed338509036006dc0ca9c8144ef862b"
      }
    },
    {
      "type": "Feature",
      "id": "2212",
      "geometry": {
        "type": "Polygon",
        "coordinates": [
          [
            [
              -122.855784317015,
              49.1915582823191
            ],
            [
              -122.855792680984,
              49.1909221966969
            ],
            [
              -122.856255405342,
              49.1909242811474
            ],
            [
              -122.856293926705,
              49.1909244550193
            ],
            [
              -122.856286692568,
              49.191515277626
            ],
            [
              -122.856217628199,
              49.1915599991598
            ],
            [
              -122.855784317015,
              49.1915582823191
            ]
          ]
        ]
      },
      "properties": {
        "OBJECTID": 2212,
        "PROJECT_NO": "25-0315-00",
        "DESCRIPTION": "Rezoning from Combined Service Gasoline Station Zone (CG-2) and Urban Residential Zone R3 to City Centre High-Rise Apartment Zone (MR10); Official Community Plan (OCP) Amendment from Multiple Residential to Downtown  and to Figure 16: Downtown Densities to 7.5 FAR; Neighbourhood Concept Plan (NCP) Amendment to the City Centre Plan from Low Rise Residential to High Rise Residential; Housing Agreement; Development Variance Permit for setbacks; and Development Permit to allow of a 24-storey residential building containing 230 rental units  including below-market rental units  over three levels of underground parking",
        "STATUS": "Conditional Approval",
        "WEBLINK": "https://citizenportal.surrey.ca/citizenportal/integration/publicProjectForward.html?year=25 seq=0315",
        "source_dataset": "Development Applications",
        "source_url": "https://services5.arcgis.com/YRpe0VKTJytZSSIB/arcgis/rest/services/Development%20Applications/FeatureServer/0",
        "retrieved_at": "2026-10-06T20:03:04.899858+00:00",
        "licence": "Contains information licensed under the Open Government License – City of Surrey.",
        "licence_url": "https://opendata-surrey.hub.arcgis.com/pages/55089a19491a4fe59a41e059fd8af708",
        "source_sha256": "7dd44fc28b8f521f582d52527a18a64baed338509036006dc0ca9c8144ef862b"
      }
    },
    {
      "type": "Feature",
      "id": "2225",
      "geometry": {
        "type": "Polygon",
        "coordinates": [
          [
            [
              -122.845171871633,
              49.1901804466225
            ],
            [
              -122.844333014387,
              49.1901728226046
            ],
            [
              -122.843474455415,
              49.1901650137733
            ],
            [
              -122.843198469656,
              49.1901625012201
            ],
            [
              -122.843102885557,
              49.1901612155108
            ],
            [
              -122.842134877443,
              49.190152504071
            ],
            [
              -122.842053310007,
              49.1901520732164
            ],
            [
              -122.842053516902,
              49.1895102453986
            ],
            [
              -122.842056185527,
              49.1894703736716
            ],
            [
              -122.842064141066,
              49.1894308051203
            ],
            [
              -122.842077326275,
              49.1893918419083
            ],
            [
              -122.842095640017,
              49.1893537798418
            ],
            [
              -122.842118942745,
              49.1893169083772
            ],
            [
              -122.842147057898,
              49.189281506125
            ],
            [
              -122.842179770506,
              49.1892478453466
            ],
            [
              -122.842216832727,
              49.1892161793675
            ],
            [
              -122.842257962445,
              49.1891867497726
            ],
            [
              -122.84274822261,
              49.188865293919
            ],
            [
              -122.8429871018,
              49.1888468258868
            ],
            [
              -122.843072763418,
              49.1888755456495
            ],
            [
              -122.843162055148,
              49.1888990439938
            ],
            [
              -122.843254235123,
              49.1889171247059
            ],
            [
              -122.843348540737,
              49.1889296383217
            ],
            [
              -122.843444191393,
              49.1889364821309
            ],
            [
              -122.844838573948,
              49.1889501891101
            ],
            [
              -122.844891934556,
              49.1889513204353
            ],
            [
              -122.844945320805,
              49.1889512742822
            ],
            [
              -122.844998676413,
              49.1889500532738
            ],
            [
              -122.845108335398,
              49.1889463324028
            ],
            [
              -122.845151234889,
              49.1889718862799
            ],
            [
              -122.845155214024,
              49.1890315126334
            ],
            [
              -122.845152546917,
              49.1892124239428
            ],
            [
              -122.845158552756,
              49.1893741895309
            ],
            [
              -122.845178418628,
              49.1897294667263
            ],
            [
              -122.845171871633,
              49.1901804466225
            ]
          ]
        ]
      },
      "properties": {
        "OBJECTID": 2225,
        "PROJECT_NO": "22-0103-00",
        "DESCRIPTION": "Rezoning from Comprehensive Development Zone (CD) Bylaw No. 14109 to a new Comprehensive Development Zone (CD); Subdivision from one (1) lot into four (4) lots; Neighbourhood Concept Plan (NCP) Amendment to the City Centre Plan for a portion of the site from Mid to High Rise Residential to Mid to High Rise Mixed-Use; Development Variance Permit to vary the definition of bond in the Surrey Subdivision and Development Bylaw to include the use of a Surety Bond for the servicing agreement; General Development Permit and Detailed Development Permit to permit the development of a mixed-use phased development consisting of three high rise mixed-use towers  two residential high rise towers (30  33  40  44 and 47-storey)  and one six-storey low rise mixed-use apartment. Phase 1 consists of one high rise residential tower with a townhouse podium and one mixed-use tower with a retail podium.",
        "STATUS": "Conditional Approval",
        "WEBLINK": "https://citizenportal.surrey.ca/citizenportal/integration/publicProjectForward.html?year=22 seq=0103",
        "source_dataset": "Development Applications",
        "source_url": "https://services5.arcgis.com/YRpe0VKTJytZSSIB/arcgis/rest/services/Development%20Applications/FeatureServer/0",
        "retrieved_at": "2026-10-06T20:03:04.899858+00:00",
        "licence": "Contains information licensed under the Open Government License – City of Surrey.",
        "licence_url": "https://opendata-surrey.hub.arcgis.com/pages/55089a19491a4fe59a41e059fd8af708",
        "source_sha256": "7dd44fc28b8f521f582d52527a18a64baed338509036006dc0ca9c8144ef862b"
      }
    },
    {
      "type": "Feature",
      "id": "2252",
      "geometry": {
        "type": "Polygon",
        "coordinates": [
          [
            [
              -122.844262660212,
              49.1782298963957
            ],
            [
              -122.844265539427,
              49.1781759291223
            ],
            [
              -122.844289456091,
              49.1777281498092
            ],
            [
              -122.845368219107,
              49.1777233924808
            ],
            [
              -122.845358879183,
              49.1779075353382
            ],
            [
              -122.845372575806,
              49.1779078343324
            ],
            [
              -122.845355119363,
              49.1782520249442
            ],
            [
              -122.844302379343,
              49.1782566850089
            ],
            [
              -122.844262660212,
              49.1782298963957
            ]
          ]
        ]
      },
      "properties": {
        "OBJECTID": 2252,
        "PROJECT_NO": "25-0336-00",
        "DESCRIPTION": "Development Permit Amendment / Development Variance Permit to reduce the outdoor amenity space requirement for a residential rental tower so the area can be reallocated as outdoor space for a child care centre with 320 child care spaces on the same lot  and associated landscape plan revisions.",
        "STATUS": "Concluded",
        "WEBLINK": "https://citizenportal.surrey.ca/citizenportal/integration/publicProjectForward.html?year=25 seq=0336",
        "source_dataset": "Development Applications",
        "source_url": "https://services5.arcgis.com/YRpe0VKTJytZSSIB/arcgis/rest/services/Development%20Applications/FeatureServer/0",
        "retrieved_at": "2026-10-06T20:03:04.899858+00:00",
        "licence": "Contains information licensed under the Open Government License – City of Surrey.",
        "licence_url": "https://opendata-surrey.hub.arcgis.com/pages/55089a19491a4fe59a41e059fd8af708",
        "source_sha256": "7dd44fc28b8f521f582d52527a18a64baed338509036006dc0ca9c8144ef862b"
      }
    },
    {
      "type": "Feature",
      "id": "2258",
      "geometry": {
        "type": "Polygon",
        "coordinates": [
          [
            [
              -122.847483803875,
              49.1915131187337
            ],
            [
              -122.845685073416,
              49.1915058566561
            ],
            [
              -122.845602212107,
              49.1914507817993
            ],
            [
              -122.845619572611,
              49.1901605797696
            ],
            [
              -122.847513090254,
              49.1901674337496
            ],
            [
              -122.847502162601,
              49.1905939847512
            ],
            [
              -122.847496026558,
              49.1908466597649
            ],
            [
              -122.847483803875,
              49.1915131187337
            ]
          ]
        ]
      },
      "properties": {
        "OBJECTID": 2258,
        "PROJECT_NO": "25-0393-00",
        "DESCRIPTION": "Rezoning from Community Commercial Zone (C-8) to Comprehensive Development Zone (CD) (based on Multiple Residential Commercial 135 Zone (RM-135 and Town Centre Commercial Zone (C-15); Subdivision from one (1) lot into three (3) lots; Development Variance Permit to vary the definition of  Bond  in the Surrey Subdivision and Development Bylaw  1986  No. 8830  as amended  to include the use of Surety Bond for Servicing Agreement; General Development Permit to permit the development of a mixed-use phased development consisting of four towers (40  42  49 and 50 storeys); Detailed Development Permit for Phase 1 consists of a 42-storey mixed-use tower with ground floor grocery store and upper-level childcare; OCP Amendment and City Centre Plan Amendment to allow a reduction of non-residential floor space in CBD Area 2.\n\n\n",
        "STATUS": "Conditional Approval",
        "WEBLINK": "https://citizenportal.surrey.ca/citizenportal/integration/publicProjectForward.html?year=25 seq=0393",
        "source_dataset": "Development Applications",
        "source_url": "https://services5.arcgis.com/YRpe0VKTJytZSSIB/arcgis/rest/services/Development%20Applications/FeatureServer/0",
        "retrieved_at": "2026-10-06T20:03:04.899858+00:00",
        "licence": "Contains information licensed under the Open Government License – City of Surrey.",
        "licence_url": "https://opendata-surrey.hub.arcgis.com/pages/55089a19491a4fe59a41e059fd8af708",
        "source_sha256": "7dd44fc28b8f521f582d52527a18a64baed338509036006dc0ca9c8144ef862b"
      }
    },
    {
      "type": "Feature",
      "id": "2365",
      "geometry": {
        "type": "Polygon",
        "coordinates": [
          [
            [
              -122.847483803875,
              49.1915131187337
            ],
            [
              -122.845685073416,
              49.1915058566561
            ],
            [
              -122.845602212107,
              49.1914507817993
            ],
            [
              -122.845619572611,
              49.1901605797696
            ],
            [
              -122.847513090254,
              49.1901674337496
            ],
            [
              -122.847502162601,
              49.1905939847512
            ],
            [
              -122.847496026558,
              49.1908466597649
            ],
            [
              -122.847483803875,
              49.1915131187337
            ]
          ]
        ]
      },
      "properties": {
        "OBJECTID": 2365,
        "PROJECT_NO": "22-0321-00",
        "DESCRIPTION": "Rezoning from Community Commercial Zone (C-8) to Comprehensive Development Zone (CD) (based on Multiple Residential Commercial 135 (RMC-135); Subdivision from one (1) lot into four (4) lots; Development Variance Permit to vary to the definition of Bond in the Surrey Subdivision and Development By-law  1986  No. 8830  as amended  to include the use of a Surety Bond for Servicing Agreement No. 7822-0321-00; General Development Permit  and Detailed Development Permit to allow the development of a mixed-use phased development consisting of three high-rise mixed-use towers (55  60 and 65 storeys) and one stand-alone office building (13 storeys). Phase 1 consists of a 55-storey mixed-use tower with ground floor food store  commercial  retail and childcare.\n",
        "STATUS": "Closed",
        "WEBLINK": "https://citizenportal.surrey.ca/citizenportal/integration/publicProjectForward.html?year=22 seq=0321",
        "source_dataset": "Development Applications",
        "source_url": "https://services5.arcgis.com/YRpe0VKTJytZSSIB/arcgis/rest/services/Development%20Applications/FeatureServer/0",
        "retrieved_at": "2026-10-06T20:03:04.899858+00:00",
        "licence": "Contains information licensed under the Open Government License – City of Surrey.",
        "licence_url": "https://opendata-surrey.hub.arcgis.com/pages/55089a19491a4fe59a41e059fd8af708",
        "source_sha256": "7dd44fc28b8f521f582d52527a18a64baed338509036006dc0ca9c8144ef862b"
      }
    },
    {
      "type": "Feature",
      "id": "2374",
      "geometry": {
        "type": "Polygon",
        "coordinates": [
          [
            [
              -122.848437918448,
              49.1905725501107
            ],
            [
              -122.848375686858,
              49.1905724684281
            ],
            [
              -122.848375538197,
              49.1906211131404
            ],
            [
              -122.848281125713,
              49.1906209891542
            ],
            [
              -122.848281177212,
              49.1906041481783
            ],
            [
              -122.848210662946,
              49.1906040555258
            ],
            [
              -122.848210927085,
              49.190517717863
            ],
            [
              -122.848201241838,
              49.1905177051337
            ],
            [
              -122.848201989155,
              49.1902734471072
            ],
            [
              -122.848062183023,
              49.1902732632705
            ],
            [
              -122.84806214216,
              49.1902866068795
            ],
            [
              -122.847840819449,
              49.1902863155072
            ],
            [
              -122.847841136223,
              49.1902729740607
            ],
            [
              -122.847959775451,
              49.1902731303022
            ],
            [
              -122.847959869548,
              49.1902424239897
            ],
            [
              -122.847974273133,
              49.1902424429502
            ],
            [
              -122.8479744185,
              49.1901950009054
            ],
            [
              -122.848193891055,
              49.1901951996368
            ],
            [
              -122.848449762404,
              49.1902275410335
            ],
            [
              -122.848449679359,
              49.1902551781565
            ],
            [
              -122.848438882499,
              49.1902551639885
            ],
            [
              -122.848437918448,
              49.1905725501107
            ]
          ]
        ]
      },
      "properties": {
        "OBJECTID": 2374,
        "PROJECT_NO": "22-0341-00",
        "DESCRIPTION": "Amend CD By-law No. 17702 to permit cultural uses within an existing mixed-use high-rise development (3-Civic Plaza). ",
        "STATUS": "Concluded",
        "WEBLINK": "https://citizenportal.surrey.ca/citizenportal/integration/publicProjectForward.html?year=22 seq=0341",
        "source_dataset": "Development Applications",
        "source_url": "https://services5.arcgis.com/YRpe0VKTJytZSSIB/arcgis/rest/services/Development%20Applications/FeatureServer/0",
        "retrieved_at": "2026-10-06T20:03:04.899858+00:00",
        "licence": "Contains information licensed under the Open Government License – City of Surrey.",
        "licence_url": "https://opendata-surrey.hub.arcgis.com/pages/55089a19491a4fe59a41e059fd8af708",
        "source_sha256": "7dd44fc28b8f521f582d52527a18a64baed338509036006dc0ca9c8144ef862b"
      }
    },
    {
      "type": "Feature",
      "id": "2402",
      "geometry": {
        "type": "Polygon",
        "coordinates": [
          [
            [
              -122.847544738982,
              49.1879728527094
            ],
            [
              -122.84754476117,
              49.1883948693946
            ],
            [
              -122.847496098533,
              49.1883947017016
            ],
            [
              -122.847489238088,
              49.1883946782499
            ],
            [
              -122.846697856509,
              49.1883919483773
            ],
            [
              -122.846700965813,
              49.1879425819555
            ],
            [
              -122.847502830435,
              49.187945361633
            ],
            [
              -122.847544738982,
              49.1879728527094
            ]
          ]
        ]
      },
      "properties": {
        "OBJECTID": 2402,
        "PROJECT_NO": "23-0013-00",
        "DESCRIPTION": "Rezoning from Community Commercial Zone (C-8) to Comprehensive Development Zone (CD) (based on Multiple Residential 70 Zone (RM-70);  Official Community Plan (OCP) Text Amendment to allow for a density of 10.69 Gross FAR; City Centre Plan Amendment to allow for a density of 10.69 Gross FAR within the Central Business District Area 2; Development Permit to permit the development of a 42-storey mixed-use tower with a 6-storey podium consisting 5 695.33 sq. m of commercial and office space and 444 market rental residential dwelling units.",
        "STATUS": "Conditional Approval",
        "WEBLINK": "https://citizenportal.surrey.ca/citizenportal/integration/publicProjectForward.html?year=23 seq=0013",
        "source_dataset": "Development Applications",
        "source_url": "https://services5.arcgis.com/YRpe0VKTJytZSSIB/arcgis/rest/services/Development%20Applications/FeatureServer/0",
        "retrieved_at": "2026-10-06T20:03:04.899858+00:00",
        "licence": "Contains information licensed under the Open Government License – City of Surrey.",
        "licence_url": "https://opendata-surrey.hub.arcgis.com/pages/55089a19491a4fe59a41e059fd8af708",
        "source_sha256": "7dd44fc28b8f521f582d52527a18a64baed338509036006dc0ca9c8144ef862b"
      }
    },
    {
      "type": "Feature",
      "id": "2406",
      "geometry": {
        "type": "Polygon",
        "coordinates": [
          [
            [
              -122.852902891929,
              49.1863128294813
            ],
            [
              -122.852007576445,
              49.1859989945302
            ],
            [
              -122.852040292961,
              49.1844730657763
            ],
            [
              -122.853147273672,
              49.1844815076224
            ],
            [
              -122.853140572111,
              49.1847961567139
            ],
            [
              -122.853056864776,
              49.1847955995742
            ],
            [
              -122.853030877812,
              49.1860082297535
            ],
            [
              -122.853113797686,
              49.186043238023
            ],
            [
              -122.853106143096,
              49.1864010651947
            ],
            [
              -122.852902891929,
              49.1863128294813
            ]
          ]
        ]
      },
      "properties": {
        "OBJECTID": 2406,
        "PROJECT_NO": "23-0021-00",
        "DESCRIPTION": "Rezoning from RM-70 to CD; Development Variance Permit to allow for a small-scale drug store within an existing residential development and to vary the minimum 400 metre separation requirement between a small-scale drug store and an existing drug store.",
        "STATUS": "Concluded",
        "WEBLINK": "https://citizenportal.surrey.ca/citizenportal/integration/publicProjectForward.html?year=23 seq=0021",
        "source_dataset": "Development Applications",
        "source_url": "https://services5.arcgis.com/YRpe0VKTJytZSSIB/arcgis/rest/services/Development%20Applications/FeatureServer/0",
        "retrieved_at": "2026-10-06T20:03:04.899858+00:00",
        "licence": "Contains information licensed under the Open Government License – City of Surrey.",
        "licence_url": "https://opendata-surrey.hub.arcgis.com/pages/55089a19491a4fe59a41e059fd8af708",
        "source_sha256": "7dd44fc28b8f521f582d52527a18a64baed338509036006dc0ca9c8144ef862b"
      }
    },
    {
      "type": "Feature",
      "id": "2417",
      "geometry": {
        "type": "Polygon",
        "coordinates": [
          [
            [
              -122.847355083622,
              49.1804006348751
            ],
            [
              -122.847080549847,
              49.1804017999955
            ],
            [
              -122.845954293165,
              49.1804061654739
            ],
            [
              -122.845887982411,
              49.1803614970042
            ],
            [
              -122.845902609196,
              49.1800717046784
            ],
            [
              -122.847076395928,
              49.1800670311456
            ],
            [
              -122.847350927925,
              49.1800658426455
            ],
            [
              -122.847355083622,
              49.1804006348751
            ]
          ]
        ]
      },
      "properties": {
        "OBJECTID": 2417,
        "PROJECT_NO": "23-0041-00",
        "DESCRIPTION": "Rezoning from CD (Bylaw No. 19326) to CD; Development Permit; Housing Agreement to permit the development of one 34-storey mixed-use tower with a 4-storey podium consisting of ground floor commercial retail units  office space and 297 dwelling units above and one stand-alone  6-storey purpose-built rental apartment building consisting of 69 rental dwelling units. ",
        "STATUS": "Conditional Approval",
        "WEBLINK": "https://citizenportal.surrey.ca/citizenportal/integration/publicProjectForward.html?year=23 seq=0041",
        "source_dataset": "Development Applications",
        "source_url": "https://services5.arcgis.com/YRpe0VKTJytZSSIB/arcgis/rest/services/Development%20Applications/FeatureServer/0",
        "retrieved_at": "2026-10-06T20:03:04.899858+00:00",
        "licence": "Contains information licensed under the Open Government License – City of Surrey.",
        "licence_url": "https://opendata-surrey.hub.arcgis.com/pages/55089a19491a4fe59a41e059fd8af708",
        "source_sha256": "7dd44fc28b8f521f582d52527a18a64baed338509036006dc0ca9c8144ef862b"
      }
    },
    {
      "type": "Feature",
      "id": "2421",
      "geometry": {
        "type": "Polygon",
        "coordinates": [
          [
            [
              -122.842053310007,
              49.1901520732164
            ],
            [
              -122.842134877443,
              49.190152504071
            ],
            [
              -122.843102825174,
              49.1901612145293
            ],
            [
              -122.843198469656,
              49.1901625012201
            ],
            [
              -122.84319754424,
              49.1908834976224
            ],
            [
              -122.842625251499,
              49.1908779454067
            ],
            [
              -122.842625088491,
              49.1910574072704
            ],
            [
              -122.842340999949,
              49.1910545874819
            ],
            [
              -122.842052795477,
              49.1910517613659
            ],
            [
              -122.842053310007,
              49.1901520732164
            ]
          ]
        ]
      },
      "properties": {
        "OBJECTID": 2421,
        "PROJECT_NO": "23-0049-00",
        "DESCRIPTION": "Development Permit / Development Variance Permit to permit the development of a temporary modular real estate sales centre and office building in the City Centre",
        "STATUS": "Concluded",
        "WEBLINK": "https://citizenportal.surrey.ca/citizenportal/integration/publicProjectForward.html?year=23 seq=0049",
        "source_dataset": "Development Applications",
        "source_url": "https://services5.arcgis.com/YRpe0VKTJytZSSIB/arcgis/rest/services/Development%20Applications/FeatureServer/0",
        "retrieved_at": "2026-10-06T20:03:04.899858+00:00",
        "licence": "Contains information licensed under the Open Government License – City of Surrey.",
        "licence_url": "https://opendata-surrey.hub.arcgis.com/pages/55089a19491a4fe59a41e059fd8af708",
        "source_sha256": "7dd44fc28b8f521f582d52527a18a64baed338509036006dc0ca9c8144ef862b"
      }
    },
    {
      "type": "Feature",
      "id": "2476",
      "geometry": {
        "type": "Polygon",
        "coordinates": [
          [
            [
              -122.853405789182,
              49.1861011827276
            ],
            [
              -122.853409469916,
              49.1859250579417
            ],
            [
              -122.85341360828,
              49.1857333727093
            ],
            [
              -122.853415849022,
              49.1856266009819
            ],
            [
              -122.853417611241,
              49.1855410576254
            ],
            [
              -122.853919864968,
              49.1855436792674
            ],
            [
              -122.853915863953,
              49.1857359943704
            ],
            [
              -122.853913936876,
              49.1858298132266
            ],
            [
              -122.853897586884,
              49.1858364490884
            ],
            [
              -122.853882331817,
              49.1858440758196
            ],
            [
              -122.853868172203,
              49.1858525135145
            ],
            [
              -122.853855107777,
              49.1858618521265
            ],
            [
              -122.85384355076,
              49.1858719122711
            ],
            [
              -122.853833501417,
              49.1858826039958
            ],
            [
              -122.853824822519,
              49.1858939271272
            ],
            [
              -122.853817926552,
              49.185905612328
            ],
            [
              -122.853812674915,
              49.1859176594228
            ],
            [
              -122.853809070882,
              49.1859298885095
            ],
            [
              -122.85380725058,
              49.1859422098074
            ],
            [
              -122.853807076513,
              49.1859547130956
            ],
            [
              -122.853808686709,
              49.1859671286891
            ],
            [
              -122.853812081433,
              49.1859793666348
            ],
            [
              -122.853816984853,
              49.1859914265834
            ],
            [
              -122.853823674972,
              49.1860030390267
            ],
            [
              -122.853831875691,
              49.1860142935683
            ],
            [
              -122.85384158617,
              49.1860250103001
            ],
            [
              -122.853852809682,
              49.1860350093193
            ],
            [
              -122.853865407362,
              49.1860443804032
            ],
            [
              -122.853879105277,
              49.186052943298
            ],
            [
              -122.853894040657,
              49.186060698177
            ],
            [
              -122.853909939569,
              49.1860674656861
            ],
            [
              -122.853926801752,
              49.1860733339789
            ],
            [
              -122.853944351897,
              49.1860781236997
            ],
            [
              -122.853962455517,
              49.1860818355776
            ],
            [
              -122.85398097401,
              49.1860844676381
            ],
            [
              -122.853999907372,
              49.1860860216801
            ],
            [
              -122.854018844177,
              49.186086405431
            ],
            [
              -122.854037784158,
              49.1860857097431
            ],
            [
              -122.854061482361,
              49.1863779097913
            ],
            [
              -122.853603839128,
              49.1861848233482
            ],
            [
              -122.853405789182,
              49.1861011827276
            ]
          ]
        ]
      },
      "properties": {
        "OBJECTID": 2476,
        "PROJECT_NO": "23-0185-00",
        "DESCRIPTION": " Rezoning from Urban Residential Zone (R3) to Low-Rise (5-8 Storey) Apartment Zone (MR7)   Compact Residential Zone (R5); Subdivision (Consolidation) from four (4) lots into one (1) lot; Development Variance Permit a) In Sub-Section C.2. of Part 15 Compact Residential Zone (R5)  the minimum lot width for a Type I Interior lot is reduced from 9.7 metres to 9.5 metres for proposed Lot 2; Development Permit for a six storey apartment building containing ninety-eight units; Development Variance Permit to vary (a) in Section F.1  Yards and Setbacks  of Part 24A Low-Rise (5-8 Storey) Apartment Zone (MR7)  reduce the minimum front (west) yard setback from 5.5 metres to 4.5 metres to the principal building face  to 2.7 metres for a roof overhang and to 2.7 metres for a balcony; (b) in Section F.1  Yards and Setbacks  of Part 24A Low-Rise (5-8 Storey) Apartment Zone (MR7)  reduce the minimum rear (east) yard setback from 7.5 metres to 3.0 metres to the principal building face; (c) in Section F.1  Yards and Setbacks  of Part 24A Low-Rise (5-8 Storey) Apartment Zone (MR7)  reduce the minimum side (north) yard setback from 7.5 metres to 4.5 metres to the principal building face  to 1.9 metres for a roof overhang and to 3.0 metres for a balcony; and (d) in Section F.1  Yards and Setbacks  of Part 24A Low-Rise (5-8 Storey) Apartment Zone (MR7)  reduce the minimum side (south) yard setback from 7.5 metres to 3.0 metres to the principal building face  to 1.2 metres for a roof overhang and to 1.7 metres for a balcony.",
        "STATUS": "Conditional Approval",
        "WEBLINK": "https://citizenportal.surrey.ca/citizenportal/integration/publicProjectForward.html?year=23 seq=0185",
        "source_dataset": "Development Applications",
        "source_url": "https://services5.arcgis.com/YRpe0VKTJytZSSIB/arcgis/rest/services/Development%20Applications/FeatureServer/0",
        "retrieved_at": "2026-10-06T20:03:04.899858+00:00",
        "licence": "Contains information licensed under the Open Government License – City of Surrey.",
        "licence_url": "https://opendata-surrey.hub.arcgis.com/pages/55089a19491a4fe59a41e059fd8af708",
        "source_sha256": "7dd44fc28b8f521f582d52527a18a64baed338509036006dc0ca9c8144ef862b"
      }
    },
    {
      "type": "Feature",
      "id": "2506",
      "geometry": {
        "type": "Polygon",
        "coordinates": [
          [
            [
              -122.851104535898,
              49.1902276721181
            ],
            [
              -122.851112685998,
              49.1898803389965
            ],
            [
              -122.851387911495,
              49.1898810622801
            ],
            [
              -122.8516634914,
              49.1898821388792
            ],
            [
              -122.851942500981,
              49.1898832192175
            ],
            [
              -122.851934592296,
              49.1902307038265
            ],
            [
              -122.85165558103,
              49.1902295335144
            ],
            [
              -122.851379863326,
              49.1902284567198
            ],
            [
              -122.851104535898,
              49.1902276721181
            ]
          ]
        ]
      },
      "properties": {
        "OBJECTID": 2506,
        "PROJECT_NO": "23-0245-00",
        "DESCRIPTION": "Rezoning from Single Family Residential Zone (RF) to Comprehensive Development Zone (CD) (based on Multiple Residential 135 Zone (RM-135) and Community Commercial Zone (C-8); Subdivision (Consolidation) from three (3) to one (1) lot; Official Community Plan (OCP) Amendment to Downtown Densities from 5.5 FAR to 7.5 FAR; Official Community Plan Text Amendment to allow for a density of 9.9 FAR within the Downtown designation; City Centre Plan Amendment from High Rise Mixed-Use - Type 1 and High Rise Residential - Type 1 to High Rise Mixed-Use Type II; Development Permit to allow the development of a 44-storey mixed-use tower with an 8-storey podium consisting of ground floor commercial  restaurant  office and approximately 424 residential dwelling units.",
        "STATUS": "Conditional Approval",
        "WEBLINK": "https://citizenportal.surrey.ca/citizenportal/integration/publicProjectForward.html?year=23 seq=0245",
        "source_dataset": "Development Applications",
        "source_url": "https://services5.arcgis.com/YRpe0VKTJytZSSIB/arcgis/rest/services/Development%20Applications/FeatureServer/0",
        "retrieved_at": "2026-10-06T20:03:04.899858+00:00",
        "licence": "Contains information licensed under the Open Government License – City of Surrey.",
        "licence_url": "https://opendata-surrey.hub.arcgis.com/pages/55089a19491a4fe59a41e059fd8af708",
        "source_sha256": "7dd44fc28b8f521f582d52527a18a64baed338509036006dc0ca9c8144ef862b"
      }
    },
    {
      "type": "Feature",
      "id": "2513",
      "geometry": {
        "type": "Polygon",
        "coordinates": [
          [
            [
              -122.851137996653,
              49.1887301898114
            ],
            [
              -122.851139529979,
              49.1884377618368
            ],
            [
              -122.85141559588,
              49.1884393101123
            ],
            [
              -122.851691441715,
              49.1884405668962
            ],
            [
              -122.851967287563,
              49.1884418239209
            ],
            [
              -122.85196478934,
              49.1887704226713
            ],
            [
              -122.8516890789,
              49.1887691667148
            ],
            [
              -122.851413231241,
              49.188767909024
            ],
            [
              -122.851137805323,
              49.1887665162881
            ],
            [
              -122.851137996653,
              49.1887301898114
            ]
          ]
        ]
      },
      "properties": {
        "OBJECTID": 2513,
        "PROJECT_NO": "23-0264-00",
        "DESCRIPTION": "Temporary Use Permit to permit the development of a temporary real estate sales centre and coffee shop in the City Centre for a period not to exceed 3 years.",
        "STATUS": "Concluded",
        "WEBLINK": "https://citizenportal.surrey.ca/citizenportal/integration/publicProjectForward.html?year=23 seq=0264",
        "source_dataset": "Development Applications",
        "source_url": "https://services5.arcgis.com/YRpe0VKTJytZSSIB/arcgis/rest/services/Development%20Applications/FeatureServer/0",
        "retrieved_at": "2026-10-06T20:03:04.899858+00:00",
        "licence": "Contains information licensed under the Open Government License – City of Surrey.",
        "licence_url": "https://opendata-surrey.hub.arcgis.com/pages/55089a19491a4fe59a41e059fd8af708",
        "source_sha256": "7dd44fc28b8f521f582d52527a18a64baed338509036006dc0ca9c8144ef862b"
      }
    },
    {
      "type": "Feature",
      "id": "2514",
      "geometry": {
        "type": "Polygon",
        "coordinates": [
          [
            [
              -122.844571727652,
              49.1915067816696
            ],
            [
              -122.844045134644,
              49.1914999504853
            ],
            [
              -122.843760771537,
              49.1914963242405
            ],
            [
              -122.843499876932,
              49.1914929099046
            ],
            [
              -122.843500426132,
              49.1911043028364
            ],
            [
              -122.843472977757,
              49.1911040857331
            ],
            [
              -122.843474455415,
              49.1901650137733
            ],
            [
              -122.844333014387,
              49.1901728226046
            ],
            [
              -122.845171871633,
              49.1901804466225
            ],
            [
              -122.845164538899,
              49.1906637141419
            ],
            [
              -122.845157751216,
              49.1911200476573
            ],
            [
              -122.845155843795,
              49.1912461622165
            ],
            [
              -122.845151844446,
              49.1915144027519
            ],
            [
              -122.844655307264,
              49.1915078845023
            ],
            [
              -122.844571727652,
              49.1915067816696
            ]
          ]
        ]
      },
      "properties": {
        "OBJECTID": 2514,
        "PROJECT_NO": "23-0265-00",
        "DESCRIPTION": "OCP Amendment to Figure 16: Downtown Densities from 3.5 FAR to 7.5 FAR; OCP Text Amendment to allow for a density of 9.7 FAR within the Downtown designation; City Centre Plan amendment from Mid to High Rise Mixed-Use 3.5 FAR\r\n to High Rise Mixed-Use Type II 7.5 FAR and to the road network; Rezoning from CHI and C-8 to CD;  and Development Permit to allow for the phased development of 4 buildings in City Centre  including 3 mixed-use towers with heights between 56 and 65-storeys and 1 mid-rise hotel",
        "STATUS": "Conditional Approval",
        "WEBLINK": "https://citizenportal.surrey.ca/citizenportal/integration/publicProjectForward.html?year=23 seq=0265",
        "source_dataset": "Development Applications",
        "source_url": "https://services5.arcgis.com/YRpe0VKTJytZSSIB/arcgis/rest/services/Development%20Applications/FeatureServer/0",
        "retrieved_at": "2026-10-06T20:03:04.899858+00:00",
        "licence": "Contains information licensed under the Open Government License – City of Surrey.",
        "licence_url": "https://opendata-surrey.hub.arcgis.com/pages/55089a19491a4fe59a41e059fd8af708",
        "source_sha256": "7dd44fc28b8f521f582d52527a18a64baed338509036006dc0ca9c8144ef862b"
      }
    },
    {
      "type": "Feature",
      "id": "2529",
      "geometry": {
        "type": "Polygon",
        "coordinates": [
          [
            [
              -122.841884775535,
              49.1855212161314
            ],
            [
              -122.841884597944,
              49.1851923483654
            ],
            [
              -122.842431019117,
              49.1851987685177
            ],
            [
              -122.842431117842,
              49.1852104625836
            ],
            [
              -122.843110509083,
              49.1852185010132
            ],
            [
              -122.84311067726,
              49.1853805971166
            ],
            [
              -122.843110709865,
              49.185542603078
            ],
            [
              -122.843110742184,
              49.1857046989878
            ],
            [
              -122.843110911735,
              49.1858667941799
            ],
            [
              -122.843110944622,
              49.1860287101747
            ],
            [
              -122.842431543098,
              49.1860208489466
            ],
            [
              -122.841884975359,
              49.186014517654
            ],
            [
              -122.841884954495,
              49.1858500838805
            ],
            [
              -122.8418847964,
              49.1856856499143
            ],
            [
              -122.841884775535,
              49.1855212161314
            ]
          ]
        ]
      },
      "properties": {
        "OBJECTID": 2529,
        "PROJECT_NO": "23-0297-00",
        "DESCRIPTION": "OCP Amendment to Downtown Densities from 3.5 FAR to 5.5 FAR; City Centre Plan Amendment from Mid to High Rise Residential 3.5 FAR to High Rise Residential Type 1 5.5 FAR on the east portion of the site  and High Rise Mixed-Use Type 1 5.5 FAR on the west portion of the site; Rezoning from RF and RM-D to CD; Development Variance Permit to include  Surety Bond  in the definition of  Bond  in the Surrey Subdivision and Development Bylaw  1986  No. 8830  as amended  for Servicing Agreement No. 7823-0297-00; Development Permit to allow for one 38-storey mixed-used building and one 33-storey residential building consisting of 747 square metres of ground floor commercial and 822 residential units.",
        "STATUS": "Conditional Approval",
        "WEBLINK": "https://citizenportal.surrey.ca/citizenportal/integration/publicProjectForward.html?year=23 seq=0297",
        "source_dataset": "Development Applications",
        "source_url": "https://services5.arcgis.com/YRpe0VKTJytZSSIB/arcgis/rest/services/Development%20Applications/FeatureServer/0",
        "retrieved_at": "2026-10-06T20:03:04.899858+00:00",
        "licence": "Contains information licensed under the Open Government License – City of Surrey.",
        "licence_url": "https://opendata-surrey.hub.arcgis.com/pages/55089a19491a4fe59a41e059fd8af708",
        "source_sha256": "7dd44fc28b8f521f582d52527a18a64baed338509036006dc0ca9c8144ef862b"
      }
    },
    {
      "type": "Feature",
      "id": "2541",
      "geometry": {
        "type": "Polygon",
        "coordinates": [
          [
            [
              -122.845886258771,
              49.1806457087336
            ],
            [
              -122.847401969244,
              49.1806392739101
            ],
            [
              -122.847400953419,
              49.1806572632451
            ],
            [
              -122.847381540641,
              49.1810327938655
            ],
            [
              -122.847130155714,
              49.1810336289807
            ],
            [
              -122.846858463219,
              49.1810347064822
            ],
            [
              -122.846861901901,
              49.1814296072669
            ],
            [
              -122.845818615502,
              49.1814340598292
            ],
            [
              -122.845778905586,
              49.1814071998031
            ],
            [
              -122.845791311626,
              49.1811700093144
            ],
            [
              -122.845825203907,
              49.1810385436232
            ],
            [
              -122.845843773338,
              49.1806728179537
            ],
            [
              -122.845886258771,
              49.1806457087336
            ]
          ]
        ]
      },
      "properties": {
        "OBJECTID": 2541,
        "PROJECT_NO": "23-0337-00",
        "DESCRIPTION": "Development Variance Permit to replace the development drawings to Land Use Contract No. 420 and to reduce the number of required parking stalls in order to allow for additional rental residential units and renovations to the existing buildings on site. ",
        "STATUS": "Concluded",
        "WEBLINK": "https://citizenportal.surrey.ca/citizenportal/integration/publicProjectForward.html?year=23 seq=0337",
        "source_dataset": "Development Applications",
        "source_url": "https://services5.arcgis.com/YRpe0VKTJytZSSIB/arcgis/rest/services/Development%20Applications/FeatureServer/0",
        "retrieved_at": "2026-10-06T20:03:04.899858+00:00",
        "licence": "Contains information licensed under the Open Government License – City of Surrey.",
        "licence_url": "https://opendata-surrey.hub.arcgis.com/pages/55089a19491a4fe59a41e059fd8af708",
        "source_sha256": "7dd44fc28b8f521f582d52527a18a64baed338509036006dc0ca9c8144ef862b"
      }
    },
    {
      "type": "Feature",
      "id": "2575",
      "geometry": {
        "type": "Polygon",
        "coordinates": [
          [
            [
              -122.845872487523,
              49.1828696317967
            ],
            [
              -122.845888093059,
              49.1824063370693
            ],
            [
              -122.845847269926,
              49.1820281141538
            ],
            [
              -122.845847092107,
              49.1820089349594
            ],
            [
              -122.845844424966,
              49.1817220889996
            ],
            [
              -122.845889387858,
              49.1816844540479
            ],
            [
              -122.846047019679,
              49.1816579643277
            ],
            [
              -122.846151486227,
              49.1816432855213
            ],
            [
              -122.846257398505,
              49.1816340831071
            ],
            [
              -122.84636409085,
              49.1816304164645
            ],
            [
              -122.84706433681,
              49.1816275993273
            ],
            [
              -122.847068707879,
              49.1820032332886
            ],
            [
              -122.847073045976,
              49.1823757817813
            ],
            [
              -122.847074477022,
              49.1824987463186
            ],
            [
              -122.84707604295,
              49.182633160295
            ],
            [
              -122.847078754219,
              49.1828661457685
            ],
            [
              -122.847010601622,
              49.1829114405704
            ],
            [
              -122.845941227975,
              49.1829155394549
            ],
            [
              -122.845872487523,
              49.1828696317967
            ]
          ]
        ]
      },
      "properties": {
        "OBJECTID": 2575,
        "PROJECT_NO": "21-0171-00",
        "DESCRIPTION": "Development Permit to permit the development of Phase 2 of a mixed- use project  with two high-rise residential towers (34 and 39 storeys) and ground-oriented townhouse units consisting of approximately 763 dwelling units.",
        "STATUS": "Concluded",
        "WEBLINK": "https://citizenportal.surrey.ca/citizenportal/integration/publicProjectForward.html?year=21 seq=0171",
        "source_dataset": "Development Applications",
        "source_url": "https://services5.arcgis.com/YRpe0VKTJytZSSIB/arcgis/rest/services/Development%20Applications/FeatureServer/0",
        "retrieved_at": "2026-10-06T20:03:04.899858+00:00",
        "licence": "Contains information licensed under the Open Government License – City of Surrey.",
        "licence_url": "https://opendata-surrey.hub.arcgis.com/pages/55089a19491a4fe59a41e059fd8af708",
        "source_sha256": "7dd44fc28b8f521f582d52527a18a64baed338509036006dc0ca9c8144ef862b"
      }
    },
    {
      "type": "Feature",
      "id": "2599",
      "geometry": {
        "type": "Polygon",
        "coordinates": [
          [
            [
              -122.845872487523,
              49.1828696317967
            ],
            [
              -122.845888093059,
              49.1824063370693
            ],
            [
              -122.845847269926,
              49.1820281141538
            ],
            [
              -122.845847092107,
              49.1820089349594
            ],
            [
              -122.845844424966,
              49.1817220889996
            ],
            [
              -122.845889387858,
              49.1816844540479
            ],
            [
              -122.846047019679,
              49.1816579643277
            ],
            [
              -122.846151486227,
              49.1816432855213
            ],
            [
              -122.846257398505,
              49.1816340831071
            ],
            [
              -122.84636409085,
              49.1816304164645
            ],
            [
              -122.84706433681,
              49.1816275993273
            ],
            [
              -122.847068707879,
              49.1820032332886
            ],
            [
              -122.847073045976,
              49.1823757817813
            ],
            [
              -122.847074477022,
              49.1824987463186
            ],
            [
              -122.84707604295,
              49.182633160295
            ],
            [
              -122.847078754219,
              49.1828661457685
            ],
            [
              -122.847010601622,
              49.1829114405704
            ],
            [
              -122.845941227975,
              49.1829155394549
            ],
            [
              -122.845872487523,
              49.1828696317967
            ]
          ]
        ]
      },
      "properties": {
        "OBJECTID": 2599,
        "PROJECT_NO": "24-0016-00",
        "DESCRIPTION": "Housing Agreement and Development Permit to allow the development of a 20-storey mixed-use tower with a two-storey podium consisting of ground floor commercial and approximately 274 purpose-built rental dwelling units above.",
        "STATUS": "Concluded",
        "WEBLINK": "https://citizenportal.surrey.ca/citizenportal/integration/publicProjectForward.html?year=24 seq=0016",
        "source_dataset": "Development Applications",
        "source_url": "https://services5.arcgis.com/YRpe0VKTJytZSSIB/arcgis/rest/services/Development%20Applications/FeatureServer/0",
        "retrieved_at": "2026-10-06T20:03:04.899858+00:00",
        "licence": "Contains information licensed under the Open Government License – City of Surrey.",
        "licence_url": "https://opendata-surrey.hub.arcgis.com/pages/55089a19491a4fe59a41e059fd8af708",
        "source_sha256": "7dd44fc28b8f521f582d52527a18a64baed338509036006dc0ca9c8144ef862b"
      }
    },
    {
      "type": "Feature",
      "id": "2668",
      "geometry": {
        "type": "Polygon",
        "coordinates": [
          [
            [
              -122.843120202041,
              49.1788210028288
            ],
            [
              -122.842201753728,
              49.1788251802293
            ],
            [
              -122.842225562409,
              49.1783832311216
            ],
            [
              -122.842225803092,
              49.1783787364778
            ],
            [
              -122.842268401163,
              49.1783515909512
            ],
            [
              -122.843106885907,
              49.1783477766731
            ],
            [
              -122.843146566148,
              49.1783745467403
            ],
            [
              -122.843125090324,
              49.1787699510097
            ],
            [
              -122.843123929187,
              49.1787869866097
            ],
            [
              -122.84312230021,
              49.1788040062822
            ],
            [
              -122.843120202041,
              49.1788210028288
            ]
          ]
        ]
      },
      "properties": {
        "OBJECTID": 2668,
        "PROJECT_NO": "24-0127-00",
        "DESCRIPTION": "Comprehensive Development Zone (CD) Bylaw No. 20650 Amendment to allow the inclusion of a hotel (tourist accommodation) as a permitted use within the 23-storey commercial/office building already under construction on the site.\r\n",
        "STATUS": "Concluded",
        "WEBLINK": "https://citizenportal.surrey.ca/citizenportal/integration/publicProjectForward.html?year=24 seq=0127",
        "source_dataset": "Development Applications",
        "source_url": "https://services5.arcgis.com/YRpe0VKTJytZSSIB/arcgis/rest/services/Development%20Applications/FeatureServer/0",
        "retrieved_at": "2026-10-06T20:03:04.899858+00:00",
        "licence": "Contains information licensed under the Open Government License – City of Surrey.",
        "licence_url": "https://opendata-surrey.hub.arcgis.com/pages/55089a19491a4fe59a41e059fd8af708",
        "source_sha256": "7dd44fc28b8f521f582d52527a18a64baed338509036006dc0ca9c8144ef862b"
      }
    },
    {
      "type": "Feature",
      "id": "2703",
      "geometry": {
        "type": "MultiPolygon",
        "coordinates": [
          [
            [
              [
                -122.851116686725,
                49.1896996388879
              ],
              [
                -122.851125524846,
                49.1893520970294
              ],
              [
                -122.851581089709,
                49.1893536998388
              ],
              [
                -122.851954928662,
                49.1893550503958
              ],
              [
                -122.85194711467,
                49.1897025963272
              ],
              [
                -122.85157276411,
                49.1897011866187
              ],
              [
                -122.851116686725,
                49.1896996388879
              ]
            ]
          ],
          [
            [
              [
                -122.851126032543,
                49.1892972405951
              ],
              [
                -122.851134085687,
                49.1889473526185
              ],
              [
                -122.851409525116,
                49.1889486932074
              ],
              [
                -122.851684827328,
                49.1889500311642
              ],
              [
                -122.851964311172,
                49.1889513909157
              ],
              [
                -122.851956203848,
                49.1893002408181
              ],
              [
                -122.851676909127,
                49.1892992321082
              ],
              [
                -122.851401469459,
                49.1892982357788
              ],
              [
                -122.851126032543,
                49.1892972405951
              ]
            ]
          ]
        ]
      },
      "properties": {
        "OBJECTID": 2703,
        "PROJECT_NO": "21-0270-00",
        "DESCRIPTION": "OCP Amendment to Figure 16: Central Business District Densities from 5.5 FAR to 7.5 FAR and to Table 7a to allow for the proposed density of 10.4 FAR; CCP Amendment from High Rise 5.5 FAR to Mixed-Use 7.5 FAR; Rezoning of a portion from RF to CD (based on RM-135 and C-8); Development Permit; Housing Agreement to permit the development of a 43-storey mixed-use tower with an 8-storey apartment podium  343 square metres of ground floor commercial and approximately 516 residential dwelling units  including 94 rental units.",
        "STATUS": "Conditional Approval",
        "WEBLINK": "https://citizenportal.surrey.ca/citizenportal/integration/publicProjectForward.html?year=21 seq=0270",
        "source_dataset": "Development Applications",
        "source_url": "https://services5.arcgis.com/YRpe0VKTJytZSSIB/arcgis/rest/services/Development%20Applications/FeatureServer/0",
        "retrieved_at": "2026-10-06T20:03:04.899858+00:00",
        "licence": "Contains information licensed under the Open Government License – City of Surrey.",
        "licence_url": "https://opendata-surrey.hub.arcgis.com/pages/55089a19491a4fe59a41e059fd8af708",
        "source_sha256": "7dd44fc28b8f521f582d52527a18a64baed338509036006dc0ca9c8144ef862b"
      }
    },
    {
      "type": "Feature",
      "id": "2736",
      "geometry": {
        "type": "Polygon",
        "coordinates": [
          [
            [
              -122.844245747595,
              49.188701566317
            ],
            [
              -122.844204610598,
              49.1887281360982
            ],
            [
              -122.843457808066,
              49.1887207926697
            ],
            [
              -122.843399518679,
              49.1887164417678
            ],
            [
              -122.84334195261,
              49.188709028909
            ],
            [
              -122.843285484374,
              49.1886986040769
            ],
            [
              -122.843230480202,
              49.1886852325364
            ],
            [
              -122.843214868762,
              49.1886328531482
            ],
            [
              -122.843272764527,
              49.1885845161836
            ],
            [
              -122.843323893381,
              49.1885330045545
            ],
            [
              -122.843367854688,
              49.1884787252148
            ],
            [
              -122.843404302648,
              49.1884221058812
            ],
            [
              -122.843432947681,
              49.1883635905374
            ],
            [
              -122.843453566028,
              49.1883036412456
            ],
            [
              -122.843465994285,
              49.1882427309428
            ],
            [
              -122.843470136281,
              49.1881813371532
            ],
            [
              -122.843470082785,
              49.1880073161796
            ],
            [
              -122.843538652801,
              49.1879630243495
            ],
            [
              -122.84420425749,
              49.1879694949518
            ],
            [
              -122.844245419399,
              49.187996870179
            ],
            [
              -122.844245747595,
              49.188701566317
            ]
          ]
        ]
      },
      "properties": {
        "OBJECTID": 2736,
        "PROJECT_NO": "24-0204-00",
        "DESCRIPTION": "Comprehensive Development Zone (CD) Bylaw No. 19750 Amendment to increase the maximum allowable size of an eating establishment and to reduce the amount of required parking. ",
        "STATUS": "Concluded",
        "WEBLINK": "https://citizenportal.surrey.ca/citizenportal/integration/publicProjectForward.html?year=24 seq=0204",
        "source_dataset": "Development Applications",
        "source_url": "https://services5.arcgis.com/YRpe0VKTJytZSSIB/arcgis/rest/services/Development%20Applications/FeatureServer/0",
        "retrieved_at": "2026-10-06T20:03:04.899858+00:00",
        "licence": "Contains information licensed under the Open Government License – City of Surrey.",
        "licence_url": "https://opendata-surrey.hub.arcgis.com/pages/55089a19491a4fe59a41e059fd8af708",
        "source_sha256": "7dd44fc28b8f521f582d52527a18a64baed338509036006dc0ca9c8144ef862b"
      }
    },
    {
      "type": "Feature",
      "id": "2755",
      "geometry": {
        "type": "Polygon",
        "coordinates": [
          [
            [
              -122.843057043414,
              49.1790831860923
            ],
            [
              -122.842937048113,
              49.1791501560923
            ],
            [
              -122.842252637139,
              49.1791533116473
            ],
            [
              -122.842186482148,
              49.1791086970247
            ],
            [
              -122.842201753728,
              49.1788251802293
            ],
            [
              -122.843120202041,
              49.1788210028288
            ],
            [
              -122.843116386314,
              49.178845275173
            ],
            [
              -122.843111614448,
              49.178869475155
            ],
            [
              -122.843105890611,
              49.178893585689
            ],
            [
              -122.843057043414,
              49.1790831860923
            ]
          ]
        ]
      },
      "properties": {
        "OBJECTID": 2755,
        "PROJECT_NO": "24-0247-00",
        "DESCRIPTION": "Rezoning from Urban Residential Zone (R3) to Comprehensive Development Zone (CD) (based on Multiple Residential Commercial 135 Zone (RM-135); Neighbourhood Concept Plan (NCP) Amendment to the City Centre Plan from High Density Employment to High Rise Mixed Use - Type II; Housing Agreement and Development Permit to allow the development of one 24-storey mixed-use high-rise tower with ground floor commercial space  student lounge  office and 397 student dormitory dwelling units (providing a total of 944 beds) above; Development Variance Permit to vary the definition of bond in the Surrey Subdivision and Development Bylaw to include the use of a Surety Bond for the servicing agreement associated with the proposed mixed-use high-rise tower development.",
        "STATUS": "Concluded",
        "WEBLINK": "https://citizenportal.surrey.ca/citizenportal/integration/publicProjectForward.html?year=24 seq=0247",
        "source_dataset": "Development Applications",
        "source_url": "https://services5.arcgis.com/YRpe0VKTJytZSSIB/arcgis/rest/services/Development%20Applications/FeatureServer/0",
        "retrieved_at": "2026-10-06T20:03:04.899858+00:00",
        "licence": "Contains information licensed under the Open Government License – City of Surrey.",
        "licence_url": "https://opendata-surrey.hub.arcgis.com/pages/55089a19491a4fe59a41e059fd8af708",
        "source_sha256": "7dd44fc28b8f521f582d52527a18a64baed338509036006dc0ca9c8144ef862b"
      }
    },
    {
      "type": "Feature",
      "id": "2807",
      "geometry": {
        "type": "Polygon",
        "coordinates": [
          [
            [
              -122.848134049056,
              49.1810297442511
            ],
            [
              -122.848226671824,
              49.1810294171444
            ],
            [
              -122.848230943876,
              49.1814241399731
            ],
            [
              -122.847957190994,
              49.1814252164528
            ],
            [
              -122.847409684924,
              49.1814274574184
            ],
            [
              -122.847133735148,
              49.181428529943
            ],
            [
              -122.846861901901,
              49.1814296072669
            ],
            [
              -122.846858463219,
              49.1810347064822
            ],
            [
              -122.847130155714,
              49.1810336289807
            ],
            [
              -122.847381540641,
              49.1810327938655
            ],
            [
              -122.847406103017,
              49.1810326464154
            ],
            [
              -122.847883075251,
              49.1810307614525
            ],
            [
              -122.847953194454,
              49.1810304049221
            ],
            [
              -122.848134049056,
              49.1810297442511
            ]
          ]
        ]
      },
      "properties": {
        "OBJECTID": 2807,
        "PROJECT_NO": "25-0039-00",
        "DESCRIPTION": "Rezoning from Urban Residential Zone (R3) and Assembly Hall 1 Zone (PA-1) to Comprehensive Development Zone (CD) (based on RM-135 and the C-8); Subdivision (Consolidation) from four (4) lots into one (1) lot; Official Community Plan (OCP) Amendment from Multiple Residential to Downtown and to include the site in Figure 16 as Downtown Densities 7.5 FAR and to increase it to 8.1 FAR; City Centre Plan Amendment from Mid Rise to High Rise; Development Permit to permit the development of a 38 storey high-rise residential tower containing 373 residential units and a 2 029 sq.m mosque.\n",
        "STATUS": "Conditional Approval",
        "WEBLINK": "https://citizenportal.surrey.ca/citizenportal/integration/publicProjectForward.html?year=25 seq=0039",
        "source_dataset": "Development Applications",
        "source_url": "https://services5.arcgis.com/YRpe0VKTJytZSSIB/arcgis/rest/services/Development%20Applications/FeatureServer/0",
        "retrieved_at": "2026-10-06T20:03:04.899858+00:00",
        "licence": "Contains information licensed under the Open Government License – City of Surrey.",
        "licence_url": "https://opendata-surrey.hub.arcgis.com/pages/55089a19491a4fe59a41e059fd8af708",
        "source_sha256": "7dd44fc28b8f521f582d52527a18a64baed338509036006dc0ca9c8144ef862b"
      }
    },
    {
      "type": "Feature",
      "id": "2811",
      "geometry": {
        "type": "Polygon",
        "coordinates": [
          [
            [
              -122.842062767879,
              49.1890585388942
            ],
            [
              -122.842038286064,
              49.1890752367186
            ],
            [
              -122.842014761815,
              49.1890924755672
            ],
            [
              -122.841992060638,
              49.1891102552565
            ],
            [
              -122.84197045564,
              49.1891285761608
            ],
            [
              -122.841949947105,
              49.1891473492273
            ],
            [
              -122.8419303978,
              49.1891665724697
            ],
            [
              -122.841911943302,
              49.1891863369269
            ],
            [
              -122.841894586929,
              49.1892064635968
            ],
            [
              -122.841878462894,
              49.1892270408181
            ],
            [
              -122.841863299748,
              49.1892479791657
            ],
            [
              -122.841849369227,
              49.1892692790122
            ],
            [
              -122.84183667436,
              49.1892908513084
            ],
            [
              -122.841825212408,
              49.1893126951514
            ],
            [
              -122.841814848878,
              49.1893348094579
            ],
            [
              -122.841805856875,
              49.1893571964013
            ],
            [
              -122.841797960837,
              49.1893797647517
            ],
            [
              -122.841791437993,
              49.1894025139895
            ],
            [
              -122.841786011405,
              49.1894253546818
            ],
            [
              -122.841782093876,
              49.1894483782471
            ],
            [
              -122.841779275637,
              49.1894714033182
            ],
            [
              -122.841777505693,
              49.1895099917377
            ],
            [
              -122.841777464813,
              49.1896075936565
            ],
            [
              -122.841204370716,
              49.1896019289503
            ],
            [
              -122.84120319113,
              49.1878873047935
            ],
            [
              -122.84307008568,
              49.1879053636387
            ],
            [
              -122.84311185336,
              49.1879332159464
            ],
            [
              -122.843111884678,
              49.1881811299068
            ],
            [
              -122.843110273351,
              49.1882124314561
            ],
            [
              -122.843106906,
              49.1882357256782
            ],
            [
              -122.843101753482,
              49.1882589266221
            ],
            [
              -122.84309481882,
              49.188281945238
            ],
            [
              -122.843086099552,
              49.188304691569
            ],
            [
              -122.843075598706,
              49.1883270756655
            ],
            [
              -122.843063313533,
              49.1883490975232
            ],
            [
              -122.843049245689,
              49.1883706671907
            ],
            [
              -122.843033671019,
              49.1883917850422
            ],
            [
              -122.843016450108,
              49.1884122709809
            ],
            [
              -122.842997585416,
              49.1884322149628
            ],
            [
              -122.842977213092,
              49.1884515263195
            ],
            [
              -122.842955332328,
              49.1884700269415
            ],
            [
              -122.842932082539,
              49.1884878960246
            ],
            [
              -122.842907461833,
              49.1885048637057
            ],
            [
              -122.842062767879,
              49.1890585388942
            ]
          ]
        ]
      },
      "properties": {
        "OBJECTID": 2811,
        "PROJECT_NO": "93-0065-00",
        "DESCRIPTION": null,
        "STATUS": "Concluded",
        "WEBLINK": "https://citizenportal.surrey.ca/citizenportal/integration/publicProjectForward.html?year=93 seq=0065",
        "source_dataset": "Development Applications",
        "source_url": "https://services5.arcgis.com/YRpe0VKTJytZSSIB/arcgis/rest/services/Development%20Applications/FeatureServer/0",
        "retrieved_at": "2026-10-06T20:03:04.899858+00:00",
        "licence": "Contains information licensed under the Open Government License – City of Surrey.",
        "licence_url": "https://opendata-surrey.hub.arcgis.com/pages/55089a19491a4fe59a41e059fd8af708",
        "source_sha256": "7dd44fc28b8f521f582d52527a18a64baed338509036006dc0ca9c8144ef862b"
      }
    },
    {
      "type": "Feature",
      "id": "2855",
      "geometry": {
        "type": "Polygon",
        "coordinates": [
          [
            [
              -122.84695990189,
              49.1867195508388
            ],
            [
              -122.848508407485,
              49.1867291637739
            ],
            [
              -122.848507521119,
              49.1867942896925
            ],
            [
              -122.848507517548,
              49.1867954590806
            ],
            [
              -122.848507376745,
              49.1867966282886
            ],
            [
              -122.84850709871,
              49.1867977973167
            ],
            [
              -122.848506683441,
              49.1867989661647
            ],
            [
              -122.848506130939,
              49.1868001348327
            ],
            [
              -122.84850544148,
              49.1868012133678
            ],
            [
              -122.848504614787,
              49.1868022917229
            ],
            [
              -122.848503513903,
              49.186803279765
            ],
            [
              -122.848502413294,
              49.1868041778541
            ],
            [
              -122.848501175452,
              49.1868050757633
            ],
            [
              -122.848499800927,
              49.1868057935865
            ],
            [
              -122.848498426401,
              49.1868065114097
            ],
            [
              -122.848496777684,
              49.18680713892
            ],
            [
              -122.848495266475,
              49.1868076766573
            ],
            [
              -122.848493481074,
              49.1868081240816
            ],
            [
              -122.848491833181,
              49.186808481733
            ],
            [
              -122.84849004833,
              49.1868087492514
            ],
            [
              -122.848488264028,
              49.1868088368639
            ],
            [
              -122.848486479726,
              49.1868089244764
            ],
            [
              -122.848444761485,
              49.1868086898322
            ],
            [
              -122.848442360803,
              49.1869638561031
            ],
            [
              -122.848409837063,
              49.1869636335118
            ],
            [
              -122.848409643222,
              49.186981713868
            ],
            [
              -122.848436265938,
              49.1869819296149
            ],
            [
              -122.848435408049,
              49.1870376995263
            ],
            [
              -122.84843911335,
              49.1870377052883
            ],
            [
              -122.848440897111,
              49.1870377975824
            ],
            [
              -122.848442818105,
              49.1870378900566
            ],
            [
              -122.848444601042,
              49.1870382522095
            ],
            [
              -122.848446246745,
              49.1870386141821
            ],
            [
              -122.848448029407,
              49.1870390662878
            ],
            [
              -122.84844967456,
              49.1870396081664
            ],
            [
              -122.848451182206,
              49.1870402398177
            ],
            [
              -122.848452689302,
              49.1870410513749
            ],
            [
              -122.848453921931,
              49.1870418625718
            ],
            [
              -122.848455154285,
              49.1870427637218
            ],
            [
              -122.848456386365,
              49.1870437548246
            ],
            [
              -122.848457343978,
              49.1870447455673
            ],
            [
              -122.848458164082,
              49.1870458260828
            ],
            [
              -122.848458846953,
              49.1870469064182
            ],
            [
              -122.848459392316,
              49.1870480765265
            ],
            [
              -122.848459800445,
              49.1870492464547
            ],
            [
              -122.848459933833,
              49.1870505059758
            ],
            [
              -122.848460067495,
              49.1870516755439
            ],
            [
              -122.848458335832,
              49.1871675340012
            ],
            [
              -122.84845819228,
              49.1871696027384
            ],
            [
              -122.84845777426,
              49.1871716711154
            ],
            [
              -122.848457081772,
              49.1871737391323
            ],
            [
              -122.848455977582,
              49.1871758066089
            ],
            [
              -122.848454736708,
              49.1871776939996
            ],
            [
              -122.848453221366,
              49.1871795810302
            ],
            [
              -122.848451431831,
              49.1871813777476
            ],
            [
              -122.848449505337,
              49.187183084332
            ],
            [
              -122.848447304924,
              49.1871846106504
            ],
            [
              -122.848444830317,
              49.1871860466557
            ],
            [
              -122.848442356261,
              49.187187302755
            ],
            [
              -122.848439608285,
              49.1871883785883
            ],
            [
              -122.848436723351,
              49.1871893642885
            ],
            [
              -122.848433701732,
              49.1871901699026
            ],
            [
              -122.848430543428,
              49.1871907954307
            ],
            [
              -122.848427385674,
              49.187191241053
            ],
            [
              -122.848424228745,
              49.1871914168163
            ],
            [
              -122.84842107209,
              49.1871915026266
            ],
            [
              -122.848407348698,
              49.1871914846144
            ],
            [
              -122.848405958154,
              49.1872863835019
            ],
            [
              -122.848405777773,
              49.1873000570634
            ],
            [
              -122.848344436276,
              49.1872997057715
            ],
            [
              -122.848344610075,
              49.1872877422133
            ],
            [
              -122.848224806281,
              49.1872870451145
            ],
            [
              -122.848224476784,
              49.1873050353378
            ],
            [
              -122.848035782476,
              49.1873038849774
            ],
            [
              -122.848033852381,
              49.1873067609428
            ],
            [
              -122.848031648093,
              49.1873095465941
            ],
            [
              -122.848029032653,
              49.1873121517978
            ],
            [
              -122.848026006061,
              49.1873145765537
            ],
            [
              -122.848022842509,
              49.1873169111761
            ],
            [
              -122.848019268082,
              49.187318975398
            ],
            [
              -122.848015419736,
              49.1873208593526
            ],
            [
              -122.848011297473,
              49.1873225630401
            ],
            [
              -122.848007037429,
              49.1873239966863
            ],
            [
              -122.84800264235,
              49.1873251602947
            ],
            [
              -122.847998110863,
              49.1873260538636
            ],
            [
              -122.847993305734,
              49.1873266772124
            ],
            [
              -122.84798863839,
              49.1873271208357
            ],
            [
              -122.847983834914,
              49.1873272044665
            ],
            [
              -122.84782011826,
              49.1873261783802
            ],
            [
              -122.847819603107,
              49.1873594613149
            ],
            [
              -122.847797896174,
              49.187411965426
            ],
            [
              -122.847796928634,
              49.1874142129829
            ],
            [
              -122.847795410784,
              49.1874164598146
            ],
            [
              -122.847793757623,
              49.1874185265613
            ],
            [
              -122.847791830269,
              49.1874205029934
            ],
            [
              -122.847789628722,
              49.1874223891109
            ],
            [
              -122.847787153257,
              49.1874240949607
            ],
            [
              -122.847784540833,
              49.1874257106766
            ],
            [
              -122.847781654492,
              49.187427146125
            ],
            [
              -122.847778631468,
              49.1874284014865
            ],
            [
              -122.847775334527,
              49.1874294765804
            ],
            [
              -122.847772038138,
              49.1874303717684
            ],
            [
              -122.847768605065,
              49.1874310868695
            ],
            [
              -122.847765035586,
              49.1874315319308
            ],
            [
              -122.847761466383,
              49.1874318870392
            ],
            [
              -122.847757898008,
              49.1874319722887
            ],
            [
              -122.847696966961,
              49.1874315312406
            ],
            [
              -122.847693399138,
              49.1874314365823
            ],
            [
              -122.847689969102,
              49.187431162199
            ],
            [
              -122.847686539894,
              49.1874306179569
            ],
            [
              -122.847683248473,
              49.1874298939899
            ],
            [
              -122.847679957328,
              49.1874290800698
            ],
            [
              -122.847676804247,
              49.1874279964718
            ],
            [
              -122.847673926187,
              49.18742673333
            ],
            [
              -122.847671048403,
              49.1874253802352
            ],
            [
              -122.847668447016,
              49.1874238466988
            ],
            [
              -122.847666119276,
              49.1874221345162
            ],
            [
              -122.847663929046,
              49.1874203325617
            ],
            [
              -122.847662013838,
              49.1874183510633
            ],
            [
              -122.847366003085,
              49.1874166091384
            ],
            [
              -122.847362435541,
              49.187416424517
            ],
            [
              -122.847358868273,
              49.1874161499425
            ],
            [
              -122.84735543907,
              49.1874156056905
            ],
            [
              -122.847352010423,
              49.1874148806331
            ],
            [
              -122.847348719561,
              49.1874139767507
            ],
            [
              -122.847345566488,
              49.1874128931438
            ],
            [
              -122.84734255148,
              49.1874115398593
            ],
            [
              -122.847339673983,
              49.1874100968034
            ],
            [
              -122.847337071508,
              49.1874084742043
            ],
            [
              -122.84733474378,
              49.187406762015
            ],
            [
              -122.84733255384,
              49.1874048701013
            ],
            [
              -122.847330638645,
              49.1874028885975
            ],
            [
              -122.847328998197,
              49.1874008175035
            ],
            [
              -122.847327632771,
              49.1873985668665
            ],
            [
              -122.847326541815,
              49.1873963165923
            ],
            [
              -122.847325862562,
              49.1873940668624
            ],
            [
              -122.847325458054,
              49.1873917275424
            ],
            [
              -122.847325328016,
              49.1873893885852
            ],
            [
              -122.847326568718,
              49.1872997059044
            ],
            [
              -122.847289378803,
              49.1872994759297
            ],
            [
              -122.847289718328,
              49.1872783373573
            ],
            [
              -122.847242373098,
              49.1872780948386
            ],
            [
              -122.847172522025,
              49.1872776417152
            ],
            [
              -122.84716600432,
              49.1877402673004
            ],
            [
              -122.847165839101,
              49.1877493523625
            ],
            [
              -122.846913681483,
              49.1877489599313
            ],
            [
              -122.846917977304,
              49.1874014374332
            ],
            [
              -122.846332676124,
              49.1873993945065
            ],
            [
              -122.846336683124,
              49.1871278272782
            ],
            [
              -122.846252970826,
              49.1871276259147
            ],
            [
              -122.846258358106,
              49.1867659273169
            ],
            [
              -122.845673371231,
              49.1867654070724
            ],
            [
              -122.845674154417,
              49.1867117078029
            ],
            [
              -122.846343325014,
              49.1867157565029
            ],
            [
              -122.846685577813,
              49.1867179240579
            ],
            [
              -122.84695990189,
              49.1867195508388
            ]
          ]
        ]
      },
      "properties": {
        "OBJECTID": 2855,
        "PROJECT_NO": "15-0370-00",
        "DESCRIPTION": "Development Variance Permit to vary the Sign By-law to allow for two additional fascia signs to be located above the first storey for a two-storey commercial retail unit (CRU) in Central City Mall.\r",
        "STATUS": "Concluded",
        "WEBLINK": "https://citizenportal.surrey.ca/citizenportal/integration/publicProjectForward.html?year=15 seq=0370",
        "source_dataset": "Development Applications",
        "source_url": "https://services5.arcgis.com/YRpe0VKTJytZSSIB/arcgis/rest/services/Development%20Applications/FeatureServer/0",
        "retrieved_at": "2026-10-06T20:03:04.899858+00:00",
        "licence": "Contains information licensed under the Open Government License – City of Surrey.",
        "licence_url": "https://opendata-surrey.hub.arcgis.com/pages/55089a19491a4fe59a41e059fd8af708",
        "source_sha256": "7dd44fc28b8f521f582d52527a18a64baed338509036006dc0ca9c8144ef862b"
      }
    },
    {
      "type": "Feature",
      "id": "2953",
      "geometry": {
        "type": "Polygon",
        "coordinates": [
          [
            [
              -122.843110274882,
              49.1847322148417
            ],
            [
              -122.842770514491,
              49.1847282410128
            ],
            [
              -122.842770331021,
              49.1843993731968
            ],
            [
              -122.843067959923,
              49.1844031089792
            ],
            [
              -122.843109178264,
              49.184430600746
            ],
            [
              -122.843110274882,
              49.1847322148417
            ]
          ]
        ]
      },
      "properties": {
        "OBJECTID": 2953,
        "PROJECT_NO": "13-0126-00",
        "DESCRIPTION": "Development Variance Permit to permit a temporary off-site real estate development/construction free-standing sign for The Verve apartment  poject in City Centre.",
        "STATUS": "Concluded",
        "WEBLINK": "https://citizenportal.surrey.ca/citizenportal/integration/publicProjectForward.html?year=13 seq=0126",
        "source_dataset": "Development Applications",
        "source_url": "https://services5.arcgis.com/YRpe0VKTJytZSSIB/arcgis/rest/services/Development%20Applications/FeatureServer/0",
        "retrieved_at": "2026-10-06T20:03:04.899858+00:00",
        "licence": "Contains information licensed under the Open Government License – City of Surrey.",
        "licence_url": "https://opendata-surrey.hub.arcgis.com/pages/55089a19491a4fe59a41e059fd8af708",
        "source_sha256": "7dd44fc28b8f521f582d52527a18a64baed338509036006dc0ca9c8144ef862b"
      }
    },
    {
      "type": "Feature",
      "id": "2985",
      "geometry": {
        "type": "Polygon",
        "coordinates": [
          [
            [
              -122.84395974805,
              49.1869331801105
            ],
            [
              -122.845203840756,
              49.1869450433003
            ],
            [
              -122.845204136278,
              49.1875040188026
            ],
            [
              -122.844158985164,
              49.1874938742841
            ],
            [
              -122.844159180145,
              49.187735041087
            ],
            [
              -122.843960468674,
              49.1877330609723
            ],
            [
              -122.843960511729,
              49.187702350082
            ],
            [
              -122.84395974805,
              49.1869331801105
            ]
          ]
        ]
      },
      "properties": {
        "OBJECTID": 2985,
        "PROJECT_NO": "11-0314-00",
        "DESCRIPTION": "Development Variance Permit in order to vary the minimum 400-metre separation between a small-scale drug store and a drug store.",
        "STATUS": "Concluded",
        "WEBLINK": "https://citizenportal.surrey.ca/citizenportal/integration/publicProjectForward.html?year=11 seq=0314",
        "source_dataset": "Development Applications",
        "source_url": "https://services5.arcgis.com/YRpe0VKTJytZSSIB/arcgis/rest/services/Development%20Applications/FeatureServer/0",
        "retrieved_at": "2026-10-06T20:03:04.899858+00:00",
        "licence": "Contains information licensed under the Open Government License – City of Surrey.",
        "licence_url": "https://opendata-surrey.hub.arcgis.com/pages/55089a19491a4fe59a41e059fd8af708",
        "source_sha256": "7dd44fc28b8f521f582d52527a18a64baed338509036006dc0ca9c8144ef862b"
      }
    },
    {
      "type": "Feature",
      "id": "3168",
      "geometry": {
        "type": "Polygon",
        "coordinates": [
          [
            [
              -122.843040356022,
              49.1819506598197
            ],
            [
              -122.842986968966,
              49.1819303531391
            ],
            [
              -122.84317200438,
              49.1817245744572
            ],
            [
              -122.843178682282,
              49.181718239114
            ],
            [
              -122.843186169877,
              49.1817123060618
            ],
            [
              -122.843194412139,
              49.181706819303
            ],
            [
              -122.843203345819,
              49.1817018192305
            ],
            [
              -122.843212904932,
              49.181697343535
            ],
            [
              -122.843223019387,
              49.1816934272031
            ],
            [
              -122.843233610884,
              49.1816900971142
            ],
            [
              -122.843244602498,
              49.1816873792504
            ],
            [
              -122.843270107408,
              49.1816834793055
            ],
            [
              -122.843295928786,
              49.1816806079513
            ],
            [
              -122.843321969173,
              49.1816787767494
            ],
            [
              -122.843337716632,
              49.1816787198527
            ],
            [
              -122.843353420321,
              49.1816794877669
            ],
            [
              -122.843368981465,
              49.1816810740613
            ],
            [
              -122.84338429855,
              49.181683469603
            ],
            [
              -122.843399276945,
              49.1816866589717
            ],
            [
              -122.843560355536,
              49.1817320428667
            ],
            [
              -122.843708177018,
              49.1817671683047
            ],
            [
              -122.843858930257,
              49.181796452347
            ],
            [
              -122.843659969208,
              49.1820210800946
            ],
            [
              -122.8437256697,
              49.1820460878976
            ],
            [
              -122.843637537999,
              49.1821455883626
            ],
            [
              -122.843061691735,
              49.1819265561252
            ],
            [
              -122.843040356022,
              49.1819506598197
            ]
          ]
        ]
      },
      "properties": {
        "OBJECTID": 3168,
        "PROJECT_NO": "23-0289-00",
        "DESCRIPTION": "Housing Agreement \r\n",
        "STATUS": "Closed",
        "WEBLINK": "https://citizenportal.surrey.ca/citizenportal/integration/publicProjectForward.html?year=23 seq=0289",
        "source_dataset": "Development Applications",
        "source_url": "https://services5.arcgis.com/YRpe0VKTJytZSSIB/arcgis/rest/services/Development%20Applications/FeatureServer/0",
        "retrieved_at": "2026-10-06T20:03:04.899858+00:00",
        "licence": "Contains information licensed under the Open Government License – City of Surrey.",
        "licence_url": "https://opendata-surrey.hub.arcgis.com/pages/55089a19491a4fe59a41e059fd8af708",
        "source_sha256": "7dd44fc28b8f521f582d52527a18a64baed338509036006dc0ca9c8144ef862b"
      }
    },
    {
      "type": "Feature",
      "id": "3211",
      "geometry": {
        "type": "Polygon",
        "coordinates": [
          [
            [
              -122.844006884594,
              49.177851019967
            ],
            [
              -122.843997994839,
              49.1780151729695
            ],
            [
              -122.843496352243,
              49.1780175463698
            ],
            [
              -122.843505243658,
              49.1778533934077
            ],
            [
              -122.844006884594,
              49.177851019967
            ]
          ]
        ]
      },
      "properties": {
        "OBJECTID": 3211,
        "PROJECT_NO": "10-0324-00",
        "DESCRIPTION": "Rezoning from RF to C-5; Development Permit and Development Variance Permit in order to permit the development of a two-storey medical office with basement. ",
        "STATUS": "Concluded",
        "WEBLINK": "https://citizenportal.surrey.ca/citizenportal/integration/publicProjectForward.html?year=10 seq=0324",
        "source_dataset": "Development Applications",
        "source_url": "https://services5.arcgis.com/YRpe0VKTJytZSSIB/arcgis/rest/services/Development%20Applications/FeatureServer/0",
        "retrieved_at": "2026-10-06T20:03:04.899858+00:00",
        "licence": "Contains information licensed under the Open Government License – City of Surrey.",
        "licence_url": "https://opendata-surrey.hub.arcgis.com/pages/55089a19491a4fe59a41e059fd8af708",
        "source_sha256": "7dd44fc28b8f521f582d52527a18a64baed338509036006dc0ca9c8144ef862b"
      }
    },
    {
      "type": "Feature",
      "id": "3233",
      "geometry": {
        "type": "Polygon",
        "coordinates": [
          [
            [
              -122.843989426011,
              49.1804152991903
            ],
            [
              -122.843675886749,
              49.1804165825263
            ],
            [
              -122.843676616412,
              49.1804031804586
            ],
            [
              -122.843686087415,
              49.1802292234152
            ],
            [
              -122.843695703213,
              49.1800528378201
            ],
            [
              -122.843705320313,
              49.1798764522206
            ],
            [
              -122.843707799389,
              49.1798299496675
            ],
            [
              -122.844048780999,
              49.1798280745323
            ],
            [
              -122.844073228926,
              49.1793439774206
            ],
            [
              -122.844415027956,
              49.1793424630219
            ],
            [
              -122.845271383851,
              49.1793389395521
            ],
            [
              -122.845352168384,
              49.1793933805154
            ],
            [
              -122.845330788442,
              49.1798220698047
            ],
            [
              -122.845313678011,
              49.1801583826411
            ],
            [
              -122.845303303271,
              49.1802283524853
            ],
            [
              -122.845300656409,
              49.1802406725547
            ],
            [
              -122.845296365183,
              49.1802527205611
            ],
            [
              -122.845290428219,
              49.1802644965025
            ],
            [
              -122.845282981639,
              49.1802759106077
            ],
            [
              -122.845273891532,
              49.18028678279
            ],
            [
              -122.845263430959,
              49.1802971125156
            ],
            [
              -122.845251600193,
              49.1803068116299
            ],
            [
              -122.845238536732,
              49.1803157894641
            ],
            [
              -122.845224378072,
              49.1803239562484
            ],
            [
              -122.845208987278,
              49.1803312218455
            ],
            [
              -122.845160490633,
              49.1803503169069
            ],
            [
              -122.845109396413,
              49.1803663491491
            ],
            [
              -122.845056389321,
              49.1803793212866
            ],
            [
              -122.845001746825,
              49.1803891428361
            ],
            [
              -122.844946016984,
              49.1803956346244
            ],
            [
              -122.844908547984,
              49.1803985527745
            ],
            [
              -122.844870943451,
              49.18040093101
            ],
            [
              -122.844833203387,
              49.1804027693308
            ],
            [
              -122.84455191267,
              49.1804022984015
            ],
            [
              -122.844270471434,
              49.1804065059595
            ],
            [
              -122.843989426011,
              49.1804152991903
            ]
          ]
        ]
      },
      "properties": {
        "OBJECTID": 3233,
        "PROJECT_NO": "12-0059-00",
        "DESCRIPTION": "to permit the installation of a 20 ft. tall cross sculpture as a church sign.\r\n",
        "STATUS": "Closed",
        "WEBLINK": "https://citizenportal.surrey.ca/citizenportal/integration/publicProjectForward.html?year=12 seq=0059",
        "source_dataset": "Development Applications",
        "source_url": "https://services5.arcgis.com/YRpe0VKTJytZSSIB/arcgis/rest/services/Development%20Applications/FeatureServer/0",
        "retrieved_at": "2026-10-06T20:03:04.899858+00:00",
        "licence": "Contains information licensed under the Open Government License – City of Surrey.",
        "licence_url": "https://opendata-surrey.hub.arcgis.com/pages/55089a19491a4fe59a41e059fd8af708",
        "source_sha256": "7dd44fc28b8f521f582d52527a18a64baed338509036006dc0ca9c8144ef862b"
      }
    },
    {
      "type": "Feature",
      "id": "3356",
      "geometry": {
        "type": "Polygon",
        "coordinates": [
          [
            [
              -122.843434922601,
              49.1876702837599
            ],
            [
              -122.843434490995,
              49.1869280624347
            ],
            [
              -122.84395974805,
              49.1869331801105
            ],
            [
              -122.845203840756,
              49.1869450433003
            ],
            [
              -122.845204136278,
              49.1875040188026
            ],
            [
              -122.845204336339,
              49.1877451856084
            ],
            [
              -122.844159180145,
              49.187735041087
            ],
            [
              -122.843960468674,
              49.1877330609723
            ],
            [
              -122.843960511729,
              49.187702350082
            ],
            [
              -122.843876884117,
              49.1877015345292
            ],
            [
              -122.843476101681,
              49.1876976583867
            ],
            [
              -122.843434922601,
              49.1876702837599
            ]
          ]
        ]
      },
      "properties": {
        "OBJECTID": 3356,
        "PROJECT_NO": "25-0200-00",
        "DESCRIPTION": "Rezoning from C-8 to CD (Based on RM-135   C-8) to develop 465 Residential Units   104 054 sq. m. Commercial Space)  Generalized Development Permit  OCP Amendment (Text) within the Downtown Designation from 3.5 FAR to 7.5/12 FAR  NCP Amendment from  Mid-High Rise Mixed Use / Mid to High Rise Residential  to  High Rise Mixed Use 7.5 FAR   and Subdivision from three (3) lots to two (2) lots.",
        "STATUS": "Referrals",
        "WEBLINK": "https://citizenportal.surrey.ca/citizenportal/integration/publicProjectForward.html?year=25 seq=0200",
        "source_dataset": "Development Applications",
        "source_url": "https://services5.arcgis.com/YRpe0VKTJytZSSIB/arcgis/rest/services/Development%20Applications/FeatureServer/0",
        "retrieved_at": "2026-10-06T20:03:04.899858+00:00",
        "licence": "Contains information licensed under the Open Government License – City of Surrey.",
        "licence_url": "https://opendata-surrey.hub.arcgis.com/pages/55089a19491a4fe59a41e059fd8af708",
        "source_sha256": "7dd44fc28b8f521f582d52527a18a64baed338509036006dc0ca9c8144ef862b"
      }
    },
    {
      "type": "Feature",
      "id": "3379",
      "geometry": {
        "type": "Polygon",
        "coordinates": [
          [
            [
              -122.847532410497,
              49.1893365467548
            ],
            [
              -122.847526415891,
              49.189587961767
            ],
            [
              -122.846577265654,
              49.1895845360357
            ],
            [
              -122.846582167434,
              49.1893330278671
            ],
            [
              -122.847532410497,
              49.1893365467548
            ]
          ]
        ]
      },
      "properties": {
        "OBJECTID": 3379,
        "PROJECT_NO": "10-0176-00",
        "DESCRIPTION": "Development Variance Permit in order to permit the installation of a fascia sign along the side of the commercial building and to permit the fascia signage to extend beyond the roof line of the building.",
        "STATUS": "Concluded",
        "WEBLINK": "https://citizenportal.surrey.ca/citizenportal/integration/publicProjectForward.html?year=10 seq=0176",
        "source_dataset": "Development Applications",
        "source_url": "https://services5.arcgis.com/YRpe0VKTJytZSSIB/arcgis/rest/services/Development%20Applications/FeatureServer/0",
        "retrieved_at": "2026-10-06T20:03:04.899858+00:00",
        "licence": "Contains information licensed under the Open Government License – City of Surrey.",
        "licence_url": "https://opendata-surrey.hub.arcgis.com/pages/55089a19491a4fe59a41e059fd8af708",
        "source_sha256": "7dd44fc28b8f521f582d52527a18a64baed338509036006dc0ca9c8144ef862b"
      }
    },
    {
      "type": "Feature",
      "id": "3460",
      "geometry": {
        "type": "Polygon",
        "coordinates": [
          [
            [
              -122.853175300735,
              49.1902200649272
            ],
            [
              -122.852808456046,
              49.1902186957531
            ],
            [
              -122.852812976032,
              49.1900380745194
            ],
            [
              -122.852815947151,
              49.1899164597307
            ],
            [
              -122.85414594375,
              49.1899208545978
            ],
            [
              -122.854138460217,
              49.1902232706197
            ],
            [
              -122.854133773627,
              49.1904150467875
            ],
            [
              -122.853170884906,
              49.1904118423009
            ],
            [
              -122.853175300735,
              49.1902200649272
            ]
          ]
        ]
      },
      "properties": {
        "OBJECTID": 3460,
        "PROJECT_NO": "92-0149-00",
        "DESCRIPTION": null,
        "STATUS": "Concluded",
        "WEBLINK": "https://citizenportal.surrey.ca/citizenportal/integration/publicProjectForward.html?year=92 seq=0149",
        "source_dataset": "Development Applications",
        "source_url": "https://services5.arcgis.com/YRpe0VKTJytZSSIB/arcgis/rest/services/Development%20Applications/FeatureServer/0",
        "retrieved_at": "2026-10-06T20:03:04.899858+00:00",
        "licence": "Contains information licensed under the Open Government License – City of Surrey.",
        "licence_url": "https://opendata-surrey.hub.arcgis.com/pages/55089a19491a4fe59a41e059fd8af708",
        "source_sha256": "7dd44fc28b8f521f582d52527a18a64baed338509036006dc0ca9c8144ef862b"
      }
    },
    {
      "type": "Feature",
      "id": "3492",
      "geometry": {
        "type": "Polygon",
        "coordinates": [
          [
            [
              -122.855662158502,
              49.1835194203731
            ],
            [
              -122.856408917348,
              49.1835239502813
            ],
            [
              -122.856393689086,
              49.1838992175503
            ],
            [
              -122.855646651258,
              49.1838947762507
            ],
            [
              -122.855662158502,
              49.1835194203731
            ]
          ]
        ]
      },
      "properties": {
        "OBJECTID": 3492,
        "PROJECT_NO": "91-0546-00",
        "DESCRIPTION": null,
        "STATUS": "Concluded",
        "WEBLINK": "https://citizenportal.surrey.ca/citizenportal/integration/publicProjectForward.html?year=91 seq=0546",
        "source_dataset": "Development Applications",
        "source_url": "https://services5.arcgis.com/YRpe0VKTJytZSSIB/arcgis/rest/services/Development%20Applications/FeatureServer/0",
        "retrieved_at": "2026-10-06T20:03:04.899858+00:00",
        "licence": "Contains information licensed under the Open Government License – City of Surrey.",
        "licence_url": "https://opendata-surrey.hub.arcgis.com/pages/55089a19491a4fe59a41e059fd8af708",
        "source_sha256": "7dd44fc28b8f521f582d52527a18a64baed338509036006dc0ca9c8144ef862b"
      }
    },
    {
      "type": "Feature",
      "id": "3514",
      "geometry": {
        "type": "Polygon",
        "coordinates": [
          [
            [
              -122.854169381497,
              49.1889586453441
            ],
            [
              -122.854161583332,
              49.1892748238676
            ],
            [
              -122.854157682863,
              49.1894331384538
            ],
            [
              -122.854153784485,
              49.1895907325126
            ],
            [
              -122.854149727681,
              49.1897555244251
            ],
            [
              -122.854145670589,
              49.1899204044866
            ],
            [
              -122.854133361898,
              49.1904150462675
            ],
            [
              -122.854129856045,
              49.1905791183263
            ],
            [
              -122.853167238895,
              49.1905758233006
            ],
            [
              -122.853145256151,
              49.1915487401681
            ],
            [
              -122.852598197078,
              49.1915468702825
            ],
            [
              -122.852180012867,
              49.1915453436285
            ],
            [
              -122.852183342405,
              49.1913961137092
            ],
            [
              -122.852187281001,
              49.1912276336774
            ],
            [
              -122.85219108095,
              49.1910591543626
            ],
            [
              -122.852194882244,
              49.1908906750445
            ],
            [
              -122.852198682141,
              49.1907221948201
            ],
            [
              -122.852202618981,
              49.1905538065181
            ],
            [
              -122.85262079674,
              49.1905551540781
            ],
            [
              -122.852624732405,
              49.1903866740035
            ],
            [
              -122.852627846187,
              49.1902176549548
            ],
            [
              -122.852210218637,
              49.1902168469432
            ],
            [
              -122.852214329613,
              49.1900360444028
            ],
            [
              -122.852218579175,
              49.1898552411343
            ],
            [
              -122.852222690091,
              49.1896744376826
            ],
            [
              -122.852226802044,
              49.189493275313
            ],
            [
              -122.85223091293,
              49.1893129216158
            ],
            [
              -122.852235023749,
              49.189132119046
            ],
            [
              -122.852238501732,
              49.1889794719285
            ],
            [
              -122.852239131054,
              49.1889524858582
            ],
            [
              -122.852280303801,
              49.1889526293796
            ],
            [
              -122.852839550143,
              49.1889544290559
            ],
            [
              -122.853019606678,
              49.1889549300008
            ],
            [
              -122.853151079302,
              49.1889553680014
            ],
            [
              -122.853414849363,
              49.1889562446007
            ],
            [
              -122.853724046859,
              49.1889571790414
            ],
            [
              -122.854128210111,
              49.1889585024979
            ],
            [
              -122.854169381497,
              49.1889586453441
            ]
          ]
        ]
      },
      "properties": {
        "OBJECTID": 3514,
        "PROJECT_NO": "07-0236-00",
        "DESCRIPTION": "To provide an overall design framework for proposed high-density  high-rise and low-rise residential development in the block bounded by 102A Avenue  104 Avenue  133 Street and 133A Street.",
        "STATUS": "Concluded",
        "WEBLINK": "https://citizenportal.surrey.ca/citizenportal/integration/publicProjectForward.html?year=07 seq=0236",
        "source_dataset": "Development Applications",
        "source_url": "https://services5.arcgis.com/YRpe0VKTJytZSSIB/arcgis/rest/services/Development%20Applications/FeatureServer/0",
        "retrieved_at": "2026-10-06T20:03:04.899858+00:00",
        "licence": "Contains information licensed under the Open Government License – City of Surrey.",
        "licence_url": "https://opendata-surrey.hub.arcgis.com/pages/55089a19491a4fe59a41e059fd8af708",
        "source_sha256": "7dd44fc28b8f521f582d52527a18a64baed338509036006dc0ca9c8144ef862b"
      }
    },
    {
      "type": "Feature",
      "id": "3690",
      "geometry": {
        "type": "Polygon",
        "coordinates": [
          [
            [
              -122.847544536761,
              49.1888337150784
            ],
            [
              -122.846361958953,
              49.1888293450327
            ],
            [
              -122.846377329819,
              49.1883909287828
            ],
            [
              -122.847544388275,
              49.1883951882365
            ],
            [
              -122.847544536761,
              49.1888337150784
            ]
          ]
        ]
      },
      "properties": {
        "OBJECTID": 3690,
        "PROJECT_NO": "05-0114-00",
        "DESCRIPTION": "To convert the existing roller rink into retail units.",
        "STATUS": "Concluded",
        "WEBLINK": "https://citizenportal.surrey.ca/citizenportal/integration/publicProjectForward.html?year=05 seq=0114",
        "source_dataset": "Development Applications",
        "source_url": "https://services5.arcgis.com/YRpe0VKTJytZSSIB/arcgis/rest/services/Development%20Applications/FeatureServer/0",
        "retrieved_at": "2026-10-06T20:03:04.899858+00:00",
        "licence": "Contains information licensed under the Open Government License – City of Surrey.",
        "licence_url": "https://opendata-surrey.hub.arcgis.com/pages/55089a19491a4fe59a41e059fd8af708",
        "source_sha256": "7dd44fc28b8f521f582d52527a18a64baed338509036006dc0ca9c8144ef862b"
      }
    },
    {
      "type": "Feature",
      "id": "3720",
      "geometry": {
        "type": "Polygon",
        "coordinates": [
          [
            [
              -122.853785440536,
              49.1874171561518
            ],
            [
              -122.853784657302,
              49.1874496282928
            ],
            [
              -122.853715861016,
              49.1874176068625
            ],
            [
              -122.853575009015,
              49.18734159596
            ],
            [
              -122.852424015336,
              49.1868411430092
            ],
            [
              -122.852254576204,
              49.1867806549745
            ],
            [
              -122.852257523037,
              49.1863477090596
            ],
            [
              -122.852724034584,
              49.1865112184094
            ],
            [
              -122.853796353208,
              49.186977564691
            ],
            [
              -122.853791195355,
              49.1871892191322
            ],
            [
              -122.853785440536,
              49.1874171561518
            ]
          ]
        ]
      },
      "properties": {
        "OBJECTID": 3720,
        "PROJECT_NO": "95-0286-00",
        "DESCRIPTION": null,
        "STATUS": "Concluded",
        "WEBLINK": "https://citizenportal.surrey.ca/citizenportal/integration/publicProjectForward.html?year=95 seq=0286",
        "source_dataset": "Development Applications",
        "source_url": "https://services5.arcgis.com/YRpe0VKTJytZSSIB/arcgis/rest/services/Development%20Applications/FeatureServer/0",
        "retrieved_at": "2026-10-06T20:03:04.899858+00:00",
        "licence": "Contains information licensed under the Open Government License – City of Surrey.",
        "licence_url": "https://opendata-surrey.hub.arcgis.com/pages/55089a19491a4fe59a41e059fd8af708",
        "source_sha256": "7dd44fc28b8f521f582d52527a18a64baed338509036006dc0ca9c8144ef862b"
      }
    },
    {
      "type": "Feature",
      "id": "3729",
      "geometry": {
        "type": "Polygon",
        "coordinates": [
          [
            [
              -122.850485469487,
              49.1900457964925
            ],
            [
              -122.850104909555,
              49.1900455334858
            ],
            [
              -122.850034875474,
              49.1899985346552
            ],
            [
              -122.85004274707,
              49.1896954096521
            ],
            [
              -122.850290183619,
              49.1896963459393
            ],
            [
              -122.850565413996,
              49.1896973851263
            ],
            [
              -122.850840994342,
              49.1896984268081
            ],
            [
              -122.851034615066,
              49.1896991570553
            ],
            [
              -122.851030370606,
              49.1898800286576
            ],
            [
              -122.851025963885,
              49.1900678507313
            ],
            [
              -122.850974150836,
              49.1900938676266
            ],
            [
              -122.850968092457,
              49.190092661632
            ],
            [
              -122.850729395821,
              49.1900576602102
            ],
            [
              -122.850485469487,
              49.1900457964925
            ]
          ]
        ]
      },
      "properties": {
        "OBJECTID": 3729,
        "PROJECT_NO": "14-0343-00",
        "DESCRIPTION": "Development Permit; Development Variance Permit in order to vary the total area and setback requirements for temporary on-site real estate development marketing signge under the Sign By-law.",
        "STATUS": "Concluded",
        "WEBLINK": "https://citizenportal.surrey.ca/citizenportal/integration/publicProjectForward.html?year=14 seq=0343",
        "source_dataset": "Development Applications",
        "source_url": "https://services5.arcgis.com/YRpe0VKTJytZSSIB/arcgis/rest/services/Development%20Applications/FeatureServer/0",
        "retrieved_at": "2026-10-06T20:03:04.899858+00:00",
        "licence": "Contains information licensed under the Open Government License – City of Surrey.",
        "licence_url": "https://opendata-surrey.hub.arcgis.com/pages/55089a19491a4fe59a41e059fd8af708",
        "source_sha256": "7dd44fc28b8f521f582d52527a18a64baed338509036006dc0ca9c8144ef862b"
      }
    },
    {
      "type": "Feature",
      "id": "3738",
      "geometry": {
        "type": "Polygon",
        "coordinates": [
          [
            [
              -122.84790262145,
              49.1806552309247
            ],
            [
              -122.847883075251,
              49.1810307614525
            ],
            [
              -122.847381540641,
              49.1810327938655
            ],
            [
              -122.847400953419,
              49.1806572632451
            ],
            [
              -122.84790262145,
              49.1806552309247
            ]
          ]
        ]
      },
      "properties": {
        "OBJECTID": 3738,
        "PROJECT_NO": "98-0040-00",
        "DESCRIPTION": "To rezone from RF to CD to permit the development of a 12-bed short-term care facility.",
        "STATUS": "Concluded",
        "WEBLINK": "https://citizenportal.surrey.ca/citizenportal/integration/publicProjectForward.html?year=98 seq=0040",
        "source_dataset": "Development Applications",
        "source_url": "https://services5.arcgis.com/YRpe0VKTJytZSSIB/arcgis/rest/services/Development%20Applications/FeatureServer/0",
        "retrieved_at": "2026-10-06T20:03:04.899858+00:00",
        "licence": "Contains information licensed under the Open Government License – City of Surrey.",
        "licence_url": "https://opendata-surrey.hub.arcgis.com/pages/55089a19491a4fe59a41e059fd8af708",
        "source_sha256": "7dd44fc28b8f521f582d52527a18a64baed338509036006dc0ca9c8144ef862b"
      }
    },
    {
      "type": "Feature",
      "id": "3739",
      "geometry": {
        "type": "Polygon",
        "coordinates": [
          [
            [
              -122.843698856565,
              49.1810052676821
            ],
            [
              -122.84364540918,
              49.1809838763827
            ],
            [
              -122.843656619617,
              49.180780956724
            ],
            [
              -122.84520512442,
              49.1807747768279
            ],
            [
              -122.845231235401,
              49.1808055758805
            ],
            [
              -122.84524447722,
              49.1808274522978
            ],
            [
              -122.845252787144,
              49.1808463536436
            ],
            [
              -122.84526172283,
              49.1808850455716
            ],
            [
              -122.845262209186,
              49.1809046560608
            ],
            [
              -122.845242979108,
              49.180998541625
            ],
            [
              -122.843698856565,
              49.1810052676821
            ]
          ]
        ]
      },
      "properties": {
        "OBJECTID": 3739,
        "PROJECT_NO": "91-0570-00",
        "DESCRIPTION": null,
        "STATUS": "Concluded",
        "WEBLINK": "https://citizenportal.surrey.ca/citizenportal/integration/publicProjectForward.html?year=91 seq=0570",
        "source_dataset": "Development Applications",
        "source_url": "https://services5.arcgis.com/YRpe0VKTJytZSSIB/arcgis/rest/services/Development%20Applications/FeatureServer/0",
        "retrieved_at": "2026-10-06T20:03:04.899858+00:00",
        "licence": "Contains information licensed under the Open Government License – City of Surrey.",
        "licence_url": "https://opendata-surrey.hub.arcgis.com/pages/55089a19491a4fe59a41e059fd8af708",
        "source_sha256": "7dd44fc28b8f521f582d52527a18a64baed338509036006dc0ca9c8144ef862b"
      }
    },
    {
      "type": "Feature",
      "id": "3744",
      "geometry": {
        "type": "Polygon",
        "coordinates": [
          [
            [
              -122.842244647599,
              49.1775312506767
            ],
            [
              -122.842267085354,
              49.1771210027806
            ],
            [
              -122.842517483799,
              49.1771221567871
            ],
            [
              -122.84276788197,
              49.1771234011033
            ],
            [
              -122.843018279069,
              49.1771245540221
            ],
            [
              -122.843268813385,
              49.1771257074838
            ],
            [
              -122.843246959824,
              49.1775265094543
            ],
            [
              -122.843238069273,
              49.1776905724539
            ],
            [
              -122.843229178376,
              49.177854725401
            ],
            [
              -122.843211393944,
              49.1781829413223
            ],
            [
              -122.84220879404,
              49.1781876827465
            ],
            [
              -122.842226722314,
              49.1778594662746
            ],
            [
              -122.84223561624,
              49.1776954033612
            ],
            [
              -122.842244647599,
              49.1775312506767
            ]
          ]
        ]
      },
      "properties": {
        "OBJECTID": 3744,
        "PROJECT_NO": "11-0053-00",
        "DESCRIPTION": "OCP Amendment for a portion from Multiple Residential to Commercial; Rezoning from RF to CD (based on C-35); Development Permit in order to permit the development of two 12-storey commercial buildings in two phases.",
        "STATUS": "Concluded",
        "WEBLINK": "https://citizenportal.surrey.ca/citizenportal/integration/publicProjectForward.html?year=11 seq=0053",
        "source_dataset": "Development Applications",
        "source_url": "https://services5.arcgis.com/YRpe0VKTJytZSSIB/arcgis/rest/services/Development%20Applications/FeatureServer/0",
        "retrieved_at": "2026-10-06T20:03:04.899858+00:00",
        "licence": "Contains information licensed under the Open Government License – City of Surrey.",
        "licence_url": "https://opendata-surrey.hub.arcgis.com/pages/55089a19491a4fe59a41e059fd8af708",
        "source_sha256": "7dd44fc28b8f521f582d52527a18a64baed338509036006dc0ca9c8144ef862b"
      }
    },
    {
      "type": "Feature",
      "id": "3807",
      "geometry": {
        "type": "Polygon",
        "coordinates": [
          [
            [
              -122.843111884678,
              49.1881811299068
            ],
            [
              -122.843109285389,
              49.1882210656279
            ],
            [
              -122.843101336367,
              49.1882606351676
            ],
            [
              -122.843088175409,
              49.1882996570063
            ],
            [
              -122.843069799523,
              49.1883377722248
            ],
            [
              -122.843046488427,
              49.1883746213875
            ],
            [
              -122.843018378545,
              49.1884100247704
            ],
            [
              -122.842985746574,
              49.188443711987
            ],
            [
              -122.842948590611,
              49.18847541497
            ],
            [
              -122.842907461836,
              49.1885048628061
            ],
            [
              -122.842062769252,
              49.189058538896
            ],
            [
              -122.842005406639,
              49.1890996590303
            ],
            [
              -122.84195366374,
              49.1891438461364
            ],
            [
              -122.841907949316,
              49.1891907391694
            ],
            [
              -122.841868814272,
              49.189240160783
            ],
            [
              -122.841836258688,
              49.1892916603184
            ],
            [
              -122.841810700137,
              49.1893446986334
            ],
            [
              -122.841792272332,
              49.1893990969088
            ],
            [
              -122.841781251503,
              49.1894543140078
            ],
            [
              -122.841777505693,
              49.1895099917377
            ],
            [
              -122.84177746344,
              49.1896075936546
            ],
            [
              -122.841204370716,
              49.1896019289503
            ],
            [
              -122.841203189758,
              49.1878873047917
            ],
            [
              -122.84307008568,
              49.1879053636387
            ],
            [
              -122.84311185336,
              49.1879332159464
            ],
            [
              -122.843111884678,
              49.1881811299068
            ]
          ]
        ]
      },
      "properties": {
        "OBJECTID": 3807,
        "PROJECT_NO": "19-0198-00",
        "DESCRIPTION": "Temporary use proposed for relocation of existing real estate presentation centre to N side of the lot.",
        "STATUS": "Closed",
        "WEBLINK": "https://citizenportal.surrey.ca/citizenportal/integration/publicProjectForward.html?year=19 seq=0198",
        "source_dataset": "Development Applications",
        "source_url": "https://services5.arcgis.com/YRpe0VKTJytZSSIB/arcgis/rest/services/Development%20Applications/FeatureServer/0",
        "retrieved_at": "2026-10-06T20:03:04.899858+00:00",
        "licence": "Contains information licensed under the Open Government License – City of Surrey.",
        "licence_url": "https://opendata-surrey.hub.arcgis.com/pages/55089a19491a4fe59a41e059fd8af708",
        "source_sha256": "7dd44fc28b8f521f582d52527a18a64baed338509036006dc0ca9c8144ef862b"
      }
    },
    {
      "type": "Feature",
      "id": "3840",
      "geometry": {
        "type": "Polygon",
        "coordinates": [
          [
            [
              -122.847483803872,
              49.1915131196332
            ],
            [
              -122.845685073416,
              49.1915058566561
            ],
            [
              -122.845602212107,
              49.1914507817993
            ],
            [
              -122.845619573983,
              49.1901605797714
            ],
            [
              -122.847513090254,
              49.1901674337496
            ],
            [
              -122.847502162601,
              49.1905939847512
            ],
            [
              -122.847496026558,
              49.1908466597649
            ],
            [
              -122.847483803872,
              49.1915131196332
            ]
          ]
        ]
      },
      "properties": {
        "OBJECTID": 3840,
        "PROJECT_NO": "08-0040-00",
        "DESCRIPTION": "Development Permit in order to permit exterior renovations to an existing commercial building.",
        "STATUS": "Concluded",
        "WEBLINK": "https://citizenportal.surrey.ca/citizenportal/integration/publicProjectForward.html?year=08 seq=0040",
        "source_dataset": "Development Applications",
        "source_url": "https://services5.arcgis.com/YRpe0VKTJytZSSIB/arcgis/rest/services/Development%20Applications/FeatureServer/0",
        "retrieved_at": "2026-10-06T20:03:04.899858+00:00",
        "licence": "Contains information licensed under the Open Government License – City of Surrey.",
        "licence_url": "https://opendata-surrey.hub.arcgis.com/pages/55089a19491a4fe59a41e059fd8af708",
        "source_sha256": "7dd44fc28b8f521f582d52527a18a64baed338509036006dc0ca9c8144ef862b"
      }
    },
    {
      "type": "Feature",
      "id": "3851",
      "geometry": {
        "type": "Polygon",
        "coordinates": [
          [
            [
              -122.849602043174,
              49.1815995562585
            ],
            [
              -122.850149687743,
              49.1815974849855
            ],
            [
              -122.850153847157,
              49.1819895989053
            ],
            [
              -122.849904515723,
              49.1819908915925
            ],
            [
              -122.849646675294,
              49.1819921726641
            ],
            [
              -122.8496063322,
              49.1819923000417
            ],
            [
              -122.849602043174,
              49.1815995562585
            ]
          ]
        ]
      },
      "properties": {
        "OBJECTID": 3851,
        "PROJECT_NO": "11-0316-00",
        "DESCRIPTION": "to permit subdivision into 2 lots.",
        "STATUS": "Concluded",
        "WEBLINK": "https://citizenportal.surrey.ca/citizenportal/integration/publicProjectForward.html?year=11 seq=0316",
        "source_dataset": "Development Applications",
        "source_url": "https://services5.arcgis.com/YRpe0VKTJytZSSIB/arcgis/rest/services/Development%20Applications/FeatureServer/0",
        "retrieved_at": "2026-10-06T20:03:04.899858+00:00",
        "licence": "Contains information licensed under the Open Government License – City of Surrey.",
        "licence_url": "https://opendata-surrey.hub.arcgis.com/pages/55089a19491a4fe59a41e059fd8af708",
        "source_sha256": "7dd44fc28b8f521f582d52527a18a64baed338509036006dc0ca9c8144ef862b"
      }
    },
    {
      "type": "Feature",
      "id": "3914",
      "geometry": {
        "type": "Polygon",
        "coordinates": [
          [
            [
              -122.855299590269,
              49.1865166617226
            ],
            [
              -122.856325657021,
              49.1865226274979
            ],
            [
              -122.8563210516,
              49.1870662121655
            ],
            [
              -122.855249333473,
              49.1868998914973
            ],
            [
              -122.855257735266,
              49.1865163394147
            ],
            [
              -122.855299590269,
              49.1865166617226
            ]
          ]
        ]
      },
      "properties": {
        "OBJECTID": 3914,
        "PROJECT_NO": "95-0107-00",
        "DESCRIPTION": null,
        "STATUS": "Concluded",
        "WEBLINK": "https://citizenportal.surrey.ca/citizenportal/integration/publicProjectForward.html?year=95 seq=0107",
        "source_dataset": "Development Applications",
        "source_url": "https://services5.arcgis.com/YRpe0VKTJytZSSIB/arcgis/rest/services/Development%20Applications/FeatureServer/0",
        "retrieved_at": "2026-10-06T20:03:04.899858+00:00",
        "licence": "Contains information licensed under the Open Government License – City of Surrey.",
        "licence_url": "https://opendata-surrey.hub.arcgis.com/pages/55089a19491a4fe59a41e059fd8af708",
        "source_sha256": "7dd44fc28b8f521f582d52527a18a64baed338509036006dc0ca9c8144ef862b"
      }
    },
    {
      "type": "Feature",
      "id": "3923",
      "geometry": {
        "type": "MultiPolygon",
        "coordinates": [
          [
            [
              [
                -122.841507705799,
                49.1803463251064
              ],
              [
                -122.841456754219,
                49.18023228242
              ],
              [
                -122.841398115353,
                49.1801197592593
              ],
              [
                -122.841414498179,
                49.1801027805648
              ],
              [
                -122.841539751898,
                49.1801522487535
              ],
              [
                -122.841534093654,
                49.1801624057236
              ],
              [
                -122.841529669189,
                49.1801729241999
              ],
              [
                -122.841526753506,
                49.1801836246533
              ],
              [
                -122.841525346896,
                49.1801944171307
              ],
              [
                -122.841525175215,
                49.1802052113027
              ],
              [
                -122.841526511523,
                49.180216007544
              ],
              [
                -122.841529221637,
                49.1802267157169
              ],
              [
                -122.841533441685,
                49.1802372469544
              ],
              [
                -122.841538896446,
                49.1802474191727
              ],
              [
                -122.84154572559,
                49.1802573234163
              ],
              [
                -122.841553791105,
                49.1802667795888
              ],
              [
                -122.841563092992,
                49.1802757876899
              ],
              [
                -122.841573631825,
                49.1802841678133
              ],
              [
                -122.841585133175,
                49.1802919195822
              ],
              [
                -122.841597595667,
                49.1802990438941
              ],
              [
                -122.841610885124,
                49.180305448812
              ],
              [
                -122.841625137668,
                49.1803110463682
              ],
              [
                -122.84163994166,
                49.1803158341986
              ],
              [
                -122.8416554346,
                49.1803197234379
              ],
              [
                -122.841671204551,
                49.1803228043737
              ],
              [
                -122.841687526524,
                49.1803248956773
              ],
              [
                -122.841703851366,
                49.1803260874486
              ],
              [
                -122.841720453508,
                49.1803263800637
              ],
              [
                -122.84173692159,
                49.1803256830053
              ],
              [
                -122.841753255038,
                49.1803241761795
              ],
              [
                -122.841769454425,
                49.1803216796804
              ],
              [
                -122.841785108104,
                49.1803181929441
              ],
              [
                -122.841800352431,
                49.1803139860178
              ],
              [
                -122.841814913548,
                49.1803088786197
              ],
              [
                -122.841828791167,
                49.1803029607031
              ],
              [
                -122.841841848075,
                49.1802962320804
              ],
              [
                -122.841853946481,
                49.1802888724698
              ],
              [
                -122.841864949458,
                49.1802807917309
              ],
              [
                -122.841901401367,
                49.1802952350806
              ],
              [
                -122.842191380841,
                49.1804097843427
              ],
              [
                -122.842363916521,
                49.1804778475312
              ],
              [
                -122.841717716004,
                49.1805372270645
              ],
              [
                -122.841550831751,
                49.1804617953862
              ],
              [
                -122.841507705799,
                49.1803463251064
              ]
            ]
          ],
          [
            [
              [
                -122.840515210697,
                49.1810320956238
              ],
              [
                -122.840541507477,
                49.1810050559669
              ],
              [
                -122.840702043139,
                49.1810069002708
              ],
              [
                -122.840862456746,
                49.1810048752883
              ],
              [
                -122.841022745225,
                49.1809990718686
              ],
              [
                -122.841061582531,
                49.1809971463496
              ],
              [
                -122.84110028485,
                49.1809949516713
              ],
              [
                -122.84113912525,
                49.1809924864102
              ],
              [
                -122.841293121974,
                49.1810652941173
              ],
              [
                -122.841332778111,
                49.1811506244134
              ],
              [
                -122.84135983805,
                49.1812268521011
              ],
              [
                -122.841389507728,
                49.1813027235522
              ],
              [
                -122.841422062165,
                49.1813780601349
              ],
              [
                -122.840862216771,
                49.1811644513597
              ],
              [
                -122.840515210697,
                49.1810320956238
              ]
            ]
          ],
          [
            [
              [
                -122.844258645777,
                49.1806878093431
              ],
              [
                -122.844414447269,
                49.1806854934525
              ],
              [
                -122.84509050968,
                49.1807041077884
              ],
              [
                -122.845104517795,
                49.1807072884387
              ],
              [
                -122.845118067974,
                49.180711231278
              ],
              [
                -122.845131064259,
                49.180715906493
              ],
              [
                -122.84514341344,
                49.1807212833747
              ],
              [
                -122.845155030566,
                49.1807273222301
              ],
              [
                -122.845165829323,
                49.1807339806655
              ],
              [
                -122.845175733016,
                49.1807412118026
              ],
              [
                -122.845184675944,
                49.1807489633804
              ],
              [
                -122.845192591042,
                49.180757180438
              ],
              [
                -122.845199423603,
                49.1807658053318
              ],
              [
                -122.84520512442,
                49.1807747768279
              ],
              [
                -122.845220576015,
                49.1807916188204
              ],
              [
                -122.845233694073,
                49.1808091773107
              ],
              [
                -122.845244475848,
                49.180827452296
              ],
              [
                -122.845252787144,
                49.1808463536436
              ],
              [
                -122.845258490214,
                49.1808656113094
              ],
              [
                -122.84526172283,
                49.1808850455716
              ],
              [
                -122.845262210558,
                49.1809046560626
              ],
              [
                -122.845242979108,
                49.180998541625
              ],
              [
                -122.845237127225,
                49.1811145736444
              ],
              [
                -122.845256527937,
                49.181272287914
              ],
              [
                -122.845229756986,
                49.1818015367895
              ],
              [
                -122.845204645348,
                49.1818016830407
              ],
              [
                -122.845197914187,
                49.1819347150499
              ],
              [
                -122.845157866345,
                49.1827150058701
              ],
              [
                -122.845116702418,
                49.1827141401927
              ],
              [
                -122.844924055495,
                49.1827100127789
              ],
              [
                -122.844007557689,
                49.1823615522357
              ],
              [
                -122.843804169158,
                49.1822841855078
              ],
              [
                -122.84376867157,
                49.1822706444885
              ],
              [
                -122.843479488375,
                49.1821605080229
              ],
              [
                -122.842984862294,
                49.1819721003317
              ],
              [
                -122.842492157608,
                49.1817847734752
              ],
              [
                -122.84216665897,
                49.1816610012177
              ],
              [
                -122.842024001454,
                49.1814313342066
              ],
              [
                -122.841958648661,
                49.1813140355412
              ],
              [
                -122.841914842076,
                49.1812394033344
              ],
              [
                -122.841874192248,
                49.181164146658
              ],
              [
                -122.841836425309,
                49.1810880843341
              ],
              [
                -122.841830443027,
                49.1810711649052
              ],
              [
                -122.841799982997,
                49.1809852177029
              ],
              [
                -122.841898559346,
                49.1808824469213
              ],
              [
                -122.842023872649,
                49.1808712860773
              ],
              [
                -122.842617911991,
                49.1808182186534
              ],
              [
                -122.843016912328,
                49.1807831428605
              ],
              [
                -122.843115322811,
                49.1807744620553
              ],
              [
                -122.843322431425,
                49.1807586433583
              ],
              [
                -122.843434561664,
                49.1807509703806
              ],
              [
                -122.843546687948,
                49.1807441059695
              ],
              [
                -122.843659087732,
                49.180737963246
              ],
              [
                -122.84394120244,
                49.1806951779794
              ],
              [
                -122.844258645777,
                49.1806878093431
              ]
            ]
          ]
        ]
      },
      "properties": {
        "OBJECTID": 3923,
        "PROJECT_NO": "12-0332-00",
        "DESCRIPTION": "Rezoning from CG-1  C-15  CHI  RM-D and RF to CD (based on RMC - 150)  General Development Permit  Development Permit for Phase 1  Development Variance Permit in order to permit a multi-phased  mixed-use office  retail and high-rise residential development.",
        "STATUS": "Concluded",
        "WEBLINK": "https://citizenportal.surrey.ca/citizenportal/integration/publicProjectForward.html?year=12 seq=0332",
        "source_dataset": "Development Applications",
        "source_url": "https://services5.arcgis.com/YRpe0VKTJytZSSIB/arcgis/rest/services/Development%20Applications/FeatureServer/0",
        "retrieved_at": "2026-10-06T20:03:04.899858+00:00",
        "licence": "Contains information licensed under the Open Government License – City of Surrey.",
        "licence_url": "https://opendata-surrey.hub.arcgis.com/pages/55089a19491a4fe59a41e059fd8af708",
        "source_sha256": "7dd44fc28b8f521f582d52527a18a64baed338509036006dc0ca9c8144ef862b"
      }
    },
    {
      "type": "Feature",
      "id": "4051",
      "geometry": {
        "type": "Polygon",
        "coordinates": [
          [
            [
              -122.845171871633,
              49.1901804466225
            ],
            [
              -122.844333014387,
              49.1901728226046
            ],
            [
              -122.843474031414,
              49.1901645535376
            ],
            [
              -122.843198053796,
              49.1901620715786
            ],
            [
              -122.843102825174,
              49.1901612145293
            ],
            [
              -122.842134877443,
              49.190152504071
            ],
            [
              -122.842053361752,
              49.1901517701447
            ],
            [
              -122.842053516902,
              49.1895102453986
            ],
            [
              -122.842056185527,
              49.1894703736716
            ],
            [
              -122.842064141066,
              49.1894308051203
            ],
            [
              -122.842077326275,
              49.1893918419083
            ],
            [
              -122.842095640017,
              49.1893537798418
            ],
            [
              -122.842118942745,
              49.1893169083772
            ],
            [
              -122.842147057898,
              49.189281506125
            ],
            [
              -122.842179770506,
              49.1892478453466
            ],
            [
              -122.842216832727,
              49.1892161793675
            ],
            [
              -122.842257962445,
              49.1891867497726
            ],
            [
              -122.84274822261,
              49.188865293919
            ],
            [
              -122.8429871018,
              49.1888468258868
            ],
            [
              -122.843072763418,
              49.1888755456495
            ],
            [
              -122.843162055148,
              49.1888990439938
            ],
            [
              -122.843254235123,
              49.1889171247059
            ],
            [
              -122.843348540737,
              49.1889296383217
            ],
            [
              -122.843444191393,
              49.1889364821309
            ],
            [
              -122.844838573948,
              49.1889501891101
            ],
            [
              -122.844891934556,
              49.1889513204353
            ],
            [
              -122.844945320805,
              49.1889512742822
            ],
            [
              -122.844998676413,
              49.1889500532738
            ],
            [
              -122.845108335398,
              49.1889463324028
            ],
            [
              -122.845151234889,
              49.1889718862799
            ],
            [
              -122.845155214024,
              49.1890315126334
            ],
            [
              -122.845152546917,
              49.1892124239428
            ],
            [
              -122.845158552756,
              49.1893741895309
            ],
            [
              -122.845178418628,
              49.1897294667263
            ],
            [
              -122.845171871633,
              49.1901804466225
            ]
          ]
        ]
      },
      "properties": {
        "OBJECTID": 4051,
        "PROJECT_NO": "25-0311-00",
        "DESCRIPTION": "Comprehensive Sign Design Package",
        "STATUS": "Concluded",
        "WEBLINK": "https://citizenportal.surrey.ca/citizenportal/integration/publicProjectForward.html?year=25 seq=0311",
        "source_dataset": "Development Applications",
        "source_url": "https://services5.arcgis.com/YRpe0VKTJytZSSIB/arcgis/rest/services/Development%20Applications/FeatureServer/0",
        "retrieved_at": "2026-10-06T20:03:04.899858+00:00",
        "licence": "Contains information licensed under the Open Government License – City of Surrey.",
        "licence_url": "https://opendata-surrey.hub.arcgis.com/pages/55089a19491a4fe59a41e059fd8af708",
        "source_sha256": "7dd44fc28b8f521f582d52527a18a64baed338509036006dc0ca9c8144ef862b"
      }
    },
    {
      "type": "Feature",
      "id": "4052",
      "geometry": {
        "type": "Polygon",
        "coordinates": [
          [
            [
              -122.843997994839,
              49.1780151729695
            ],
            [
              -122.843989103651,
              49.1781793259646
            ],
            [
              -122.843487462423,
              49.1781816093753
            ],
            [
              -122.843496352243,
              49.1780175463698
            ],
            [
              -122.843997994839,
              49.1780151729695
            ]
          ]
        ]
      },
      "properties": {
        "OBJECTID": 4052,
        "PROJECT_NO": "06-0275-00",
        "DESCRIPTION": "Rezone from RF to C-5; Development Permit to permit a new medical-related office building; Development Variance Permit to vary setbacks and rear yard landscaping.",
        "STATUS": "Concluded",
        "WEBLINK": "https://citizenportal.surrey.ca/citizenportal/integration/publicProjectForward.html?year=06 seq=0275",
        "source_dataset": "Development Applications",
        "source_url": "https://services5.arcgis.com/YRpe0VKTJytZSSIB/arcgis/rest/services/Development%20Applications/FeatureServer/0",
        "retrieved_at": "2026-10-06T20:03:04.899858+00:00",
        "licence": "Contains information licensed under the Open Government License – City of Surrey.",
        "licence_url": "https://opendata-surrey.hub.arcgis.com/pages/55089a19491a4fe59a41e059fd8af708",
        "source_sha256": "7dd44fc28b8f521f582d52527a18a64baed338509036006dc0ca9c8144ef862b"
      }
    },
    {
      "type": "Feature",
      "id": "4110",
      "geometry": {
        "type": "Polygon",
        "coordinates": [
          [
            [
              -122.843120202041,
              49.1788210028288
            ],
            [
              -122.842201753728,
              49.1788251802293
            ],
            [
              -122.842225803092,
              49.1783787364778
            ],
            [
              -122.842268401163,
              49.1783515909512
            ],
            [
              -122.843106885907,
              49.1783477766731
            ],
            [
              -122.843146566148,
              49.1783745467403
            ],
            [
              -122.843120202041,
              49.1788210028288
            ]
          ]
        ]
      },
      "properties": {
        "OBJECTID": 4110,
        "PROJECT_NO": "25-0242-00",
        "DESCRIPTION": "Development Permit for a Comprehensive Sign Design Package associated with concluded project no. 21-0347.",
        "STATUS": "Concluded",
        "WEBLINK": "https://citizenportal.surrey.ca/citizenportal/integration/publicProjectForward.html?year=25 seq=0242",
        "source_dataset": "Development Applications",
        "source_url": "https://services5.arcgis.com/YRpe0VKTJytZSSIB/arcgis/rest/services/Development%20Applications/FeatureServer/0",
        "retrieved_at": "2026-10-06T20:03:04.899858+00:00",
        "licence": "Contains information licensed under the Open Government License – City of Surrey.",
        "licence_url": "https://opendata-surrey.hub.arcgis.com/pages/55089a19491a4fe59a41e059fd8af708",
        "source_sha256": "7dd44fc28b8f521f582d52527a18a64baed338509036006dc0ca9c8144ef862b"
      }
    },
    {
      "type": "Feature",
      "id": "4120",
      "geometry": {
        "type": "Polygon",
        "coordinates": [
          [
            [
              -122.853175300735,
              49.1902200649272
            ],
            [
              -122.853170884906,
              49.1904118423009
            ],
            [
              -122.853145256151,
              49.1915487401681
            ],
            [
              -122.852598197078,
              49.1915468702825
            ],
            [
              -122.85262880528,
              49.190218195898
            ],
            [
              -122.852808456046,
              49.1902186957531
            ],
            [
              -122.853175300735,
              49.1902200649272
            ]
          ]
        ]
      },
      "properties": {
        "OBJECTID": 4120,
        "PROJECT_NO": "92-0023-00",
        "DESCRIPTION": null,
        "STATUS": "Concluded",
        "WEBLINK": "https://citizenportal.surrey.ca/citizenportal/integration/publicProjectForward.html?year=92 seq=0023",
        "source_dataset": "Development Applications",
        "source_url": "https://services5.arcgis.com/YRpe0VKTJytZSSIB/arcgis/rest/services/Development%20Applications/FeatureServer/0",
        "retrieved_at": "2026-10-06T20:03:04.899858+00:00",
        "licence": "Contains information licensed under the Open Government License – City of Surrey.",
        "licence_url": "https://opendata-surrey.hub.arcgis.com/pages/55089a19491a4fe59a41e059fd8af708",
        "source_sha256": "7dd44fc28b8f521f582d52527a18a64baed338509036006dc0ca9c8144ef862b"
      }
    },
    {
      "type": "Feature",
      "id": "4135",
      "geometry": {
        "type": "Polygon",
        "coordinates": [
          [
            [
              -122.854427873638,
              49.1896769863531
            ],
            [
              -122.85443192845,
              49.1895125560383
            ],
            [
              -122.855382581167,
              49.1895167259813
            ],
            [
              -122.855379785648,
              49.189673961646
            ],
            [
              -122.855379764672,
              49.189681157879
            ],
            [
              -122.8553766388,
              49.1898575540645
            ],
            [
              -122.855373499333,
              49.1900390766623
            ],
            [
              -122.854419129441,
              49.1900349928154
            ],
            [
              -122.854427873638,
              49.1896769863531
            ]
          ]
        ]
      },
      "properties": {
        "OBJECTID": 4135,
        "PROJECT_NO": "03-0313-00",
        "DESCRIPTION": "To rezone from RF to CD to build 50 unit apartment building",
        "STATUS": "Concluded",
        "WEBLINK": "https://citizenportal.surrey.ca/citizenportal/integration/publicProjectForward.html?year=03 seq=0313",
        "source_dataset": "Development Applications",
        "source_url": "https://services5.arcgis.com/YRpe0VKTJytZSSIB/arcgis/rest/services/Development%20Applications/FeatureServer/0",
        "retrieved_at": "2026-10-06T20:03:04.899858+00:00",
        "licence": "Contains information licensed under the Open Government License – City of Surrey.",
        "licence_url": "https://opendata-surrey.hub.arcgis.com/pages/55089a19491a4fe59a41e059fd8af708",
        "source_sha256": "7dd44fc28b8f521f582d52527a18a64baed338509036006dc0ca9c8144ef862b"
      }
    },
    {
      "type": "Feature",
      "id": "4142",
      "geometry": {
        "type": "Polygon",
        "coordinates": [
          [
            [
              -122.847502778129,
              49.1877413448415
            ],
            [
              -122.84716600432,
              49.1877402673004
            ],
            [
              -122.847165839101,
              49.1877493523625
            ],
            [
              -122.846912914998,
              49.1877487448265
            ],
            [
              -122.846917977304,
              49.1874014374332
            ],
            [
              -122.846332676124,
              49.1873993945065
            ],
            [
              -122.845664348152,
              49.1873972349937
            ],
            [
              -122.845668356288,
              49.187126478268
            ],
            [
              -122.846252970826,
              49.1871276259147
            ],
            [
              -122.846258358106,
              49.1867659273169
            ],
            [
              -122.845672922471,
              49.1867654091713
            ],
            [
              -122.845674325955,
              49.1867117089316
            ],
            [
              -122.845681298173,
              49.1862401776744
            ],
            [
              -122.845693923171,
              49.1862402844964
            ],
            [
              -122.845703538106,
              49.1855812076804
            ],
            [
              -122.845715820111,
              49.1855812339834
            ],
            [
              -122.845730688198,
              49.1845679719992
            ],
            [
              -122.845736571949,
              49.1844988426315
            ],
            [
              -122.84582415174,
              49.1844457971643
            ],
            [
              -122.846881854168,
              49.1844586391833
            ],
            [
              -122.847012477294,
              49.1844641204362
            ],
            [
              -122.847141978807,
              49.1844773369424
            ],
            [
              -122.847268985688,
              49.1844981051842
            ],
            [
              -122.847392540145,
              49.1845264257031
            ],
            [
              -122.847511817513,
              49.1845618458556
            ],
            [
              -122.84762572029,
              49.1846042760526
            ],
            [
              -122.847674374217,
              49.1846243998258
            ],
            [
              -122.849317915757,
              49.1853051834837
            ],
            [
              -122.849702631489,
              49.1854645459288
            ],
            [
              -122.851542715629,
              49.1861094848422
            ],
            [
              -122.851593430814,
              49.1861751277752
            ],
            [
              -122.851442723403,
              49.1868653291294
            ],
            [
              -122.851400273951,
              49.1870162170308
            ],
            [
              -122.851339031283,
              49.1871643821253
            ],
            [
              -122.851259684653,
              49.1873087449319
            ],
            [
              -122.851162511354,
              49.1874483171847
            ],
            [
              -122.851048336835,
              49.1875823802773
            ],
            [
              -122.85091785069,
              49.1877097647579
            ],
            [
              -122.850829379259,
              49.1877849405115
            ],
            [
              -122.850735153957,
              49.1878571412018
            ],
            [
              -122.850635584555,
              49.1879260956858
            ],
            [
              -122.85061743366,
              49.1879379460418
            ],
            [
              -122.850599283299,
              49.1879496164891
            ],
            [
              -122.850580858727,
              49.1879611966255
            ],
            [
              -122.850321399552,
              49.1881230446016
            ],
            [
              -122.850223759844,
              49.188188403098
            ],
            [
              -122.850133245629,
              49.1882581784676
            ],
            [
              -122.850050540338,
              49.1883319218481
            ],
            [
              -122.849951952429,
              49.1883488840257
            ],
            [
              -122.848733859871,
              49.1879387147241
            ],
            [
              -122.848496934987,
              49.1878680580124
            ],
            [
              -122.848250903994,
              49.1878125909524
            ],
            [
              -122.847997827964,
              49.1877727668649
            ],
            [
              -122.847740171698,
              49.1877489469675
            ],
            [
              -122.847675681249,
              49.1877455336573
            ],
            [
              -122.847611050539,
              49.1877431087124
            ],
            [
              -122.84754641789,
              49.1877417631681
            ],
            [
              -122.847531871489,
              49.1877415631595
            ],
            [
              -122.847517324809,
              49.1877414540014
            ],
            [
              -122.847502778129,
              49.1877413448415
            ]
          ]
        ]
      },
      "properties": {
        "OBJECTID": 4142,
        "PROJECT_NO": "13-0209-00",
        "DESCRIPTION": "Development Permit and Developent Variance Permit in order to allow on-site signage for Central City Mall as part of a comprehensive sign design package.",
        "STATUS": "Concluded",
        "WEBLINK": "https://citizenportal.surrey.ca/citizenportal/integration/publicProjectForward.html?year=13 seq=0209",
        "source_dataset": "Development Applications",
        "source_url": "https://services5.arcgis.com/YRpe0VKTJytZSSIB/arcgis/rest/services/Development%20Applications/FeatureServer/0",
        "retrieved_at": "2026-10-06T20:03:04.899858+00:00",
        "licence": "Contains information licensed under the Open Government License – City of Surrey.",
        "licence_url": "https://opendata-surrey.hub.arcgis.com/pages/55089a19491a4fe59a41e059fd8af708",
        "source_sha256": "7dd44fc28b8f521f582d52527a18a64baed338509036006dc0ca9c8144ef862b"
      }
    },
    {
      "type": "Feature",
      "id": "4145",
      "geometry": {
        "type": "Polygon",
        "coordinates": [
          [
            [
              -122.855660442465,
              49.1873817523199
            ],
            [
              -122.855243685876,
              49.1872796689682
            ],
            [
              -122.855243863845,
              49.1872661761996
            ],
            [
              -122.855248481262,
              49.1869281141713
            ],
            [
              -122.855665714158,
              49.1869928216201
            ],
            [
              -122.855916722728,
              49.1870317474872
            ],
            [
              -122.856320196223,
              49.1870943161042
            ],
            [
              -122.856368149027,
              49.1871017528191
            ],
            [
              -122.856366398041,
              49.1873278545022
            ],
            [
              -122.856337183793,
              49.1873220611561
            ],
            [
              -122.856335119004,
              49.1875124006166
            ],
            [
              -122.85628564795,
              49.1875348273856
            ],
            [
              -122.855911265615,
              49.1874431455932
            ],
            [
              -122.855660442465,
              49.1873817523199
            ]
          ]
        ]
      },
      "properties": {
        "OBJECTID": 4145,
        "PROJECT_NO": "11-0059-00",
        "DESCRIPTION": "Rezoning from RF to CD (based on RM 70); Development Permit in order to permit the development of a 4-storey apartment building with a two-storey townhouse base  consisting of approximately 103 dwelling units.",
        "STATUS": "Concluded",
        "WEBLINK": "https://citizenportal.surrey.ca/citizenportal/integration/publicProjectForward.html?year=11 seq=0059",
        "source_dataset": "Development Applications",
        "source_url": "https://services5.arcgis.com/YRpe0VKTJytZSSIB/arcgis/rest/services/Development%20Applications/FeatureServer/0",
        "retrieved_at": "2026-10-06T20:03:04.899858+00:00",
        "licence": "Contains information licensed under the Open Government License – City of Surrey.",
        "licence_url": "https://opendata-surrey.hub.arcgis.com/pages/55089a19491a4fe59a41e059fd8af708",
        "source_sha256": "7dd44fc28b8f521f582d52527a18a64baed338509036006dc0ca9c8144ef862b"
      }
    },
    {
      "type": "Feature",
      "id": "4190",
      "geometry": {
        "type": "Polygon",
        "coordinates": [
          [
            [
              -122.847485579496,
              49.1915159105277
            ],
            [
              -122.845683703755,
              49.1915049552939
            ],
            [
              -122.845601534277,
              49.1914480822966
            ],
            [
              -122.845618617487,
              49.1901592291943
            ],
            [
              -122.847513090254,
              49.1901674337496
            ],
            [
              -122.847485579496,
              49.1915159105277
            ]
          ]
        ]
      },
      "properties": {
        "OBJECTID": 4190,
        "PROJECT_NO": "02-0372-00",
        "DESCRIPTION": "to permit subdivision into 2 lots",
        "STATUS": "Concluded",
        "WEBLINK": "https://citizenportal.surrey.ca/citizenportal/integration/publicProjectForward.html?year=02 seq=0372",
        "source_dataset": "Development Applications",
        "source_url": "https://services5.arcgis.com/YRpe0VKTJytZSSIB/arcgis/rest/services/Development%20Applications/FeatureServer/0",
        "retrieved_at": "2026-10-06T20:03:04.899858+00:00",
        "licence": "Contains information licensed under the Open Government License – City of Surrey.",
        "licence_url": "https://opendata-surrey.hub.arcgis.com/pages/55089a19491a4fe59a41e059fd8af708",
        "source_sha256": "7dd44fc28b8f521f582d52527a18a64baed338509036006dc0ca9c8144ef862b"
      }
    },
    {
      "type": "Feature",
      "id": "4275",
      "geometry": {
        "type": "Polygon",
        "coordinates": [
          [
            [
              -122.842842478657,
              49.1808432553482
            ],
            [
              -122.842841468707,
              49.181162202584
            ],
            [
              -122.84284422244,
              49.1812082093895
            ],
            [
              -122.842852759515,
              49.181253910127
            ],
            [
              -122.842867019187,
              49.1812989934736
            ],
            [
              -122.842886906395,
              49.1813431507581
            ],
            [
              -122.842912282136,
              49.1813860831431
            ],
            [
              -122.842942977208,
              49.1814274944484
            ],
            [
              -122.842978779816,
              49.1814671055264
            ],
            [
              -122.84301944658,
              49.1815046443823
            ],
            [
              -122.843023132368,
              49.1815080856111
            ],
            [
              -122.843026309782,
              49.1815117375393
            ],
            [
              -122.843028954223,
              49.1815155677502
            ],
            [
              -122.843031041095,
              49.1815195438272
            ],
            [
              -122.843032551301,
              49.181523629763
            ],
            [
              -122.843033473974,
              49.1815277904611
            ],
            [
              -122.843034451126,
              49.1815403240934
            ],
            [
              -122.843033649903,
              49.1815528634043
            ],
            [
              -122.84303107614,
              49.1815652986588
            ],
            [
              -122.843026754866,
              49.1815775255447
            ],
            [
              -122.8430207221,
              49.1815894352673
            ],
            [
              -122.84301302893,
              49.181600927148
            ],
            [
              -122.843003742909,
              49.1816119014299
            ],
            [
              -122.842928572707,
              49.1816917533747
            ],
            [
              -122.84280661905,
              49.1818295327404
            ],
            [
              -122.842150074957,
              49.181579797431
            ],
            [
              -122.841821998451,
              49.1809610108185
            ],
            [
              -122.841898289004,
              49.1808820237703
            ],
            [
              -122.842023603647,
              49.1808708728233
            ],
            [
              -122.842617216838,
              49.1808180494933
            ],
            [
              -122.842774645527,
              49.1808042536833
            ],
            [
              -122.842842478657,
              49.1808432553482
            ]
          ]
        ]
      },
      "properties": {
        "OBJECTID": 4275,
        "PROJECT_NO": "23-0215-00",
        "DESCRIPTION": "Comprehensive Sign Design Development Permit for  Phase D . ",
        "STATUS": "Concluded",
        "WEBLINK": "https://citizenportal.surrey.ca/citizenportal/integration/publicProjectForward.html?year=23 seq=0215",
        "source_dataset": "Development Applications",
        "source_url": "https://services5.arcgis.com/YRpe0VKTJytZSSIB/arcgis/rest/services/Development%20Applications/FeatureServer/0",
        "retrieved_at": "2026-10-06T20:03:04.899858+00:00",
        "licence": "Contains information licensed under the Open Government License – City of Surrey.",
        "licence_url": "https://opendata-surrey.hub.arcgis.com/pages/55089a19491a4fe59a41e059fd8af708",
        "source_sha256": "7dd44fc28b8f521f582d52527a18a64baed338509036006dc0ca9c8144ef862b"
      }
    },
    {
      "type": "Feature",
      "id": "4289",
      "geometry": {
        "type": "Polygon",
        "coordinates": [
          [
            [
              -122.845157866345,
              49.1827150058701
            ],
            [
              -122.845116702415,
              49.1827141410922
            ],
            [
              -122.844924055498,
              49.1827100118794
            ],
            [
              -122.844007557692,
              49.1823615513362
            ],
            [
              -122.843804169155,
              49.1822841864073
            ],
            [
              -122.843479488375,
              49.1821605080229
            ],
            [
              -122.842984860921,
              49.1819721003299
            ],
            [
              -122.842492157608,
              49.1817847734752
            ],
            [
              -122.84216665897,
              49.1816610012177
            ],
            [
              -122.842024001454,
              49.1814313342066
            ],
            [
              -122.841958648661,
              49.1813140355412
            ],
            [
              -122.841874192246,
              49.1811641475576
            ],
            [
              -122.841830443027,
              49.1810711649052
            ],
            [
              -122.841799982997,
              49.1809852177029
            ],
            [
              -122.841898559343,
              49.1808824478208
            ],
            [
              -122.842023872649,
              49.1808712860773
            ],
            [
              -122.842617911991,
              49.1808182186534
            ],
            [
              -122.843016912328,
              49.1807831428605
            ],
            [
              -122.843115322811,
              49.1807744620553
            ],
            [
              -122.843322431425,
              49.1807586433583
            ],
            [
              -122.843434561664,
              49.1807509703806
            ],
            [
              -122.843546687948,
              49.1807441059695
            ],
            [
              -122.843659087732,
              49.180737963246
            ],
            [
              -122.84394120244,
              49.1806951779794
            ],
            [
              -122.844258645777,
              49.1806878093431
            ],
            [
              -122.844414447272,
              49.180685492553
            ],
            [
              -122.84509050968,
              49.1807041077884
            ],
            [
              -122.845156452331,
              49.180728137315
            ],
            [
              -122.84520512442,
              49.1807747768279
            ],
            [
              -122.845233694073,
              49.1808091773107
            ],
            [
              -122.845252787144,
              49.1808463536436
            ],
            [
              -122.84526172283,
              49.1808850455716
            ],
            [
              -122.845242979108,
              49.180998541625
            ],
            [
              -122.845245476587,
              49.1811824510595
            ],
            [
              -122.845256527937,
              49.181272287914
            ],
            [
              -122.845229756986,
              49.1818015367895
            ],
            [
              -122.845204645348,
              49.1818016830407
            ],
            [
              -122.845197914187,
              49.1819347150499
            ],
            [
              -122.845157866345,
              49.1827150058701
            ]
          ]
        ]
      },
      "properties": {
        "OBJECTID": 4289,
        "PROJECT_NO": "09-0136-00",
        "DESCRIPTION": "Rezoning from RF  RM-D  CG-1  CHI and C-15 to CD (based on C-35 and RMC-150); Development Permit in order to permit the development of a comprehensive mixed-use development including offices  retail space  multiple residential dwelling and a hotel with conference and convention facilities and a gaming facility (casino) in 5 high-rise buildings.",
        "STATUS": "Closed",
        "WEBLINK": "https://citizenportal.surrey.ca/citizenportal/integration/publicProjectForward.html?year=09 seq=0136",
        "source_dataset": "Development Applications",
        "source_url": "https://services5.arcgis.com/YRpe0VKTJytZSSIB/arcgis/rest/services/Development%20Applications/FeatureServer/0",
        "retrieved_at": "2026-10-06T20:03:04.899858+00:00",
        "licence": "Contains information licensed under the Open Government License – City of Surrey.",
        "licence_url": "https://opendata-surrey.hub.arcgis.com/pages/55089a19491a4fe59a41e059fd8af708",
        "source_sha256": "7dd44fc28b8f521f582d52527a18a64baed338509036006dc0ca9c8144ef862b"
      }
    },
    {
      "type": "Feature",
      "id": "4313",
      "geometry": {
        "type": "Polygon",
        "coordinates": [
          [
            [
              -122.855660442465,
              49.1873817523199
            ],
            [
              -122.855243685876,
              49.1872796689682
            ],
            [
              -122.855243863845,
              49.1872661761996
            ],
            [
              -122.855248839903,
              49.1869279563031
            ],
            [
              -122.855666112462,
              49.1869927096763
            ],
            [
              -122.855917135929,
              49.1870317039256
            ],
            [
              -122.856368704677,
              49.187101803884
            ],
            [
              -122.856366398041,
              49.1873278545022
            ],
            [
              -122.856337183793,
              49.1873220611561
            ],
            [
              -122.856335119004,
              49.1875124006166
            ],
            [
              -122.85628564795,
              49.1875348273856
            ],
            [
              -122.855911265615,
              49.1874431455932
            ],
            [
              -122.855660442465,
              49.1873817523199
            ]
          ]
        ]
      },
      "properties": {
        "OBJECTID": 4313,
        "PROJECT_NO": "08-0250-00",
        "DESCRIPTION": "Rezoning from RF to CD (based on RM-70); Development Permit in order to permit the development of a 4-storey apartment building with a two-storey townhouse base consisting of approximately 90 units.",
        "STATUS": "Closed",
        "WEBLINK": "https://citizenportal.surrey.ca/citizenportal/integration/publicProjectForward.html?year=08 seq=0250",
        "source_dataset": "Development Applications",
        "source_url": "https://services5.arcgis.com/YRpe0VKTJytZSSIB/arcgis/rest/services/Development%20Applications/FeatureServer/0",
        "retrieved_at": "2026-10-06T20:03:04.899858+00:00",
        "licence": "Contains information licensed under the Open Government License – City of Surrey.",
        "licence_url": "https://opendata-surrey.hub.arcgis.com/pages/55089a19491a4fe59a41e059fd8af708",
        "source_sha256": "7dd44fc28b8f521f582d52527a18a64baed338509036006dc0ca9c8144ef862b"
      }
    },
    {
      "type": "Feature",
      "id": "4443",
      "geometry": {
        "type": "Polygon",
        "coordinates": [
          [
            [
              -122.847486995282,
              49.1781314834786
            ],
            [
              -122.845960928519,
              49.1781390758762
            ],
            [
              -122.845989195315,
              49.1779629847649
            ],
            [
              -122.846006763813,
              49.1776541980633
            ],
            [
              -122.847510722755,
              49.1776478352231
            ],
            [
              -122.847486995282,
              49.1781314834786
            ]
          ]
        ]
      },
      "properties": {
        "OBJECTID": 4443,
        "PROJECT_NO": "03-0071-00",
        "DESCRIPTION": "To permit the development of a commercial/residential building with a total floor area of 8777 square metres (416 square metres of commercial space and 111 residential units)",
        "STATUS": "Concluded",
        "WEBLINK": "https://citizenportal.surrey.ca/citizenportal/integration/publicProjectForward.html?year=03 seq=0071",
        "source_dataset": "Development Applications",
        "source_url": "https://services5.arcgis.com/YRpe0VKTJytZSSIB/arcgis/rest/services/Development%20Applications/FeatureServer/0",
        "retrieved_at": "2026-10-06T20:03:04.899858+00:00",
        "licence": "Contains information licensed under the Open Government License – City of Surrey.",
        "licence_url": "https://opendata-surrey.hub.arcgis.com/pages/55089a19491a4fe59a41e059fd8af708",
        "source_sha256": "7dd44fc28b8f521f582d52527a18a64baed338509036006dc0ca9c8144ef862b"
      }
    },
    {
      "type": "Feature",
      "id": "4448",
      "geometry": {
        "type": "Polygon",
        "coordinates": [
          [
            [
              -122.845628117228,
              49.1895810098547
            ],
            [
              -122.845631785635,
              49.1893295900293
            ],
            [
              -122.846582167434,
              49.1893330278671
            ],
            [
              -122.846577265654,
              49.1895845360357
            ],
            [
              -122.845628117228,
              49.1895810098547
            ]
          ]
        ]
      },
      "properties": {
        "OBJECTID": 4448,
        "PROJECT_NO": "12-0322-00",
        "DESCRIPTION": "Development Variance Permit to permit temporary off-site real estate development/construction fascia signage for a temporary real estate sales centre.",
        "STATUS": "Concluded",
        "WEBLINK": "https://citizenportal.surrey.ca/citizenportal/integration/publicProjectForward.html?year=12 seq=0322",
        "source_dataset": "Development Applications",
        "source_url": "https://services5.arcgis.com/YRpe0VKTJytZSSIB/arcgis/rest/services/Development%20Applications/FeatureServer/0",
        "retrieved_at": "2026-10-06T20:03:04.899858+00:00",
        "licence": "Contains information licensed under the Open Government License – City of Surrey.",
        "licence_url": "https://opendata-surrey.hub.arcgis.com/pages/55089a19491a4fe59a41e059fd8af708",
        "source_sha256": "7dd44fc28b8f521f582d52527a18a64baed338509036006dc0ca9c8144ef862b"
      }
    },
    {
      "type": "Feature",
      "id": "4449",
      "geometry": {
        "type": "Polygon",
        "coordinates": [
          [
            [
              -122.849702630117,
              49.185464545927
            ],
            [
              -122.851542715629,
              49.1861094848422
            ],
            [
              -122.851593429442,
              49.1861751277734
            ],
            [
              -122.851442723403,
              49.1868653291294
            ],
            [
              -122.851400273951,
              49.1870162170308
            ],
            [
              -122.851339031283,
              49.1871643821253
            ],
            [
              -122.851259684653,
              49.1873087449319
            ],
            [
              -122.851162511354,
              49.1874483171847
            ],
            [
              -122.851048336838,
              49.1875823793778
            ],
            [
              -122.85091785069,
              49.1877097647579
            ],
            [
              -122.849979435579,
              49.1873934288839
            ],
            [
              -122.849924978867,
              49.1872955780192
            ],
            [
              -122.848405958151,
              49.1872863844015
            ],
            [
              -122.848407348698,
              49.1871914846144
            ],
            [
              -122.84842107209,
              49.1871915026266
            ],
            [
              -122.848424228745,
              49.1871914168163
            ],
            [
              -122.848427385674,
              49.187191241053
            ],
            [
              -122.848430543428,
              49.1871907954307
            ],
            [
              -122.848433701732,
              49.1871901699026
            ],
            [
              -122.848436723351,
              49.1871893642885
            ],
            [
              -122.848439608285,
              49.1871883785883
            ],
            [
              -122.848442356261,
              49.187187302755
            ],
            [
              -122.848444830317,
              49.1871860466557
            ],
            [
              -122.848447304924,
              49.1871846106504
            ],
            [
              -122.848449505337,
              49.187183084332
            ],
            [
              -122.848451431831,
              49.1871813777476
            ],
            [
              -122.848453221366,
              49.1871795810302
            ],
            [
              -122.848454736708,
              49.1871776939996
            ],
            [
              -122.848455977582,
              49.1871758066089
            ],
            [
              -122.848457081772,
              49.1871737391323
            ],
            [
              -122.84845777426,
              49.1871716711154
            ],
            [
              -122.848458193652,
              49.1871696027402
            ],
            [
              -122.848458337205,
              49.187167534003
            ],
            [
              -122.848460067495,
              49.1870516755439
            ],
            [
              -122.848459933833,
              49.1870505059758
            ],
            [
              -122.848459800445,
              49.1870492464547
            ],
            [
              -122.848459392316,
              49.1870480765265
            ],
            [
              -122.848458846953,
              49.1870469064182
            ],
            [
              -122.848458164082,
              49.1870458260828
            ],
            [
              -122.848457343978,
              49.1870447455673
            ],
            [
              -122.848456386365,
              49.1870437548246
            ],
            [
              -122.848455154285,
              49.1870427637218
            ],
            [
              -122.848453921931,
              49.1870418625718
            ],
            [
              -122.848452689302,
              49.1870410513749
            ],
            [
              -122.848451182206,
              49.1870402398177
            ],
            [
              -122.84844967456,
              49.1870396081664
            ],
            [
              -122.848448029407,
              49.1870390662878
            ],
            [
              -122.848446246745,
              49.1870386141821
            ],
            [
              -122.848444601042,
              49.1870382522095
            ],
            [
              -122.848442818105,
              49.1870378900566
            ],
            [
              -122.848440897111,
              49.1870377975824
            ],
            [
              -122.84843911335,
              49.1870377052883
            ],
            [
              -122.848435408046,
              49.1870377004258
            ],
            [
              -122.848436265938,
              49.1869819296149
            ],
            [
              -122.848409643222,
              49.186981713868
            ],
            [
              -122.848409837063,
              49.1869636335118
            ],
            [
              -122.848442360801,
              49.1869638570027
            ],
            [
              -122.848444760113,
              49.1868086898304
            ],
            [
              -122.848486478354,
              49.1868089244746
            ],
            [
              -122.848488262656,
              49.1868088368621
            ],
            [
              -122.848490046958,
              49.1868087492496
            ],
            [
              -122.848491831809,
              49.1868084817312
            ],
            [
              -122.848493479702,
              49.1868081240798
            ],
            [
              -122.848495265103,
              49.1868076766555
            ],
            [
              -122.848496776312,
              49.1868071389182
            ],
            [
              -122.848498425029,
              49.1868065114079
            ],
            [
              -122.848499799554,
              49.1868057935847
            ],
            [
              -122.84850117408,
              49.1868050757615
            ],
            [
              -122.848502411922,
              49.1868041778523
            ],
            [
              -122.848503512531,
              49.1868032797632
            ],
            [
              -122.848504613415,
              49.1868022917211
            ],
            [
              -122.848505440107,
              49.186801213366
            ],
            [
              -122.848506129567,
              49.1868001348309
            ],
            [
              -122.848506682069,
              49.1867989661629
            ],
            [
              -122.84850709871,
              49.1867977973167
            ],
            [
              -122.848507376745,
              49.1867966282886
            ],
            [
              -122.848507517548,
              49.1867954590806
            ],
            [
              -122.848507521119,
              49.1867942896925
            ],
            [
              -122.848508407485,
              49.1867291637739
            ],
            [
              -122.84695990189,
              49.1867195508388
            ],
            [
              -122.846685577813,
              49.1867179240579
            ],
            [
              -122.846343325014,
              49.1867157565029
            ],
            [
              -122.846350288944,
              49.1862444060028
            ],
            [
              -122.845693923171,
              49.1862402844964
            ],
            [
              -122.845703538106,
              49.1855812076804
            ],
            [
              -122.845715820114,
              49.1855812330839
            ],
            [
              -122.846701865987,
              49.1855874054058
            ],
            [
              -122.846976320768,
              49.185589122277
            ],
            [
              -122.847029016057,
              49.1855894619451
            ],
            [
              -122.847022913683,
              49.1860073778194
            ],
            [
              -122.847274728299,
              49.1860088831835
            ],
            [
              -122.848593628436,
              49.1860170199355
            ],
            [
              -122.848615078682,
              49.1860031952459
            ],
            [
              -122.84862375596,
              49.1854129321261
            ],
            [
              -122.84862952973,
              49.1854096114212
            ],
            [
              -122.848759171623,
              49.1853331419442
            ],
            [
              -122.849317915757,
              49.1853051834837
            ],
            [
              -122.849702630117,
              49.185464545927
            ]
          ]
        ]
      },
      "properties": {
        "OBJECTID": 4449,
        "PROJECT_NO": "08-0221-00",
        "DESCRIPTION": "Development Permit and Development Variance Permit in order to allow four (4) fascia signs for a tenant at Central City Mall.",
        "STATUS": "Concluded",
        "WEBLINK": "https://citizenportal.surrey.ca/citizenportal/integration/publicProjectForward.html?year=08 seq=0221",
        "source_dataset": "Development Applications",
        "source_url": "https://services5.arcgis.com/YRpe0VKTJytZSSIB/arcgis/rest/services/Development%20Applications/FeatureServer/0",
        "retrieved_at": "2026-10-06T20:03:04.899858+00:00",
        "licence": "Contains information licensed under the Open Government License – City of Surrey.",
        "licence_url": "https://opendata-surrey.hub.arcgis.com/pages/55089a19491a4fe59a41e059fd8af708",
        "source_sha256": "7dd44fc28b8f521f582d52527a18a64baed338509036006dc0ca9c8144ef862b"
      }
    },
    {
      "type": "Feature",
      "id": "4456",
      "geometry": {
        "type": "MultiPolygon",
        "coordinates": [
          [
            [
              [
                -122.843637537999,
                49.1821455883626
              ],
              [
                -122.843061691735,
                49.1819265561252
              ],
              [
                -122.843040356022,
                49.1819506598197
              ],
              [
                -122.842986968966,
                49.1819303531391
              ],
              [
                -122.843128668801,
                49.1817702631877
              ],
              [
                -122.84317200438,
                49.1817245744572
              ],
              [
                -122.843178306819,
                49.1817185093638
              ],
              [
                -122.843185355951,
                49.1817128086955
              ],
              [
                -122.843193104995,
                49.1817075119682
              ],
              [
                -122.843201500317,
                49.1817026568894
              ],
              [
                -122.843210481436,
                49.1816982766595
              ],
              [
                -122.843219989254,
                49.1816944008828
              ],
              [
                -122.843229955074,
                49.1816910573514
              ],
              [
                -122.843240310213,
                49.18168826936
              ],
              [
                -122.843250984627,
                49.1816860566029
              ],
              [
                -122.843261901431,
                49.181684432469
              ],
              [
                -122.843292309785,
                49.1816807757512
              ],
              [
                -122.843310235741,
                49.1816791530274
              ],
              [
                -122.843328309345,
                49.1816785730607
              ],
              [
                -122.843346390618,
                49.1816790410584
              ],
              [
                -122.843364339604,
                49.1816805550315
              ],
              [
                -122.843382013643,
                49.1816831003942
              ],
              [
                -122.843399276945,
                49.1816866589717
              ],
              [
                -122.843415992383,
                49.1816912017932
              ],
              [
                -122.843560355536,
                49.1817320428667
              ],
              [
                -122.843708177018,
                49.1817671683047
              ],
              [
                -122.843858930257,
                49.181796452347
              ],
              [
                -122.843659969208,
                49.1820210800946
              ],
              [
                -122.8437256697,
                49.1820460878976
              ],
              [
                -122.843637537999,
                49.1821455883626
              ]
            ]
          ],
          [
            [
              [
                -122.842617216838,
                49.1808180494933
              ],
              [
                -122.842774645527,
                49.1808042536833
              ],
              [
                -122.842842478657,
                49.1808432553482
              ],
              [
                -122.842841468707,
                49.181162202584
              ],
              [
                -122.84284422244,
                49.1812082093895
              ],
              [
                -122.842852759515,
                49.181253910127
              ],
              [
                -122.842867019187,
                49.1812989934736
              ],
              [
                -122.842886906395,
                49.1813431507581
              ],
              [
                -122.842912282136,
                49.1813860831431
              ],
              [
                -122.842942977208,
                49.1814274944484
              ],
              [
                -122.842978779816,
                49.1814671055264
              ],
              [
                -122.84301944658,
                49.1815046443823
              ],
              [
                -122.843023132368,
                49.1815080856111
              ],
              [
                -122.843026309782,
                49.1815117375393
              ],
              [
                -122.843028954223,
                49.1815155677502
              ],
              [
                -122.843031041095,
                49.1815195438272
              ],
              [
                -122.843032551301,
                49.181523629763
              ],
              [
                -122.843033473974,
                49.1815277904611
              ],
              [
                -122.843034451126,
                49.1815403240934
              ],
              [
                -122.843033649903,
                49.1815528634043
              ],
              [
                -122.84303107614,
                49.1815652986588
              ],
              [
                -122.843026754866,
                49.1815775255447
              ],
              [
                -122.8430207221,
                49.1815894352673
              ],
              [
                -122.84301302893,
                49.181600927148
              ],
              [
                -122.843003742909,
                49.1816119014299
              ],
              [
                -122.842928572707,
                49.1816917533747
              ],
              [
                -122.84280661905,
                49.1818295327404
              ],
              [
                -122.842150074957,
                49.181579797431
              ],
              [
                -122.841821998451,
                49.1809610108185
              ],
              [
                -122.841898289004,
                49.1808820237703
              ],
              [
                -122.842023603647,
                49.1808708728233
              ],
              [
                -122.842617216838,
                49.1808180494933
              ]
            ]
          ]
        ]
      },
      "properties": {
        "OBJECTID": 4456,
        "PROJECT_NO": "19-0247-00",
        "DESCRIPTION": "Development Variance Permit to vary Schedule G  Amenity Requirements in NCP and Infill Areas  of Surrey Zoning By-law 12000  Area XXX Undergrounding Utilities",
        "STATUS": "Closed",
        "WEBLINK": "https://citizenportal.surrey.ca/citizenportal/integration/publicProjectForward.html?year=19 seq=0247",
        "source_dataset": "Development Applications",
        "source_url": "https://services5.arcgis.com/YRpe0VKTJytZSSIB/arcgis/rest/services/Development%20Applications/FeatureServer/0",
        "retrieved_at": "2026-10-06T20:03:04.899858+00:00",
        "licence": "Contains information licensed under the Open Government License – City of Surrey.",
        "licence_url": "https://opendata-surrey.hub.arcgis.com/pages/55089a19491a4fe59a41e059fd8af708",
        "source_sha256": "7dd44fc28b8f521f582d52527a18a64baed338509036006dc0ca9c8144ef862b"
      }
    },
    {
      "type": "Feature",
      "id": "4468",
      "geometry": {
        "type": "Polygon",
        "coordinates": [
          [
            [
              -122.849965148389,
              49.1911598599199
            ],
            [
              -122.850142955161,
              49.191374391714
            ],
            [
              -122.850162094903,
              49.1914359364506
            ],
            [
              -122.850132167624,
              49.1914893406245
            ],
            [
              -122.850065434169,
              49.1915257246421
            ],
            [
              -122.849994477587,
              49.1915357648351
            ],
            [
              -122.848311208505,
              49.1915290083978
            ],
            [
              -122.848318248596,
              49.1912001684698
            ],
            [
              -122.848320863853,
              49.189991419983
            ],
            [
              -122.848528414773,
              49.19001765198
            ],
            [
              -122.848704527569,
              49.1900399105686
            ],
            [
              -122.84885104522,
              49.1900415605538
            ],
            [
              -122.84885685693,
              49.1902985231764
            ],
            [
              -122.848998325374,
              49.1908744844538
            ],
            [
              -122.849706098839,
              49.1911617188656
            ],
            [
              -122.849965148389,
              49.1911598599199
            ]
          ]
        ]
      },
      "properties": {
        "OBJECTID": 4468,
        "PROJECT_NO": "10-0160-00",
        "DESCRIPTION": "City Hall and Civic Plaza",
        "STATUS": "Concluded",
        "WEBLINK": "https://citizenportal.surrey.ca/citizenportal/integration/publicProjectForward.html?year=10 seq=0160",
        "source_dataset": "Development Applications",
        "source_url": "https://services5.arcgis.com/YRpe0VKTJytZSSIB/arcgis/rest/services/Development%20Applications/FeatureServer/0",
        "retrieved_at": "2026-10-06T20:03:04.899858+00:00",
        "licence": "Contains information licensed under the Open Government License – City of Surrey.",
        "licence_url": "https://opendata-surrey.hub.arcgis.com/pages/55089a19491a4fe59a41e059fd8af708",
        "source_sha256": "7dd44fc28b8f521f582d52527a18a64baed338509036006dc0ca9c8144ef862b"
      }
    },
    {
      "type": "Feature",
      "id": "4571",
      "geometry": {
        "type": "Polygon",
        "coordinates": [
          [
            [
              -122.843386737685,
              49.1857827959414
            ],
            [
              -122.844387378401,
              49.1857944167054
            ],
            [
              -122.844387538959,
              49.1861344404129
            ],
            [
              -122.843386892523,
              49.1861224598325
            ],
            [
              -122.843386737685,
              49.1857827959414
            ]
          ]
        ]
      },
      "properties": {
        "OBJECTID": 4571,
        "PROJECT_NO": "89-0097-00",
        "DESCRIPTION": null,
        "STATUS": "Concluded",
        "WEBLINK": "https://citizenportal.surrey.ca/citizenportal/integration/publicProjectForward.html?year=89 seq=0097",
        "source_dataset": "Development Applications",
        "source_url": "https://services5.arcgis.com/YRpe0VKTJytZSSIB/arcgis/rest/services/Development%20Applications/FeatureServer/0",
        "retrieved_at": "2026-10-06T20:03:04.899858+00:00",
        "licence": "Contains information licensed under the Open Government License – City of Surrey.",
        "licence_url": "https://opendata-surrey.hub.arcgis.com/pages/55089a19491a4fe59a41e059fd8af708",
        "source_sha256": "7dd44fc28b8f521f582d52527a18a64baed338509036006dc0ca9c8144ef862b"
      }
    },
    {
      "type": "Feature",
      "id": "4655",
      "geometry": {
        "type": "Polygon",
        "coordinates": [
          [
            [
              -122.845872487523,
              49.1828696317967
            ],
            [
              -122.845888093059,
              49.1824063370693
            ],
            [
              -122.845847269926,
              49.1820281141538
            ],
            [
              -122.845847092107,
              49.1820089349594
            ],
            [
              -122.845844424966,
              49.1817220889996
            ],
            [
              -122.845889387858,
              49.1816844540479
            ],
            [
              -122.846047019679,
              49.1816579643277
            ],
            [
              -122.846151486227,
              49.1816432855213
            ],
            [
              -122.846257398505,
              49.1816340831071
            ],
            [
              -122.84636409085,
              49.1816304164645
            ],
            [
              -122.84706433681,
              49.1816275993273
            ],
            [
              -122.847068707879,
              49.1820032332886
            ],
            [
              -122.847073045976,
              49.1823757817813
            ],
            [
              -122.847074477022,
              49.1824987463186
            ],
            [
              -122.84707604295,
              49.182633160295
            ],
            [
              -122.847078754219,
              49.1828661457685
            ],
            [
              -122.847010601622,
              49.1829114405704
            ],
            [
              -122.845941227975,
              49.1829155394549
            ],
            [
              -122.845872487523,
              49.1828696317967
            ]
          ]
        ]
      },
      "properties": {
        "OBJECTID": 4655,
        "PROJECT_NO": "24-0298-00",
        "DESCRIPTION": "Subdivision into three (3) Airspace Parcels.",
        "STATUS": "Concluded",
        "WEBLINK": "https://citizenportal.surrey.ca/citizenportal/integration/publicProjectForward.html?year=24 seq=0298",
        "source_dataset": "Development Applications",
        "source_url": "https://services5.arcgis.com/YRpe0VKTJytZSSIB/arcgis/rest/services/Development%20Applications/FeatureServer/0",
        "retrieved_at": "2026-10-06T20:03:04.899858+00:00",
        "licence": "Contains information licensed under the Open Government License – City of Surrey.",
        "licence_url": "https://opendata-surrey.hub.arcgis.com/pages/55089a19491a4fe59a41e059fd8af708",
        "source_sha256": "7dd44fc28b8f521f582d52527a18a64baed338509036006dc0ca9c8144ef862b"
      }
    },
    {
      "type": "Feature",
      "id": "4757",
      "geometry": {
        "type": "Polygon",
        "coordinates": [
          [
            [
              -122.845167445174,
              49.1901766104796
            ],
            [
              -122.842048414221,
              49.1901517489859
            ],
            [
              -122.842050271477,
              49.1895735176744
            ],
            [
              -122.842050515341,
              49.1894977755722
            ],
            [
              -122.84206116603,
              49.1894289732018
            ],
            [
              -122.842092975041,
              49.1893532751586
            ],
            [
              -122.842124579512,
              49.1892982660745
            ],
            [
              -122.842177295686,
              49.1892501222797
            ],
            [
              -122.842208971441,
              49.1892158025177
            ],
            [
              -122.843103442448,
              49.1886318778583
            ],
            [
              -122.843177178688,
              49.1885769266073
            ],
            [
              -122.843219305263,
              49.1885356952529
            ],
            [
              -122.843261452273,
              49.1884875384086
            ],
            [
              -122.843324730723,
              49.1883982107212
            ],
            [
              -122.843356376948,
              49.1883293494444
            ],
            [
              -122.84337768797,
              49.1882743260467
            ],
            [
              -122.843377797807,
              49.1882399640468
            ],
            [
              -122.843388237776,
              49.1879359343459
            ],
            [
              -122.84342990542,
              49.1879090048587
            ],
            [
              -122.844410150383,
              49.1879184397756
            ],
            [
              -122.844405097197,
              49.1888195919923
            ],
            [
              -122.845140124714,
              49.1888274262404
            ],
            [
              -122.845154790383,
              49.1890511641532
            ],
            [
              -122.845158442406,
              49.1893739285185
            ],
            [
              -122.845177811248,
              49.189760941452
            ],
            [
              -122.845167445174,
              49.1901766104796
            ]
          ]
        ]
      },
      "properties": {
        "OBJECTID": 4757,
        "PROJECT_NO": "00-0120-00",
        "DESCRIPTION": "to permit construction of a free standing A   W drive-thru restaurant",
        "STATUS": "Concluded",
        "WEBLINK": "https://citizenportal.surrey.ca/citizenportal/integration/publicProjectForward.html?year=00 seq=0120",
        "source_dataset": "Development Applications",
        "source_url": "https://services5.arcgis.com/YRpe0VKTJytZSSIB/arcgis/rest/services/Development%20Applications/FeatureServer/0",
        "retrieved_at": "2026-10-06T20:03:04.899858+00:00",
        "licence": "Contains information licensed under the Open Government License – City of Surrey.",
        "licence_url": "https://opendata-surrey.hub.arcgis.com/pages/55089a19491a4fe59a41e059fd8af708",
        "source_sha256": "7dd44fc28b8f521f582d52527a18a64baed338509036006dc0ca9c8144ef862b"
      }
    },
    {
      "type": "Feature",
      "id": "4785",
      "geometry": {
        "type": "Polygon",
        "coordinates": [
          [
            [
              -122.845970390103,
              49.1804644758412
            ],
            [
              -122.845813550498,
              49.1804650752346
            ],
            [
              -122.84581881211,
              49.1803623554871
            ],
            [
              -122.8458335799,
              49.1800719147943
            ],
            [
              -122.847075939094,
              49.1800665564863
            ],
            [
              -122.847080617737,
              49.1804599288652
            ],
            [
              -122.845970390103,
              49.1804644758412
            ]
          ]
        ]
      },
      "properties": {
        "OBJECTID": 4785,
        "PROJECT_NO": "09-0177-00",
        "DESCRIPTION": "Partial Discharge Land Use Contract No. 420; Rezoning from C-35 to CD (based upon RMC-150); Development Permit in order to permit the development of a mixed-use development  consisting of a 206-unit high-rise apartment building  6 townhouses and ground-level retail/commercial space.",
        "STATUS": "Closed",
        "WEBLINK": "https://citizenportal.surrey.ca/citizenportal/integration/publicProjectForward.html?year=09 seq=0177",
        "source_dataset": "Development Applications",
        "source_url": "https://services5.arcgis.com/YRpe0VKTJytZSSIB/arcgis/rest/services/Development%20Applications/FeatureServer/0",
        "retrieved_at": "2026-10-06T20:03:04.899858+00:00",
        "licence": "Contains information licensed under the Open Government License – City of Surrey.",
        "licence_url": "https://opendata-surrey.hub.arcgis.com/pages/55089a19491a4fe59a41e059fd8af708",
        "source_sha256": "7dd44fc28b8f521f582d52527a18a64baed338509036006dc0ca9c8144ef862b"
      }
    },
    {
      "type": "Feature",
      "id": "4802",
      "geometry": {
        "type": "Polygon",
        "coordinates": [
          [
            [
              -122.855415894436,
              49.185652085447
            ],
            [
              -122.855420437239,
              49.1854602198363
            ],
            [
              -122.856336976391,
              49.1854649680138
            ],
            [
              -122.856335043717,
              49.1856571058666
            ],
            [
              -122.855415894436,
              49.185652085447
            ]
          ]
        ]
      },
      "properties": {
        "OBJECTID": 4802,
        "PROJECT_NO": "97-0211-00",
        "DESCRIPTION": "To subdivide into 2 RF lots and vary the underground wiring and sidewalk requirement.",
        "STATUS": "Concluded",
        "WEBLINK": "https://citizenportal.surrey.ca/citizenportal/integration/publicProjectForward.html?year=97 seq=0211",
        "source_dataset": "Development Applications",
        "source_url": "https://services5.arcgis.com/YRpe0VKTJytZSSIB/arcgis/rest/services/Development%20Applications/FeatureServer/0",
        "retrieved_at": "2026-10-06T20:03:04.899858+00:00",
        "licence": "Contains information licensed under the Open Government License – City of Surrey.",
        "licence_url": "https://opendata-surrey.hub.arcgis.com/pages/55089a19491a4fe59a41e059fd8af708",
        "source_sha256": "7dd44fc28b8f521f582d52527a18a64baed338509036006dc0ca9c8144ef862b"
      }
    },
    {
      "type": "Feature",
      "id": "4841",
      "geometry": {
        "type": "Polygon",
        "coordinates": [
          [
            [
              -122.845204112978,
              49.1869457632915
            ],
            [
              -122.845200544914,
              49.1869457585091
            ],
            [
              -122.843435371795,
              49.1869277038155
            ],
            [
              -122.843435275911,
              49.1865274987855
            ],
            [
              -122.845201805996,
              49.1865459142191
            ],
            [
              -122.845204112978,
              49.1869457632915
            ]
          ]
        ]
      },
      "properties": {
        "OBJECTID": 4841,
        "PROJECT_NO": "99-0096-00",
        "DESCRIPTION": "to permit the development of a 2386 sq.m. retail building",
        "STATUS": "Concluded",
        "WEBLINK": "https://citizenportal.surrey.ca/citizenportal/integration/publicProjectForward.html?year=99 seq=0096",
        "source_dataset": "Development Applications",
        "source_url": "https://services5.arcgis.com/YRpe0VKTJytZSSIB/arcgis/rest/services/Development%20Applications/FeatureServer/0",
        "retrieved_at": "2026-10-06T20:03:04.899858+00:00",
        "licence": "Contains information licensed under the Open Government License – City of Surrey.",
        "licence_url": "https://opendata-surrey.hub.arcgis.com/pages/55089a19491a4fe59a41e059fd8af708",
        "source_sha256": "7dd44fc28b8f521f582d52527a18a64baed338509036006dc0ca9c8144ef862b"
      }
    },
    {
      "type": "Feature",
      "id": "4929",
      "geometry": {
        "type": "Polygon",
        "coordinates": [
          [
            [
              -122.841422062165,
              49.1813780601349
            ],
            [
              -122.841799982997,
              49.1809852177029
            ],
            [
              -122.841898559343,
              49.1808824478208
            ],
            [
              -122.842316776184,
              49.180458352345
            ],
            [
              -122.842191380838,
              49.1804097852422
            ],
            [
              -122.84239802916,
              49.1804088998366
            ],
            [
              -122.842899419603,
              49.1804067080648
            ],
            [
              -122.843175634883,
              49.1804058259267
            ],
            [
              -122.843676616412,
              49.1804031804586
            ],
            [
              -122.843668581247,
              49.1805568999269
            ],
            [
              -122.845293646731,
              49.1805503726905
            ],
            [
              -122.845269036134,
              49.1808283847382
            ],
            [
              -122.845231235401,
              49.1808055758805
            ],
            [
              -122.84520512442,
              49.1807747768279
            ],
            [
              -122.843656619617,
              49.180780956724
            ],
            [
              -122.84364540918,
              49.1809838763827
            ],
            [
              -122.843372144041,
              49.180875920052
            ],
            [
              -122.843115322811,
              49.1807744620553
            ],
            [
              -122.843016912328,
              49.1807831428605
            ],
            [
              -122.84216665897,
              49.1816610012177
            ],
            [
              -122.841422062165,
              49.1813780601349
            ]
          ]
        ]
      },
      "properties": {
        "OBJECTID": 4929,
        "PROJECT_NO": "91-0142-00",
        "DESCRIPTION": null,
        "STATUS": "Concluded",
        "WEBLINK": "https://citizenportal.surrey.ca/citizenportal/integration/publicProjectForward.html?year=91 seq=0142",
        "source_dataset": "Development Applications",
        "source_url": "https://services5.arcgis.com/YRpe0VKTJytZSSIB/arcgis/rest/services/Development%20Applications/FeatureServer/0",
        "retrieved_at": "2026-10-06T20:03:04.899858+00:00",
        "licence": "Contains information licensed under the Open Government License – City of Surrey.",
        "licence_url": "https://opendata-surrey.hub.arcgis.com/pages/55089a19491a4fe59a41e059fd8af708",
        "source_sha256": "7dd44fc28b8f521f582d52527a18a64baed338509036006dc0ca9c8144ef862b"
      }
    },
    {
      "type": "Feature",
      "id": "5018",
      "geometry": {
        "type": "Polygon",
        "coordinates": [
          [
            [
              -122.845645613811,
              49.189078184671
            ],
            [
              -122.845651068928,
              49.1888267681104
            ],
            [
              -122.846361958953,
              49.1888293450327
            ],
            [
              -122.846597871523,
              49.1888302019386
            ],
            [
              -122.846582167434,
              49.1893330278671
            ],
            [
              -122.845631787007,
              49.1893295900311
            ],
            [
              -122.845645613811,
              49.189078184671
            ]
          ]
        ]
      },
      "properties": {
        "OBJECTID": 5018,
        "PROJECT_NO": "08-0144-00",
        "DESCRIPTION": "Liquor License Amendment (patron participation for food primary) in order to permit entertainment in the form of karaoke at an existing restaurant.",
        "STATUS": "Concluded",
        "WEBLINK": "https://citizenportal.surrey.ca/citizenportal/integration/publicProjectForward.html?year=08 seq=0144",
        "source_dataset": "Development Applications",
        "source_url": "https://services5.arcgis.com/YRpe0VKTJytZSSIB/arcgis/rest/services/Development%20Applications/FeatureServer/0",
        "retrieved_at": "2026-10-06T20:03:04.899858+00:00",
        "licence": "Contains information licensed under the Open Government License – City of Surrey.",
        "licence_url": "https://opendata-surrey.hub.arcgis.com/pages/55089a19491a4fe59a41e059fd8af708",
        "source_sha256": "7dd44fc28b8f521f582d52527a18a64baed338509036006dc0ca9c8144ef862b"
      }
    },
    {
      "type": "Feature",
      "id": "5022",
      "geometry": {
        "type": "Polygon",
        "coordinates": [
          [
            [
              -122.847519595284,
              49.1898401861562
            ],
            [
              -122.84657401098,
              49.1898364052948
            ],
            [
              -122.84657863806,
              49.1895845378588
            ],
            [
              -122.847526415891,
              49.189587961767
            ],
            [
              -122.847519595284,
              49.1898401861562
            ]
          ]
        ]
      },
      "properties": {
        "OBJECTID": 5022,
        "PROJECT_NO": "98-0314-00",
        "DESCRIPTION": "to permit the development of a 445.9 sq.m. commercial building.",
        "STATUS": "Concluded",
        "WEBLINK": "https://citizenportal.surrey.ca/citizenportal/integration/publicProjectForward.html?year=98 seq=0314",
        "source_dataset": "Development Applications",
        "source_url": "https://services5.arcgis.com/YRpe0VKTJytZSSIB/arcgis/rest/services/Development%20Applications/FeatureServer/0",
        "retrieved_at": "2026-10-06T20:03:04.899858+00:00",
        "licence": "Contains information licensed under the Open Government License – City of Surrey.",
        "licence_url": "https://opendata-surrey.hub.arcgis.com/pages/55089a19491a4fe59a41e059fd8af708",
        "source_sha256": "7dd44fc28b8f521f582d52527a18a64baed338509036006dc0ca9c8144ef862b"
      }
    },
    {
      "type": "Feature",
      "id": "5109",
      "geometry": {
        "type": "Polygon",
        "coordinates": [
          [
            [
              -122.845101923016,
              49.18309462305
            ],
            [
              -122.845099372702,
              49.183163433941
            ],
            [
              -122.845136826577,
              49.1832539772373
            ],
            [
              -122.845104821931,
              49.1840923902985
            ],
            [
              -122.844929528309,
              49.1841973087093
            ],
            [
              -122.843404602771,
              49.1841788661053
            ],
            [
              -122.843406713424,
              49.1840331445657
            ],
            [
              -122.843402086644,
              49.1839342795757
            ],
            [
              -122.843384973484,
              49.1838359373719
            ],
            [
              -122.843355503197,
              49.1837389277041
            ],
            [
              -122.843163398125,
              49.183736686211
            ],
            [
              -122.843144047889,
              49.1836937521882
            ],
            [
              -122.84312195287,
              49.1836513541534
            ],
            [
              -122.843097111419,
              49.1836095820563
            ],
            [
              -122.843092470213,
              49.18360228953
            ],
            [
              -122.843087827636,
              49.1835949970017
            ],
            [
              -122.843083322284,
              49.1835877046596
            ],
            [
              -122.843284620211,
              49.1835901386675
            ],
            [
              -122.843279298257,
              49.1835811361114
            ],
            [
              -122.843273837709,
              49.1835721333671
            ],
            [
              -122.843268239655,
              49.1835632203891
            ],
            [
              -122.84297059831,
              49.1830905592067
            ],
            [
              -122.842347753044,
              49.1821014812595
            ],
            [
              -122.842231097072,
              49.1818928091491
            ],
            [
              -122.842440377411,
              49.1819716250466
            ],
            [
              -122.845106245489,
              49.1829856053873
            ],
            [
              -122.845101923016,
              49.18309462305
            ]
          ]
        ]
      },
      "properties": {
        "OBJECTID": 5109,
        "PROJECT_NO": "05-0323-00",
        "DESCRIPTION": "DP to permit the development of two 36-storey residential towers with ground floor retail space ond one free-standing commercial building.",
        "STATUS": "Concluded",
        "WEBLINK": "https://citizenportal.surrey.ca/citizenportal/integration/publicProjectForward.html?year=05 seq=0323",
        "source_dataset": "Development Applications",
        "source_url": "https://services5.arcgis.com/YRpe0VKTJytZSSIB/arcgis/rest/services/Development%20Applications/FeatureServer/0",
        "retrieved_at": "2026-10-06T20:03:04.899858+00:00",
        "licence": "Contains information licensed under the Open Government License – City of Surrey.",
        "licence_url": "https://opendata-surrey.hub.arcgis.com/pages/55089a19491a4fe59a41e059fd8af708",
        "source_sha256": "7dd44fc28b8f521f582d52527a18a64baed338509036006dc0ca9c8144ef862b"
      }
    },
    {
      "type": "Feature",
      "id": "5237",
      "geometry": {
        "type": "Polygon",
        "coordinates": [
          [
            [
              -122.848405958154,
              49.1872863835019
            ],
            [
              -122.849924978867,
              49.1872955780192
            ],
            [
              -122.849979435579,
              49.1873934288839
            ],
            [
              -122.85091785069,
              49.1877097647579
            ],
            [
              -122.850829379259,
              49.1877849405115
            ],
            [
              -122.850735153957,
              49.1878571412018
            ],
            [
              -122.850635584555,
              49.1879260956858
            ],
            [
              -122.85061743366,
              49.1879379460418
            ],
            [
              -122.850599283299,
              49.1879496164891
            ],
            [
              -122.850580858727,
              49.1879611966255
            ],
            [
              -122.850321399552,
              49.1881230446016
            ],
            [
              -122.850223759844,
              49.188188403098
            ],
            [
              -122.850133245629,
              49.1882581784676
            ],
            [
              -122.850050540338,
              49.1883319218481
            ],
            [
              -122.849951952429,
              49.1883488840257
            ],
            [
              -122.848733859871,
              49.1879387147241
            ],
            [
              -122.848496934987,
              49.1878680580124
            ],
            [
              -122.848250903994,
              49.1878125909524
            ],
            [
              -122.847997827964,
              49.1877727668649
            ],
            [
              -122.847740171698,
              49.1877489469675
            ],
            [
              -122.847817500639,
              49.1877281797287
            ],
            [
              -122.848352065083,
              49.187584421515
            ],
            [
              -122.848401743331,
              49.1875847565945
            ],
            [
              -122.848405777773,
              49.1873000570634
            ],
            [
              -122.848405958154,
              49.1872863835019
            ]
          ]
        ]
      },
      "properties": {
        "OBJECTID": 5237,
        "PROJECT_NO": "19-0159-00",
        "DESCRIPTION": "Liquor Licence Amendment to add the 300 person capacity to the existing 500 person capacity currently in the LP License #300744. In addition  to allow minors (Family Foodservice Endorsement) and transfer the Tied House Exemption to LP License #300744. (Once completed  FP License #300746 will be cancelled) ",
        "STATUS": "Closed",
        "WEBLINK": "https://citizenportal.surrey.ca/citizenportal/integration/publicProjectForward.html?year=19 seq=0159",
        "source_dataset": "Development Applications",
        "source_url": "https://services5.arcgis.com/YRpe0VKTJytZSSIB/arcgis/rest/services/Development%20Applications/FeatureServer/0",
        "retrieved_at": "2026-10-06T20:03:04.899858+00:00",
        "licence": "Contains information licensed under the Open Government License – City of Surrey.",
        "licence_url": "https://opendata-surrey.hub.arcgis.com/pages/55089a19491a4fe59a41e059fd8af708",
        "source_sha256": "7dd44fc28b8f521f582d52527a18a64baed338509036006dc0ca9c8144ef862b"
      }
    },
    {
      "type": "Feature",
      "id": "5293",
      "geometry": {
        "type": "Polygon",
        "coordinates": [
          [
            [
              -122.845783473057,
              49.1839385850704
            ],
            [
              -122.84578290474,
              49.1830682839264
            ],
            [
              -122.845808428405,
              49.1830682280528
            ],
            [
              -122.846452334788,
              49.1834467163858
            ],
            [
              -122.84754799372,
              49.184223578252
            ],
            [
              -122.847703541478,
              49.1843338890497
            ],
            [
              -122.84757701917,
              49.1842899130664
            ],
            [
              -122.847463497607,
              49.1842567494148
            ],
            [
              -122.847313209385,
              49.1842208375496
            ],
            [
              -122.847189504922,
              49.1841973742254
            ],
            [
              -122.847043696722,
              49.1841773006225
            ],
            [
              -122.846915148551,
              49.1841666939153
            ],
            [
              -122.845830832311,
              49.1841523783208
            ],
            [
              -122.845783182082,
              49.1841192109765
            ],
            [
              -122.845783473057,
              49.1839385850704
            ]
          ]
        ]
      },
      "properties": {
        "OBJECTID": 5293,
        "PROJECT_NO": "91-0114-00",
        "DESCRIPTION": null,
        "STATUS": "Concluded",
        "WEBLINK": "https://citizenportal.surrey.ca/citizenportal/integration/publicProjectForward.html?year=91 seq=0114",
        "source_dataset": "Development Applications",
        "source_url": "https://services5.arcgis.com/YRpe0VKTJytZSSIB/arcgis/rest/services/Development%20Applications/FeatureServer/0",
        "retrieved_at": "2026-10-06T20:03:04.899858+00:00",
        "licence": "Contains information licensed under the Open Government License – City of Surrey.",
        "licence_url": "https://opendata-surrey.hub.arcgis.com/pages/55089a19491a4fe59a41e059fd8af708",
        "source_sha256": "7dd44fc28b8f521f582d52527a18a64baed338509036006dc0ca9c8144ef862b"
      }
    },
    {
      "type": "Feature",
      "id": "5294",
      "geometry": {
        "type": "Polygon",
        "coordinates": [
          [
            [
              -122.842625251784,
              49.1908778554539
            ],
            [
              -122.842516969349,
              49.1908767174706
            ],
            [
              -122.842530393332,
              49.1901562814289
            ],
            [
              -122.843198470207,
              49.1901623267116
            ],
            [
              -122.84319754424,
              49.1908834976224
            ],
            [
              -122.842625251784,
              49.1908778554539
            ]
          ]
        ]
      },
      "properties": {
        "OBJECTID": 5294,
        "PROJECT_NO": "93-0473-00",
        "DESCRIPTION": null,
        "STATUS": "Concluded",
        "WEBLINK": "https://citizenportal.surrey.ca/citizenportal/integration/publicProjectForward.html?year=93 seq=0473",
        "source_dataset": "Development Applications",
        "source_url": "https://services5.arcgis.com/YRpe0VKTJytZSSIB/arcgis/rest/services/Development%20Applications/FeatureServer/0",
        "retrieved_at": "2026-10-06T20:03:04.899858+00:00",
        "licence": "Contains information licensed under the Open Government License – City of Surrey.",
        "licence_url": "https://opendata-surrey.hub.arcgis.com/pages/55089a19491a4fe59a41e059fd8af708",
        "source_sha256": "7dd44fc28b8f521f582d52527a18a64baed338509036006dc0ca9c8144ef862b"
      }
    },
    {
      "type": "Feature",
      "id": "5310",
      "geometry": {
        "type": "Polygon",
        "coordinates": [
          [
            [
              -122.845182543467,
              49.1853853063725
            ],
            [
              -122.845195627404,
              49.1854577363276
            ],
            [
              -122.844221469352,
              49.1854468806124
            ],
            [
              -122.844221874424,
              49.1852321625971
            ],
            [
              -122.845156916734,
              49.1852434147406
            ],
            [
              -122.845182543467,
              49.1853853063725
            ]
          ]
        ]
      },
      "properties": {
        "OBJECTID": 5310,
        "PROJECT_NO": "99-0041-00",
        "DESCRIPTION": "To refurbish existing single storey building to add second storey and addition. ",
        "STATUS": "Concluded",
        "WEBLINK": "https://citizenportal.surrey.ca/citizenportal/integration/publicProjectForward.html?year=99 seq=0041",
        "source_dataset": "Development Applications",
        "source_url": "https://services5.arcgis.com/YRpe0VKTJytZSSIB/arcgis/rest/services/Development%20Applications/FeatureServer/0",
        "retrieved_at": "2026-10-06T20:03:04.899858+00:00",
        "licence": "Contains information licensed under the Open Government License – City of Surrey.",
        "licence_url": "https://opendata-surrey.hub.arcgis.com/pages/55089a19491a4fe59a41e059fd8af708",
        "source_sha256": "7dd44fc28b8f521f582d52527a18a64baed338509036006dc0ca9c8144ef862b"
      }
    },
    {
      "type": "Feature",
      "id": "5327",
      "geometry": {
        "type": "Polygon",
        "coordinates": [
          [
            [
              -122.846342639687,
              49.1867154857312
            ],
            [
              -122.846349189422,
              49.1862449442598
            ],
            [
              -122.845693923171,
              49.1862402844964
            ],
            [
              -122.845703538106,
              49.1855812076804
            ],
            [
              -122.84702874132,
              49.1855895515345
            ],
            [
              -122.847023875962,
              49.1860068393741
            ],
            [
              -122.848612425745,
              49.1860181240164
            ],
            [
              -122.848623345096,
              49.1854126617276
            ],
            [
              -122.848757799061,
              49.1853332301001
            ],
            [
              -122.849317094297,
              49.1853045527388
            ],
            [
              -122.849686455605,
              49.1854584080518
            ],
            [
              -122.851603718807,
              49.186130704066
            ],
            [
              -122.851442875178,
              49.1868604718472
            ],
            [
              -122.851413702254,
              49.1869777343021
            ],
            [
              -122.851378828668,
              49.1870733997242
            ],
            [
              -122.85135766944,
              49.1871276143229
            ],
            [
              -122.851322327853,
              49.1871966538515
            ],
            [
              -122.851258714845,
              49.1873118020944
            ],
            [
              -122.851186207437,
              49.1874177636056
            ],
            [
              -122.851149420634,
              49.1874661110626
            ],
            [
              -122.851102726622,
              49.1875222716701
            ],
            [
              -122.850983501107,
              49.1876477817244
            ],
            [
              -122.850865011162,
              49.1877562014811
            ],
            [
              -122.850728411524,
              49.1878626196371
            ],
            [
              -122.850636818596,
              49.1879264570948
            ],
            [
              -122.850526757523,
              49.1879255932785
            ],
            [
              -122.850458691155,
              49.1878795381446
            ],
            [
              -122.850388150873,
              49.1878347391112
            ],
            [
              -122.850333485808,
              49.1878041723256
            ],
            [
              -122.850253045244,
              49.1877658370145
            ],
            [
              -122.850167795049,
              49.1877296533866
            ],
            [
              -122.8500823887,
              49.1876993182546
            ],
            [
              -122.849985864514,
              49.187670046259
            ],
            [
              -122.849863536964,
              49.1876418200812
            ],
            [
              -122.84977369641,
              49.1876261413398
            ],
            [
              -122.84966944023,
              49.187611971172
            ],
            [
              -122.849526221354,
              49.1875937931079
            ],
            [
              -122.849633400283,
              49.1875944733196
            ],
            [
              -122.849663189019,
              49.187592083361
            ],
            [
              -122.849686266022,
              49.1875845573229
            ],
            [
              -122.849703456637,
              49.1875726159096
            ],
            [
              -122.849715576917,
              49.1875586889239
            ],
            [
              -122.849718501078,
              49.187544749971
            ],
            [
              -122.849720203268,
              49.1873474837474
            ],
            [
              -122.850217312756,
              49.1867925780412
            ],
            [
              -122.850079419614,
              49.1867388751182
            ],
            [
              -122.846342639687,
              49.1867154857312
            ]
          ]
        ]
      },
      "properties": {
        "OBJECTID": 5327,
        "PROJECT_NO": "99-0246-00",
        "DESCRIPTION": null,
        "STATUS": "Concluded",
        "WEBLINK": "https://citizenportal.surrey.ca/citizenportal/integration/publicProjectForward.html?year=99 seq=0246",
        "source_dataset": "Development Applications",
        "source_url": "https://services5.arcgis.com/YRpe0VKTJytZSSIB/arcgis/rest/services/Development%20Applications/FeatureServer/0",
        "retrieved_at": "2026-10-06T20:03:04.899858+00:00",
        "licence": "Contains information licensed under the Open Government License – City of Surrey.",
        "licence_url": "https://opendata-surrey.hub.arcgis.com/pages/55089a19491a4fe59a41e059fd8af708",
        "source_sha256": "7dd44fc28b8f521f582d52527a18a64baed338509036006dc0ca9c8144ef862b"
      }
    },
    {
      "type": "Feature",
      "id": "5427",
      "geometry": {
        "type": "Polygon",
        "coordinates": [
          [
            [
              -122.849317504344,
              49.1853050929936
            ],
            [
              -122.84875889744,
              49.1853330516319
            ],
            [
              -122.848623481502,
              49.1854129317663
            ],
            [
              -122.848615078682,
              49.1860031952459
            ],
            [
              -122.848593628436,
              49.1860170199355
            ],
            [
              -122.84702222753,
              49.1860073769105
            ],
            [
              -122.84702819268,
              49.1855894608545
            ],
            [
              -122.845690226569,
              49.1855812798487
            ],
            [
              -122.845699698887,
              49.1849234630131
            ],
            [
              -122.845736570577,
              49.1844988426297
            ],
            [
              -122.84582415174,
              49.1844457971643
            ],
            [
              -122.846881854168,
              49.1844586391833
            ],
            [
              -122.846932487086,
              49.1844598756949
            ],
            [
              -122.846970493792,
              49.1844615461209
            ],
            [
              -122.847008361335,
              49.1844638451238
            ],
            [
              -122.847046089712,
              49.1844667745028
            ],
            [
              -122.847083678652,
              49.184470422412
            ],
            [
              -122.847121128432,
              49.184474699798
            ],
            [
              -122.847158439049,
              49.1844796075604
            ],
            [
              -122.847195471913,
              49.1844851437171
            ],
            [
              -122.84723236699,
              49.1844913102524
            ],
            [
              -122.847268985688,
              49.1844981051842
            ],
            [
              -122.847305190499,
              49.1845056200833
            ],
            [
              -122.847341256437,
              49.1845136736078
            ],
            [
              -122.847376908769,
              49.1845223571474
            ],
            [
              -122.847392540145,
              49.1845264257031
            ],
            [
              -122.847442169707,
              49.1845411536642
            ],
            [
              -122.847472058005,
              49.1845500094667
            ],
            [
              -122.847511817513,
              49.1845618458556
            ],
            [
              -122.847543616518,
              49.1845736726221
            ],
            [
              -122.847572538191,
              49.1845845051962
            ],
            [
              -122.84762572029,
              49.1846042760526
            ],
            [
              -122.847674374217,
              49.1846243998258
            ],
            [
              -122.849317504344,
              49.1853050929936
            ]
          ]
        ]
      },
      "properties": {
        "OBJECTID": 5427,
        "PROJECT_NO": "94-0131-00",
        "DESCRIPTION": null,
        "STATUS": "Concluded",
        "WEBLINK": "https://citizenportal.surrey.ca/citizenportal/integration/publicProjectForward.html?year=94 seq=0131",
        "source_dataset": "Development Applications",
        "source_url": "https://services5.arcgis.com/YRpe0VKTJytZSSIB/arcgis/rest/services/Development%20Applications/FeatureServer/0",
        "retrieved_at": "2026-10-06T20:03:04.899858+00:00",
        "licence": "Contains information licensed under the Open Government License – City of Surrey.",
        "licence_url": "https://opendata-surrey.hub.arcgis.com/pages/55089a19491a4fe59a41e059fd8af708",
        "source_sha256": "7dd44fc28b8f521f582d52527a18a64baed338509036006dc0ca9c8144ef862b"
      }
    },
    {
      "type": "Feature",
      "id": "5463",
      "geometry": {
        "type": "Polygon",
        "coordinates": [
          [
            [
              -122.843863558075,
              49.1879131963625
            ],
            [
              -122.844410150383,
              49.1879184397756
            ],
            [
              -122.844410859556,
              49.1888196897086
            ],
            [
              -122.845141498221,
              49.188827068269
            ],
            [
              -122.845155128276,
              49.1890312840371
            ],
            [
              -122.845152501014,
              49.1892121810075
            ],
            [
              -122.845158442406,
              49.1893739285185
            ],
            [
              -122.845178322057,
              49.1897291877418
            ],
            [
              -122.845171825976,
              49.1901801245287
            ],
            [
              -122.844333020574,
              49.1901726004284
            ],
            [
              -122.843474457545,
              49.1901647736011
            ],
            [
              -122.843198470207,
              49.1901623267116
            ],
            [
              -122.842053628844,
              49.1901519369234
            ],
            [
              -122.842053495683,
              49.1895100132902
            ],
            [
              -122.842056094235,
              49.1894701666542
            ],
            [
              -122.842064042915,
              49.189430597194
            ],
            [
              -122.842077206357,
              49.1893915736836
            ],
            [
              -122.842095581739,
              49.1893535485823
            ],
            [
              -122.842118894292,
              49.1893166087666
            ],
            [
              -122.842147003958,
              49.1892812056074
            ],
            [
              -122.842179774009,
              49.1892476069752
            ],
            [
              -122.842216793805,
              49.1892159031578
            ],
            [
              -122.842257923583,
              49.1891864546729
            ],
            [
              -122.843102616177,
              49.1886327762684
            ],
            [
              -122.843161901563,
              49.1885903088986
            ],
            [
              -122.843215022758,
              49.1885445948125
            ],
            [
              -122.843261700322,
              49.1884959043989
            ],
            [
              -122.843301526913,
              49.1884445951268
            ],
            [
              -122.843334085008,
              49.1883912070558
            ],
            [
              -122.843359237628,
              49.1883360998194
            ],
            [
              -122.843376710276,
              49.188279721917
            ],
            [
              -122.843383127612,
              49.1882470775828
            ],
            [
              -122.843386936637,
              49.1882142498046
            ],
            [
              -122.84338827677,
              49.1881814186782
            ],
            [
              -122.843388237776,
              49.1879359343459
            ],
            [
              -122.84342990542,
              49.1879090048587
            ],
            [
              -122.843863558075,
              49.1879131963625
            ]
          ]
        ]
      },
      "properties": {
        "OBJECTID": 5463,
        "PROJECT_NO": "05-0317-00",
        "DESCRIPTION": "Revisions to exterior of building and new signage for the Canadaian Store at 13665-102 Avenue in City Centre.",
        "STATUS": "Concluded",
        "WEBLINK": "https://citizenportal.surrey.ca/citizenportal/integration/publicProjectForward.html?year=05 seq=0317",
        "source_dataset": "Development Applications",
        "source_url": "https://services5.arcgis.com/YRpe0VKTJytZSSIB/arcgis/rest/services/Development%20Applications/FeatureServer/0",
        "retrieved_at": "2026-10-06T20:03:04.899858+00:00",
        "licence": "Contains information licensed under the Open Government License – City of Surrey.",
        "licence_url": "https://opendata-surrey.hub.arcgis.com/pages/55089a19491a4fe59a41e059fd8af708",
        "source_sha256": "7dd44fc28b8f521f582d52527a18a64baed338509036006dc0ca9c8144ef862b"
      }
    },
    {
      "type": "Feature",
      "id": "5477",
      "geometry": {
        "type": "Polygon",
        "coordinates": [
          [
            [
              -122.855354208518,
              49.1912329216004
            ],
            [
              -122.855358146089,
              49.1909203364004
            ],
            [
              -122.855401513705,
              49.1909209313234
            ],
            [
              -122.855793756093,
              49.1909225029807
            ],
            [
              -122.85629565565,
              49.1909245723106
            ],
            [
              -122.856288303804,
              49.1915152904253
            ],
            [
              -122.856219137906,
              49.1915600010393
            ],
            [
              -122.855785856315,
              49.1915580188792
            ],
            [
              -122.855786027029,
              49.1915465050815
            ],
            [
              -122.855348900794,
              49.1915446954883
            ],
            [
              -122.855354208518,
              49.1912329216004
            ]
          ]
        ]
      },
      "properties": {
        "OBJECTID": 5477,
        "PROJECT_NO": "92-0094-00",
        "DESCRIPTION": "Phase 0: \r\nPhase 1: ",
        "STATUS": "Concluded",
        "WEBLINK": "https://citizenportal.surrey.ca/citizenportal/integration/publicProjectForward.html?year=92 seq=0094",
        "source_dataset": "Development Applications",
        "source_url": "https://services5.arcgis.com/YRpe0VKTJytZSSIB/arcgis/rest/services/Development%20Applications/FeatureServer/0",
        "retrieved_at": "2026-10-06T20:03:04.899858+00:00",
        "licence": "Contains information licensed under the Open Government License – City of Surrey.",
        "licence_url": "https://opendata-surrey.hub.arcgis.com/pages/55089a19491a4fe59a41e059fd8af708",
        "source_sha256": "7dd44fc28b8f521f582d52527a18a64baed338509036006dc0ca9c8144ef862b"
      }
    },
    {
      "type": "Feature",
      "id": "5528",
      "geometry": {
        "type": "Polygon",
        "coordinates": [
          [
            [
              -122.844008928483,
              49.1823620029545
            ],
            [
              -122.843773759481,
              49.1822672331434
            ],
            [
              -122.844106503515,
              49.1819243343811
            ],
            [
              -122.843319428607,
              49.181617692264
            ],
            [
              -122.843859332006,
              49.1810703429441
            ],
            [
              -122.844348722979,
              49.181263146682
            ],
            [
              -122.844339078256,
              49.1812757271557
            ],
            [
              -122.845256934822,
              49.1812738176666
            ],
            [
              -122.845231252088,
              49.181806126415
            ],
            [
              -122.845202436096,
              49.1818060877946
            ],
            [
              -122.845197226406,
              49.1819352538482
            ],
            [
              -122.844437769094,
              49.1819181263164
            ],
            [
              -122.844008928483,
              49.1823620029545
            ]
          ]
        ]
      },
      "properties": {
        "OBJECTID": 5528,
        "PROJECT_NO": "01-0303-00",
        "DESCRIPTION": "To renovate the existing indoor licensed area to increase capacity from 280 to 385.  To add a ground floor patio to compliment the existing second floor patio  thereby increasing the patio seating from 40 to 96.",
        "STATUS": "Concluded",
        "WEBLINK": "https://citizenportal.surrey.ca/citizenportal/integration/publicProjectForward.html?year=01 seq=0303",
        "source_dataset": "Development Applications",
        "source_url": "https://services5.arcgis.com/YRpe0VKTJytZSSIB/arcgis/rest/services/Development%20Applications/FeatureServer/0",
        "retrieved_at": "2026-10-06T20:03:04.899858+00:00",
        "licence": "Contains information licensed under the Open Government License – City of Surrey.",
        "licence_url": "https://opendata-surrey.hub.arcgis.com/pages/55089a19491a4fe59a41e059fd8af708",
        "source_sha256": "7dd44fc28b8f521f582d52527a18a64baed338509036006dc0ca9c8144ef862b"
      }
    },
    {
      "type": "Feature",
      "id": "5640",
      "geometry": {
        "type": "Polygon",
        "coordinates": [
          [
            [
              -122.846618687546,
              49.1816294037765
            ],
            [
              -122.84706433681,
              49.1816275993273
            ],
            [
              -122.847068731201,
              49.1820032351186
            ],
            [
              -122.847071583006,
              49.1822484841456
            ],
            [
              -122.847073045976,
              49.1823757817813
            ],
            [
              -122.84707604295,
              49.182633160295
            ],
            [
              -122.847078754219,
              49.1828661457685
            ],
            [
              -122.847076330021,
              49.1828677572212
            ],
            [
              -122.847044668308,
              49.182888800358
            ],
            [
              -122.847010601622,
              49.1829114405704
            ],
            [
              -122.845941227975,
              49.1829155394549
            ],
            [
              -122.845872487523,
              49.1828696317967
            ],
            [
              -122.845888093059,
              49.1824063370693
            ],
            [
              -122.845860686714,
              49.1821524593049
            ],
            [
              -122.845847267162,
              49.1820281204468
            ],
            [
              -122.845847092107,
              49.1820089349594
            ],
            [
              -122.845844423577,
              49.1817220943949
            ],
            [
              -122.845889387858,
              49.1816844540479
            ],
            [
              -122.846047019679,
              49.1816579643277
            ],
            [
              -122.846101761873,
              49.1816495636815
            ],
            [
              -122.846156991991,
              49.1816426712778
            ],
            [
              -122.84621261258,
              49.1816372968811
            ],
            [
              -122.846242739208,
              49.1816350269918
            ],
            [
              -122.846272935805,
              49.1816332033566
            ],
            [
              -122.846303187272,
              49.1816318277542
            ],
            [
              -122.846323477194,
              49.1816311567169
            ],
            [
              -122.846343780216,
              49.1816306862894
            ],
            [
              -122.846364092219,
              49.1816304173658
            ],
            [
              -122.846524154766,
              49.1816297837263
            ],
            [
              -122.846618687546,
              49.1816294037765
            ]
          ]
        ]
      },
      "properties": {
        "OBJECTID": 5640,
        "PROJECT_NO": "26-0209-00",
        "DESCRIPTION": "DVP for variances to previously approved comprehensive sign design package.",
        "STATUS": "Initial Review",
        "WEBLINK": "https://citizenportal.surrey.ca/citizenportal/integration/publicProjectForward.html?year=26 seq=0209",
        "source_dataset": "Development Applications",
        "source_url": "https://services5.arcgis.com/YRpe0VKTJytZSSIB/arcgis/rest/services/Development%20Applications/FeatureServer/0",
        "retrieved_at": "2026-10-06T20:03:04.899858+00:00",
        "licence": "Contains information licensed under the Open Government License – City of Surrey.",
        "licence_url": "https://opendata-surrey.hub.arcgis.com/pages/55089a19491a4fe59a41e059fd8af708",
        "source_sha256": "7dd44fc28b8f521f582d52527a18a64baed338509036006dc0ca9c8144ef862b"
      }
    },
    {
      "type": "Feature",
      "id": "5645",
      "geometry": {
        "type": "Polygon",
        "coordinates": [
          [
            [
              -122.842819895653,
              49.1818146113548
            ],
            [
              -122.842331183066,
              49.1816287114016
            ],
            [
              -122.842317897855,
              49.1816437199746
            ],
            [
              -122.842150073319,
              49.1815798810854
            ],
            [
              -122.841821998184,
              49.1809610944747
            ],
            [
              -122.841898287365,
              49.1808821074247
            ],
            [
              -122.841930193879,
              49.1808792680938
            ],
            [
              -122.841941171575,
              49.1809312986635
            ],
            [
              -122.842019159504,
              49.1809242279918
            ],
            [
              -122.842023256755,
              49.1809436437378
            ],
            [
              -122.842071753266,
              49.1810351152975
            ],
            [
              -122.842122176063,
              49.1810236261284
            ],
            [
              -122.842121202795,
              49.1810190056917
            ],
            [
              -122.84214948048,
              49.1810164419939
            ],
            [
              -122.842154321271,
              49.1810393840244
            ],
            [
              -122.842133565808,
              49.1810441132891
            ],
            [
              -122.842151038559,
              49.1810770673064
            ],
            [
              -122.842314758055,
              49.181139346201
            ],
            [
              -122.84223301892,
              49.1812316904512
            ],
            [
              -122.842261976716,
              49.1812863074203
            ],
            [
              -122.842265128934,
              49.1812922522468
            ],
            [
              -122.842501703563,
              49.1812383485234
            ],
            [
              -122.842537099826,
              49.1813051098139
            ],
            [
              -122.84252867952,
              49.1813070278329
            ],
            [
              -122.84255511288,
              49.1813568827517
            ],
            [
              -122.842571825802,
              49.1813530753203
            ],
            [
              -122.842569258709,
              49.1813482341283
            ],
            [
              -122.842586822999,
              49.1813442317569
            ],
            [
              -122.842562955333,
              49.181299217136
            ],
            [
              -122.842593943753,
              49.1812921566572
            ],
            [
              -122.842594409084,
              49.181145435233
            ],
            [
              -122.842841517992,
              49.1811457717666
            ],
            [
              -122.842841465698,
              49.1811622862366
            ],
            [
              -122.842840804707,
              49.1813710275503
            ],
            [
              -122.842840794455,
              49.1813742649584
            ],
            [
              -122.842916923499,
              49.1814032237755
            ],
            [
              -122.842914977647,
              49.1814054213884
            ],
            [
              -122.842930016531,
              49.1814111403893
            ],
            [
              -122.842956653564,
              49.1814436075047
            ],
            [
              -122.842986506801,
              49.1814748484241
            ],
            [
              -122.843019444946,
              49.1815047271372
            ],
            [
              -122.843023130732,
              49.1815081692655
            ],
            [
              -122.843026308145,
              49.1815118211937
            ],
            [
              -122.843028952586,
              49.1815156514046
            ],
            [
              -122.843031039458,
              49.1815196274816
            ],
            [
              -122.843032551034,
              49.1815237143188
            ],
            [
              -122.843033472335,
              49.1815278750151
            ],
            [
              -122.843034448117,
              49.181540407746
            ],
            [
              -122.843033646894,
              49.1815529470569
            ],
            [
              -122.843031074501,
              49.1815653832128
            ],
            [
              -122.843026753229,
              49.1815776091991
            ],
            [
              -122.843020719091,
              49.1815895189199
            ],
            [
              -122.843013027296,
              49.1816010099028
            ],
            [
              -122.8430037399,
              49.1816119850825
            ],
            [
              -122.8429285697,
              49.1816918361276
            ],
            [
              -122.842819895653,
              49.1818146113548
            ]
          ]
        ]
      },
      "properties": {
        "OBJECTID": 5645,
        "PROJECT_NO": "25-0265-00",
        "DESCRIPTION": "Development Variance Permit to permit additional allowances for signage beyond what was previously approved under project no. 7923-0215-00",
        "STATUS": "Concluded",
        "WEBLINK": "https://citizenportal.surrey.ca/citizenportal/integration/publicProjectForward.html?year=25 seq=0265",
        "source_dataset": "Development Applications",
        "source_url": "https://services5.arcgis.com/YRpe0VKTJytZSSIB/arcgis/rest/services/Development%20Applications/FeatureServer/0",
        "retrieved_at": "2026-10-06T20:03:04.899858+00:00",
        "licence": "Contains information licensed under the Open Government License – City of Surrey.",
        "licence_url": "https://opendata-surrey.hub.arcgis.com/pages/55089a19491a4fe59a41e059fd8af708",
        "source_sha256": "7dd44fc28b8f521f582d52527a18a64baed338509036006dc0ca9c8144ef862b"
      }
    },
    {
      "type": "Feature",
      "id": "5702",
      "geometry": {
        "type": "Polygon",
        "coordinates": [
          [
            [
              -122.856943827367,
              49.1787595941589
            ],
            [
              -122.857433526183,
              49.1787618242792
            ],
            [
              -122.857517223914,
              49.1787621983318
            ],
            [
              -122.858035875355,
              49.1787645515682
            ],
            [
              -122.85802113355,
              49.1791170617451
            ],
            [
              -122.857502344397,
              49.1791140777005
            ],
            [
              -122.85741878354,
              49.1791136147524
            ],
            [
              -122.856928945601,
              49.1791108437785
            ],
            [
              -122.856943827367,
              49.1787595941589
            ]
          ]
        ]
      },
      "properties": {
        "OBJECTID": 5702,
        "PROJECT_NO": "92-0472-00",
        "DESCRIPTION": null,
        "STATUS": "Concluded",
        "WEBLINK": "https://citizenportal.surrey.ca/citizenportal/integration/publicProjectForward.html?year=92 seq=0472",
        "source_dataset": "Development Applications",
        "source_url": "https://services5.arcgis.com/YRpe0VKTJytZSSIB/arcgis/rest/services/Development%20Applications/FeatureServer/0",
        "retrieved_at": "2026-10-06T20:03:04.899858+00:00",
        "licence": "Contains information licensed under the Open Government License – City of Surrey.",
        "licence_url": "https://opendata-surrey.hub.arcgis.com/pages/55089a19491a4fe59a41e059fd8af708",
        "source_sha256": "7dd44fc28b8f521f582d52527a18a64baed338509036006dc0ca9c8144ef862b"
      }
    },
    {
      "type": "Feature",
      "id": "5709",
      "geometry": {
        "type": "Polygon",
        "coordinates": [
          [
            [
              -122.845197914187,
              49.1819347150499
            ],
            [
              -122.844437769094,
              49.1819181263164
            ],
            [
              -122.844007557692,
              49.1823615513362
            ],
            [
              -122.843804169155,
              49.1822841864073
            ],
            [
              -122.84376867157,
              49.1822706444885
            ],
            [
              -122.844104994103,
              49.1819243323436
            ],
            [
              -122.84381567302,
              49.1818143755338
            ],
            [
              -122.843816499165,
              49.1818134771174
            ],
            [
              -122.843325736398,
              49.1816190501221
            ],
            [
              -122.843859060685,
              49.1810693530901
            ],
            [
              -122.84434995568,
              49.1812638679704
            ],
            [
              -122.84433756576,
              49.1812767146043
            ],
            [
              -122.845256527937,
              49.181272287914
            ],
            [
              -122.845229756986,
              49.1818015367895
            ],
            [
              -122.845204645348,
              49.1818016830407
            ],
            [
              -122.845197914187,
              49.1819347150499
            ]
          ]
        ]
      },
      "properties": {
        "OBJECTID": 5709,
        "PROJECT_NO": "05-0302-00",
        "DESCRIPTION": "Liquor primary license amendment in order to extend liquor service to the existing patio adjacent to an existing liqquor primary establishment in the Days Inn Hotel.",
        "STATUS": "Concluded",
        "WEBLINK": "https://citizenportal.surrey.ca/citizenportal/integration/publicProjectForward.html?year=05 seq=0302",
        "source_dataset": "Development Applications",
        "source_url": "https://services5.arcgis.com/YRpe0VKTJytZSSIB/arcgis/rest/services/Development%20Applications/FeatureServer/0",
        "retrieved_at": "2026-10-06T20:03:04.899858+00:00",
        "licence": "Contains information licensed under the Open Government License – City of Surrey.",
        "licence_url": "https://opendata-surrey.hub.arcgis.com/pages/55089a19491a4fe59a41e059fd8af708",
        "source_sha256": "7dd44fc28b8f521f582d52527a18a64baed338509036006dc0ca9c8144ef862b"
      }
    },
    {
      "type": "Feature",
      "id": "5722",
      "geometry": {
        "type": "Polygon",
        "coordinates": [
          [
            [
              -122.843989427383,
              49.1804152991922
            ],
            [
              -122.843675886749,
              49.1804165825263
            ],
            [
              -122.843676616412,
              49.1804031804586
            ],
            [
              -122.843686087415,
              49.1802292234152
            ],
            [
              -122.843695703213,
              49.1800528378201
            ],
            [
              -122.843705318944,
              49.1798764513192
            ],
            [
              -122.843707799392,
              49.179829948768
            ],
            [
              -122.844048781002,
              49.1798280736328
            ],
            [
              -122.844073228926,
              49.1793439774206
            ],
            [
              -122.844415027959,
              49.1793424621223
            ],
            [
              -122.845271383851,
              49.1793389395521
            ],
            [
              -122.845352168384,
              49.1793933805154
            ],
            [
              -122.845330788442,
              49.1798220698047
            ],
            [
              -122.845313678011,
              49.1801583826411
            ],
            [
              -122.845303303271,
              49.1802283524853
            ],
            [
              -122.845300657781,
              49.1802406725565
            ],
            [
              -122.845296365183,
              49.1802527205611
            ],
            [
              -122.845290428219,
              49.1802644965025
            ],
            [
              -122.845282983011,
              49.1802759106095
            ],
            [
              -122.845273891532,
              49.18028678279
            ],
            [
              -122.845263430956,
              49.1802971134151
            ],
            [
              -122.84525160019,
              49.1803068125295
            ],
            [
              -122.845238536732,
              49.1803157894641
            ],
            [
              -122.845224378072,
              49.1803239562484
            ],
            [
              -122.845208987278,
              49.1803312218455
            ],
            [
              -122.845160490633,
              49.1803503169069
            ],
            [
              -122.84510939641,
              49.1803663500486
            ],
            [
              -122.845056389321,
              49.1803793212866
            ],
            [
              -122.845001746825,
              49.1803891428361
            ],
            [
              -122.844946016984,
              49.1803956346244
            ],
            [
              -122.844908547984,
              49.1803985527745
            ],
            [
              -122.844870943451,
              49.18040093101
            ],
            [
              -122.844833203387,
              49.1804027693308
            ],
            [
              -122.844551912667,
              49.180402299301
            ],
            [
              -122.844270471434,
              49.1804065059595
            ],
            [
              -122.843989427383,
              49.1804152991922
            ]
          ]
        ]
      },
      "properties": {
        "OBJECTID": 5722,
        "PROJECT_NO": "07-0233-00",
        "DESCRIPTION": "Development Permit in order to permit the expansion and exterior modification of an existing church and the installation of two free-standing signs.",
        "STATUS": "Concluded",
        "WEBLINK": "https://citizenportal.surrey.ca/citizenportal/integration/publicProjectForward.html?year=07 seq=0233",
        "source_dataset": "Development Applications",
        "source_url": "https://services5.arcgis.com/YRpe0VKTJytZSSIB/arcgis/rest/services/Development%20Applications/FeatureServer/0",
        "retrieved_at": "2026-10-06T20:03:04.899858+00:00",
        "licence": "Contains information licensed under the Open Government License – City of Surrey.",
        "licence_url": "https://opendata-surrey.hub.arcgis.com/pages/55089a19491a4fe59a41e059fd8af708",
        "source_sha256": "7dd44fc28b8f521f582d52527a18a64baed338509036006dc0ca9c8144ef862b"
      }
    },
    {
      "type": "Feature",
      "id": "5767",
      "geometry": {
        "type": "Polygon",
        "coordinates": [
          [
            [
              -122.859505778398,
              49.1883960099304
            ],
            [
              -122.857828219796,
              49.1877564123831
            ],
            [
              -122.856668015104,
              49.1876192307577
            ],
            [
              -122.856681952671,
              49.1862731808466
            ],
            [
              -122.859535531345,
              49.1862785100641
            ],
            [
              -122.859514544328,
              49.187767625092
            ],
            [
              -122.859510060742,
              49.1880890109598
            ],
            [
              -122.859505968324,
              49.1883822491121
            ],
            [
              -122.859505778398,
              49.1883960099304
            ]
          ]
        ]
      },
      "properties": {
        "OBJECTID": 5767,
        "PROJECT_NO": "24-0082-00",
        "DESCRIPTION": "Development Variance Permit to reduce the parking requirements at Old Yale Road Elementary School by 10 stalls to accommodate additional portable classrooms.",
        "STATUS": "Concluded",
        "WEBLINK": "https://citizenportal.surrey.ca/citizenportal/integration/publicProjectForward.html?year=24 seq=0082",
        "source_dataset": "Development Applications",
        "source_url": "https://services5.arcgis.com/YRpe0VKTJytZSSIB/arcgis/rest/services/Development%20Applications/FeatureServer/0",
        "retrieved_at": "2026-10-06T20:03:04.899858+00:00",
        "licence": "Contains information licensed under the Open Government License – City of Surrey.",
        "licence_url": "https://opendata-surrey.hub.arcgis.com/pages/55089a19491a4fe59a41e059fd8af708",
        "source_sha256": "7dd44fc28b8f521f582d52527a18a64baed338509036006dc0ca9c8144ef862b"
      }
    },
    {
      "type": "Feature",
      "id": "5786",
      "geometry": {
        "type": "Polygon",
        "coordinates": [
          [
            [
              -122.842625088491,
              49.1910574072704
            ],
            [
              -122.842340999949,
              49.1910545874819
            ],
            [
              -122.842052794101,
              49.1910517622635
            ],
            [
              -122.842053628844,
              49.1901519369234
            ],
            [
              -122.842530393332,
              49.1901562814289
            ],
            [
              -122.843198470207,
              49.1901623267116
            ],
            [
              -122.84319754424,
              49.1908834976224
            ],
            [
              -122.842625251784,
              49.1908778554539
            ],
            [
              -122.842625088491,
              49.1910574072704
            ]
          ]
        ]
      },
      "properties": {
        "OBJECTID": 5786,
        "PROJECT_NO": "89-0155-00",
        "DESCRIPTION": null,
        "STATUS": "Concluded",
        "WEBLINK": "https://citizenportal.surrey.ca/citizenportal/integration/publicProjectForward.html?year=89 seq=0155",
        "source_dataset": "Development Applications",
        "source_url": "https://services5.arcgis.com/YRpe0VKTJytZSSIB/arcgis/rest/services/Development%20Applications/FeatureServer/0",
        "retrieved_at": "2026-10-06T20:03:04.899858+00:00",
        "licence": "Contains information licensed under the Open Government License – City of Surrey.",
        "licence_url": "https://opendata-surrey.hub.arcgis.com/pages/55089a19491a4fe59a41e059fd8af708",
        "source_sha256": "7dd44fc28b8f521f582d52527a18a64baed338509036006dc0ca9c8144ef862b"
      }
    },
    {
      "type": "Feature",
      "id": "5796",
      "geometry": {
        "type": "Polygon",
        "coordinates": [
          [
            [
              -122.845655240442,
              49.18798030536
            ],
            [
              -122.84571794901,
              49.1879393704546
            ],
            [
              -122.846700965813,
              49.1879425819555
            ],
            [
              -122.846697639271,
              49.1883920785212
            ],
            [
              -122.846377329819,
              49.1883909287828
            ],
            [
              -122.846361960325,
              49.1888293450345
            ],
            [
              -122.845651068928,
              49.1888267681104
            ],
            [
              -122.845653163576,
              49.1887278214245
            ],
            [
              -122.845673838226,
              49.1884812853611
            ],
            [
              -122.845666446914,
              49.1883880821025
            ],
            [
              -122.845655220974,
              49.1882481897706
            ],
            [
              -122.845655240442,
              49.18798030536
            ]
          ]
        ]
      },
      "properties": {
        "OBJECTID": 5796,
        "PROJECT_NO": "17-0140-00",
        "DESCRIPTION": "Development Variance Permit to vary Land Use Contract No. 313  to allow for changes to exterior design of a multi-tenant commercial building.",
        "STATUS": "Closed",
        "WEBLINK": "https://citizenportal.surrey.ca/citizenportal/integration/publicProjectForward.html?year=17 seq=0140",
        "source_dataset": "Development Applications",
        "source_url": "https://services5.arcgis.com/YRpe0VKTJytZSSIB/arcgis/rest/services/Development%20Applications/FeatureServer/0",
        "retrieved_at": "2026-10-06T20:03:04.899858+00:00",
        "licence": "Contains information licensed under the Open Government License – City of Surrey.",
        "licence_url": "https://opendata-surrey.hub.arcgis.com/pages/55089a19491a4fe59a41e059fd8af708",
        "source_sha256": "7dd44fc28b8f521f582d52527a18a64baed338509036006dc0ca9c8144ef862b"
      }
    },
    {
      "type": "Feature",
      "id": "5838",
      "geometry": {
        "type": "Polygon",
        "coordinates": [
          [
            [
              -122.84200884979,
              49.1822210132224
            ],
            [
              -122.842109945573,
              49.1823603992855
            ],
            [
              -122.842181355834,
              49.1824720390594
            ],
            [
              -122.842265891157,
              49.1825980892511
            ],
            [
              -122.842395590135,
              49.1828051599398
            ],
            [
              -122.842886678651,
              49.1835884249997
            ],
            [
              -122.842881611049,
              49.1835853596919
            ],
            [
              -122.842971556805,
              49.1837369634506
            ],
            [
              -122.842999466391,
              49.1838069850933
            ],
            [
              -122.843020637064,
              49.1838808655623
            ],
            [
              -122.84303853569,
              49.183948444846
            ],
            [
              -122.843037803322,
              49.1841778248553
            ],
            [
              -122.840316196328,
              49.1841418482991
            ],
            [
              -122.840362892406,
              49.1833690418388
            ],
            [
              -122.841060499962,
              49.1833790128344
            ],
            [
              -122.84112134914,
              49.1822097074273
            ],
            [
              -122.84200884979,
              49.1822210132224
            ]
          ]
        ]
      },
      "properties": {
        "OBJECTID": 5838,
        "PROJECT_NO": "95-0120-00",
        "DESCRIPTION": null,
        "STATUS": "Concluded",
        "WEBLINK": "https://citizenportal.surrey.ca/citizenportal/integration/publicProjectForward.html?year=95 seq=0120",
        "source_dataset": "Development Applications",
        "source_url": "https://services5.arcgis.com/YRpe0VKTJytZSSIB/arcgis/rest/services/Development%20Applications/FeatureServer/0",
        "retrieved_at": "2026-10-06T20:03:04.899858+00:00",
        "licence": "Contains information licensed under the Open Government License – City of Surrey.",
        "licence_url": "https://opendata-surrey.hub.arcgis.com/pages/55089a19491a4fe59a41e059fd8af708",
        "source_sha256": "7dd44fc28b8f521f582d52527a18a64baed338509036006dc0ca9c8144ef862b"
      }
    },
    {
      "type": "Feature",
      "id": "5843",
      "geometry": {
        "type": "Polygon",
        "coordinates": [
          [
            [
              -122.845389371108,
              49.1782515607687
            ],
            [
              -122.84539633367,
              49.1785253892074
            ],
            [
              -122.84536416094,
              49.1791572688762
            ],
            [
              -122.844211426345,
              49.1791627296985
            ],
            [
              -122.844260806686,
              49.1782565156125
            ],
            [
              -122.845389371108,
              49.1782515607687
            ]
          ]
        ]
      },
      "properties": {
        "OBJECTID": 5843,
        "PROJECT_NO": "92-0336-00",
        "DESCRIPTION": null,
        "STATUS": "Concluded",
        "WEBLINK": "https://citizenportal.surrey.ca/citizenportal/integration/publicProjectForward.html?year=92 seq=0336",
        "source_dataset": "Development Applications",
        "source_url": "https://services5.arcgis.com/YRpe0VKTJytZSSIB/arcgis/rest/services/Development%20Applications/FeatureServer/0",
        "retrieved_at": "2026-10-06T20:03:04.899858+00:00",
        "licence": "Contains information licensed under the Open Government License – City of Surrey.",
        "licence_url": "https://opendata-surrey.hub.arcgis.com/pages/55089a19491a4fe59a41e059fd8af708",
        "source_sha256": "7dd44fc28b8f521f582d52527a18a64baed338509036006dc0ca9c8144ef862b"
      }
    },
    {
      "type": "Feature",
      "id": "5929",
      "geometry": {
        "type": "Polygon",
        "coordinates": [
          [
            [
              -122.855255126369,
              49.1866565733216
            ],
            [
              -122.855249144972,
              49.1869000594737
            ],
            [
              -122.855243622557,
              49.1872660922406
            ],
            [
              -122.854766364553,
              49.1871009559245
            ],
            [
              -122.854776692303,
              49.1865309313459
            ],
            [
              -122.855257693285,
              49.1865307318884
            ],
            [
              -122.855257968011,
              49.1865306422795
            ],
            [
              -122.855255126369,
              49.1866565733216
            ]
          ]
        ]
      },
      "properties": {
        "OBJECTID": 5929,
        "PROJECT_NO": "22-0033-00",
        "DESCRIPTION": "Temporary Use Permit for an extension of a temporary real estate sales centre for a nearby proposed residential project in Surrey City Centre and temporary parking. ",
        "STATUS": "Closed",
        "WEBLINK": "https://citizenportal.surrey.ca/citizenportal/integration/publicProjectForward.html?year=22 seq=0033",
        "source_dataset": "Development Applications",
        "source_url": "https://services5.arcgis.com/YRpe0VKTJytZSSIB/arcgis/rest/services/Development%20Applications/FeatureServer/0",
        "retrieved_at": "2026-10-06T20:03:04.899858+00:00",
        "licence": "Contains information licensed under the Open Government License – City of Surrey.",
        "licence_url": "https://opendata-surrey.hub.arcgis.com/pages/55089a19491a4fe59a41e059fd8af708",
        "source_sha256": "7dd44fc28b8f521f582d52527a18a64baed338509036006dc0ca9c8144ef862b"
      }
    },
    {
      "type": "Feature",
      "id": "5965",
      "geometry": {
        "type": "Polygon",
        "coordinates": [
          [
            [
              -122.856222218535,
              49.1772202111574
            ],
            [
              -122.856208663947,
              49.1775380006559
            ],
            [
              -122.856644429323,
              49.1775402560155
            ],
            [
              -122.856627049701,
              49.1779471855386
            ],
            [
              -122.856588025736,
              49.1788586377446
            ],
            [
              -122.855580775138,
              49.1788532329969
            ],
            [
              -122.855616791451,
              49.1778981490544
            ],
            [
              -122.855584570276,
              49.1778902828185
            ],
            [
              -122.85555082935,
              49.1778860128098
            ],
            [
              -122.855533680679,
              49.1778851808788
            ],
            [
              -122.855546213204,
              49.1775896086959
            ],
            [
              -122.855548571212,
              49.1775346501
            ],
            [
              -122.855562128653,
              49.177216860681
            ],
            [
              -122.855892242186,
              49.1772185360266
            ],
            [
              -122.856222218535,
              49.1772202111574
            ]
          ]
        ]
      },
      "properties": {
        "OBJECTID": 5965,
        "PROJECT_NO": "91-0134-00",
        "DESCRIPTION": null,
        "STATUS": "Concluded",
        "WEBLINK": "https://citizenportal.surrey.ca/citizenportal/integration/publicProjectForward.html?year=91 seq=0134",
        "source_dataset": "Development Applications",
        "source_url": "https://services5.arcgis.com/YRpe0VKTJytZSSIB/arcgis/rest/services/Development%20Applications/FeatureServer/0",
        "retrieved_at": "2026-10-06T20:03:04.899858+00:00",
        "licence": "Contains information licensed under the Open Government License – City of Surrey.",
        "licence_url": "https://opendata-surrey.hub.arcgis.com/pages/55089a19491a4fe59a41e059fd8af708",
        "source_sha256": "7dd44fc28b8f521f582d52527a18a64baed338509036006dc0ca9c8144ef862b"
      }
    },
    {
      "type": "Feature",
      "id": "5975",
      "geometry": {
        "type": "Polygon",
        "coordinates": [
          [
            [
              -122.845202704096,
              49.1857380412258
            ],
            [
              -122.845202937084,
              49.1861441807076
            ],
            [
              -122.844387538959,
              49.1861344404129
            ],
            [
              -122.844387378401,
              49.1857944167054
            ],
            [
              -122.843386737685,
              49.1857827959414
            ],
            [
              -122.843386672127,
              49.185717039984
            ],
            [
              -122.844294685851,
              49.1857275446211
            ],
            [
              -122.844321033132,
              49.1857278508989
            ],
            [
              -122.845202704096,
              49.1857380412258
            ]
          ]
        ]
      },
      "properties": {
        "OBJECTID": 5975,
        "PROJECT_NO": "13-0190-00",
        "DESCRIPTION": "Development Permit for signage and renovations to the exterior of the building.",
        "STATUS": "Closed",
        "WEBLINK": "https://citizenportal.surrey.ca/citizenportal/integration/publicProjectForward.html?year=13 seq=0190",
        "source_dataset": "Development Applications",
        "source_url": "https://services5.arcgis.com/YRpe0VKTJytZSSIB/arcgis/rest/services/Development%20Applications/FeatureServer/0",
        "retrieved_at": "2026-10-06T20:03:04.899858+00:00",
        "licence": "Contains information licensed under the Open Government License – City of Surrey.",
        "licence_url": "https://opendata-surrey.hub.arcgis.com/pages/55089a19491a4fe59a41e059fd8af708",
        "source_sha256": "7dd44fc28b8f521f582d52527a18a64baed338509036006dc0ca9c8144ef862b"
      }
    },
    {
      "type": "Feature",
      "id": "6059",
      "geometry": {
        "type": "Polygon",
        "coordinates": [
          [
            [
              -122.854213964394,
              49.1871591739508
            ],
            [
              -122.854208671593,
              49.1873706492261
            ],
            [
              -122.854203056436,
              49.1875984056289
            ],
            [
              -122.854029815003,
              49.1875230731178
            ],
            [
              -122.853785440536,
              49.1874171561518
            ],
            [
              -122.853784657302,
              49.1874496282928
            ],
            [
              -122.853736413589,
              49.1874286971458
            ],
            [
              -122.853575009015,
              49.18734159596
            ],
            [
              -122.852424015336,
              49.1868411430092
            ],
            [
              -122.852254576204,
              49.1867806549745
            ],
            [
              -122.852257486075,
              49.1863601234664
            ],
            [
              -122.852257523037,
              49.1863477090596
            ],
            [
              -122.852724034584,
              49.1865112184094
            ],
            [
              -122.853796353208,
              49.186977564691
            ],
            [
              -122.854213964394,
              49.1871591739508
            ]
          ]
        ]
      },
      "properties": {
        "OBJECTID": 6059,
        "PROJECT_NO": "06-0262-00",
        "DESCRIPTION": "To rezone to CD to accomodate renovation of existing care facility and to build a new 7-storey building totalling 9454 sq. m.",
        "STATUS": "Closed",
        "WEBLINK": "https://citizenportal.surrey.ca/citizenportal/integration/publicProjectForward.html?year=06 seq=0262",
        "source_dataset": "Development Applications",
        "source_url": "https://services5.arcgis.com/YRpe0VKTJytZSSIB/arcgis/rest/services/Development%20Applications/FeatureServer/0",
        "retrieved_at": "2026-10-06T20:03:04.899858+00:00",
        "licence": "Contains information licensed under the Open Government License – City of Surrey.",
        "licence_url": "https://opendata-surrey.hub.arcgis.com/pages/55089a19491a4fe59a41e059fd8af708",
        "source_sha256": "7dd44fc28b8f521f582d52527a18a64baed338509036006dc0ca9c8144ef862b"
      }
    },
    {
      "type": "Feature",
      "id": "6143",
      "geometry": {
        "type": "Polygon",
        "coordinates": [
          [
            [
              -122.845104821931,
              49.1840923902985
            ],
            [
              -122.844929528309,
              49.1841973087093
            ],
            [
              -122.843404602771,
              49.1841788661053
            ],
            [
              -122.843406713424,
              49.1840331445657
            ],
            [
              -122.843402086644,
              49.1839342795757
            ],
            [
              -122.843384973484,
              49.1838359373719
            ],
            [
              -122.843355503197,
              49.1837389277041
            ],
            [
              -122.843163398125,
              49.183736686211
            ],
            [
              -122.843083322284,
              49.1835877046596
            ],
            [
              -122.843284621063,
              49.1835898688086
            ],
            [
              -122.842485238716,
              49.1823188162788
            ],
            [
              -122.842231097072,
              49.1818928091491
            ],
            [
              -122.845106245489,
              49.1829856053873
            ],
            [
              -122.845101923016,
              49.18309462305
            ],
            [
              -122.845099372702,
              49.183163433941
            ],
            [
              -122.845136826577,
              49.1832539772373
            ],
            [
              -122.845104821931,
              49.1840923902985
            ]
          ]
        ]
      },
      "properties": {
        "OBJECTID": 6143,
        "PROJECT_NO": "05-0054-00",
        "DESCRIPTION": "Development Variance Permit to vary regulations of the Sign By-law.",
        "STATUS": "Concluded",
        "WEBLINK": "https://citizenportal.surrey.ca/citizenportal/integration/publicProjectForward.html?year=05 seq=0054",
        "source_dataset": "Development Applications",
        "source_url": "https://services5.arcgis.com/YRpe0VKTJytZSSIB/arcgis/rest/services/Development%20Applications/FeatureServer/0",
        "retrieved_at": "2026-10-06T20:03:04.899858+00:00",
        "licence": "Contains information licensed under the Open Government License – City of Surrey.",
        "licence_url": "https://opendata-surrey.hub.arcgis.com/pages/55089a19491a4fe59a41e059fd8af708",
        "source_sha256": "7dd44fc28b8f521f582d52527a18a64baed338509036006dc0ca9c8144ef862b"
      }
    },
    {
      "type": "Feature",
      "id": "6155",
      "geometry": {
        "type": "Polygon",
        "coordinates": [
          [
            [
              -122.854922636455,
              49.1785067989987
            ],
            [
              -122.854925335147,
              49.1782904635221
            ],
            [
              -122.855378256595,
              49.1782928351606
            ],
            [
              -122.855362481332,
              49.1786639640951
            ],
            [
              -122.854920668904,
              49.1786616963055
            ],
            [
              -122.854922636455,
              49.1785067989987
            ]
          ]
        ]
      },
      "properties": {
        "OBJECTID": 6155,
        "PROJECT_NO": "04-0047-00",
        "DESCRIPTION": "To subdivide into 2 single family lots.",
        "STATUS": "Concluded",
        "WEBLINK": "https://citizenportal.surrey.ca/citizenportal/integration/publicProjectForward.html?year=04 seq=0047",
        "source_dataset": "Development Applications",
        "source_url": "https://services5.arcgis.com/YRpe0VKTJytZSSIB/arcgis/rest/services/Development%20Applications/FeatureServer/0",
        "retrieved_at": "2026-10-06T20:03:04.899858+00:00",
        "licence": "Contains information licensed under the Open Government License – City of Surrey.",
        "licence_url": "https://opendata-surrey.hub.arcgis.com/pages/55089a19491a4fe59a41e059fd8af708",
        "source_sha256": "7dd44fc28b8f521f582d52527a18a64baed338509036006dc0ca9c8144ef862b"
      }
    },
    {
      "type": "Feature",
      "id": "6179",
      "geometry": {
        "type": "Polygon",
        "coordinates": [
          [
            [
              -122.844930076931,
              49.1841973993992
            ],
            [
              -122.843404739997,
              49.1841788662914
            ],
            [
              -122.843406850649,
              49.1840331447517
            ],
            [
              -122.843406792332,
              49.1840081376454
            ],
            [
              -122.843406048175,
              49.1839830396557
            ],
            [
              -122.843404344815,
              49.1839579403652
            ],
            [
              -122.843401953677,
              49.1839329300954
            ],
            [
              -122.843398740564,
              49.1839079187108
            ],
            [
              -122.84339470245,
              49.1838829961607
            ],
            [
              -122.84338997959,
              49.1838580726817
            ],
            [
              -122.843384295593,
              49.1838333278058
            ],
            [
              -122.843377924108,
              49.1838085819971
            ],
            [
              -122.843370728998,
              49.1837839250243
            ],
            [
              -122.843355502913,
              49.183739017657
            ],
            [
              -122.843163397841,
              49.183736776164
            ],
            [
              -122.843153998446,
              49.1837149047374
            ],
            [
              -122.843143775146,
              49.1836932120977
            ],
            [
              -122.843132866822,
              49.1836716084799
            ],
            [
              -122.843121270446,
              49.183650183833
            ],
            [
              -122.843097111419,
              49.1836095820563
            ],
            [
              -122.843083459224,
              49.183587794799
            ],
            [
              -122.843284757151,
              49.1835902288067
            ],
            [
              -122.84236385818,
              49.1821283992997
            ],
            [
              -122.842232467262,
              49.1818934406945
            ],
            [
              -122.842439965467,
              49.181971714438
            ],
            [
              -122.843275173899,
              49.1822882327759
            ],
            [
              -122.84356449626,
              49.1823982799857
            ],
            [
              -122.843639465017,
              49.1824268076714
            ],
            [
              -122.844358594711,
              49.182700432184
            ],
            [
              -122.845107207168,
              49.1829852468637
            ],
            [
              -122.845100059658,
              49.1831631650024
            ],
            [
              -122.845137650758,
              49.1832537084824
            ],
            [
              -122.845120468112,
              49.1836994042554
            ],
            [
              -122.845116130162,
              49.1838133702174
            ],
            [
              -122.845115087644,
              49.1838391854272
            ],
            [
              -122.845114189336,
              49.1838632017635
            ],
            [
              -122.845112546821,
              49.1839053876756
            ],
            [
              -122.845110746301,
              49.1839542299223
            ],
            [
              -122.845109996757,
              49.1839741086042
            ],
            [
              -122.845105370551,
              49.1840924809876
            ],
            [
              -122.844930076931,
              49.1841973993992
            ]
          ]
        ]
      },
      "properties": {
        "OBJECTID": 6179,
        "PROJECT_NO": "89-0296-00",
        "DESCRIPTION": "Phase 0: \r\nPhase 1: \r\nPhase 2: \r\nPhase 3: \r\nPhase 4: \r\nPhase 5: \r\nPhase 6: \r\nPhase 7: \r\nPhase 8: \r\nPhase 9: ",
        "STATUS": "Concluded",
        "WEBLINK": "https://citizenportal.surrey.ca/citizenportal/integration/publicProjectForward.html?year=89 seq=0296",
        "source_dataset": "Development Applications",
        "source_url": "https://services5.arcgis.com/YRpe0VKTJytZSSIB/arcgis/rest/services/Development%20Applications/FeatureServer/0",
        "retrieved_at": "2026-10-06T20:03:04.899858+00:00",
        "licence": "Contains information licensed under the Open Government License – City of Surrey.",
        "licence_url": "https://opendata-surrey.hub.arcgis.com/pages/55089a19491a4fe59a41e059fd8af708",
        "source_sha256": "7dd44fc28b8f521f582d52527a18a64baed338509036006dc0ca9c8144ef862b"
      }
    },
    {
      "type": "Feature",
      "id": "6181",
      "geometry": {
        "type": "Polygon",
        "coordinates": [
          [
            [
              -122.856447874408,
              49.1825417954568
            ],
            [
              -122.85642873336,
              49.1829876722057
            ],
            [
              -122.855956283951,
              49.1829851031398
            ],
            [
              -122.855975566135,
              49.1825388668302
            ],
            [
              -122.856447874408,
              49.1825417954568
            ]
          ]
        ]
      },
      "properties": {
        "OBJECTID": 6181,
        "PROJECT_NO": "07-0132-00",
        "DESCRIPTION": "Rezoning from RM-D to RF-SD in order to permit the development of 3 semi-detached residential buildings on 6 small single family residential lots. ",
        "STATUS": "Concluded",
        "WEBLINK": "https://citizenportal.surrey.ca/citizenportal/integration/publicProjectForward.html?year=07 seq=0132",
        "source_dataset": "Development Applications",
        "source_url": "https://services5.arcgis.com/YRpe0VKTJytZSSIB/arcgis/rest/services/Development%20Applications/FeatureServer/0",
        "retrieved_at": "2026-10-06T20:03:04.899858+00:00",
        "licence": "Contains information licensed under the Open Government License – City of Surrey.",
        "licence_url": "https://opendata-surrey.hub.arcgis.com/pages/55089a19491a4fe59a41e059fd8af708",
        "source_sha256": "7dd44fc28b8f521f582d52527a18a64baed338509036006dc0ca9c8144ef862b"
      }
    },
    {
      "type": "Feature",
      "id": "6229",
      "geometry": {
        "type": "Polygon",
        "coordinates": [
          [
            [
              -122.85004274707,
              49.1896954096521
            ],
            [
              -122.850051761839,
              49.189348215322
            ],
            [
              -122.850298688997,
              49.1893491086521
            ],
            [
              -122.850573893761,
              49.1893498104618
            ],
            [
              -122.850849332352,
              49.1893507988686
            ],
            [
              -122.851125319912,
              49.1893517882256
            ],
            [
              -122.851116996889,
              49.1896991823252
            ],
            [
              -122.851034615066,
              49.1896991570553
            ],
            [
              -122.850840994342,
              49.1896984268081
            ],
            [
              -122.850565413996,
              49.1896973851263
            ],
            [
              -122.850290183619,
              49.1896963459393
            ],
            [
              -122.85004274707,
              49.1896954096521
            ]
          ]
        ]
      },
      "properties": {
        "OBJECTID": 6229,
        "PROJECT_NO": "16-0249-00",
        "DESCRIPTION": "Consolidation from four (4) lots into one (1)",
        "STATUS": "Closed",
        "WEBLINK": "https://citizenportal.surrey.ca/citizenportal/integration/publicProjectForward.html?year=16 seq=0249",
        "source_dataset": "Development Applications",
        "source_url": "https://services5.arcgis.com/YRpe0VKTJytZSSIB/arcgis/rest/services/Development%20Applications/FeatureServer/0",
        "retrieved_at": "2026-10-06T20:03:04.899858+00:00",
        "licence": "Contains information licensed under the Open Government License – City of Surrey.",
        "licence_url": "https://opendata-surrey.hub.arcgis.com/pages/55089a19491a4fe59a41e059fd8af708",
        "source_sha256": "7dd44fc28b8f521f582d52527a18a64baed338509036006dc0ca9c8144ef862b"
      }
    },
    {
      "type": "Feature",
      "id": "6262",
      "geometry": {
        "type": "Polygon",
        "coordinates": [
          [
            [
              -122.846577265654,
              49.1895845360357
            ],
            [
              -122.846582167434,
              49.1893330278671
            ],
            [
              -122.847532410497,
              49.1893365467548
            ],
            [
              -122.847526415891,
              49.189587961767
            ],
            [
              -122.846577265654,
              49.1895845360357
            ]
          ]
        ]
      },
      "properties": {
        "OBJECTID": 6262,
        "PROJECT_NO": "94-0342-00",
        "DESCRIPTION": null,
        "STATUS": "Concluded",
        "WEBLINK": "https://citizenportal.surrey.ca/citizenportal/integration/publicProjectForward.html?year=94 seq=0342",
        "source_dataset": "Development Applications",
        "source_url": "https://services5.arcgis.com/YRpe0VKTJytZSSIB/arcgis/rest/services/Development%20Applications/FeatureServer/0",
        "retrieved_at": "2026-10-06T20:03:04.899858+00:00",
        "licence": "Contains information licensed under the Open Government License – City of Surrey.",
        "licence_url": "https://opendata-surrey.hub.arcgis.com/pages/55089a19491a4fe59a41e059fd8af708",
        "source_sha256": "7dd44fc28b8f521f582d52527a18a64baed338509036006dc0ca9c8144ef862b"
      }
    },
    {
      "type": "Feature",
      "id": "6454",
      "geometry": {
        "type": "Polygon",
        "coordinates": [
          [
            [
              -122.847848164415,
              49.1899789504744
            ],
            [
              -122.847995129726,
              49.1899791071123
            ],
            [
              -122.848165238114,
              49.189979287694
            ],
            [
              -122.848225374701,
              49.1899793505457
            ],
            [
              -122.848704527569,
              49.1900399105686
            ],
            [
              -122.849625576204,
              49.1900502823904
            ],
            [
              -122.849663857564,
              49.1900257102266
            ],
            [
              -122.849659432838,
              49.190196927754
            ],
            [
              -122.849655686392,
              49.190331803254
            ],
            [
              -122.849654247758,
              49.1903835424807
            ],
            [
              -122.849654188502,
              49.1903858865848
            ],
            [
              -122.849654134739,
              49.1903882297965
            ],
            [
              -122.849654086463,
              49.1903905739149
            ],
            [
              -122.849654010497,
              49.1903952621785
            ],
            [
              -122.849653957859,
              49.1903999513719
            ],
            [
              -122.84965392581,
              49.1904046396927
            ],
            [
              -122.849653922504,
              49.1904057308211
            ],
            [
              -122.849653921041,
              49.190410289649
            ],
            [
              -122.84965394154,
              49.1904148476059
            ],
            [
              -122.849653983998,
              49.1904194055914
            ],
            [
              -122.849653987801,
              49.1904199624069
            ],
            [
              -122.849657665155,
              49.1904931360516
            ],
            [
              -122.849666896042,
              49.1905660992373
            ],
            [
              -122.849681656336,
              49.1906386693262
            ],
            [
              -122.849689501227,
              49.1906690135638
            ],
            [
              -122.849698315421,
              49.1906992421229
            ],
            [
              -122.849708092094,
              49.1907293433005
            ],
            [
              -122.849749588128,
              49.1908189988005
            ],
            [
              -122.849810008305,
              49.1909356297801
            ],
            [
              -122.849881965973,
              49.191049413411
            ],
            [
              -122.849965148389,
              49.1911598599199
            ],
            [
              -122.850007344356,
              49.1912080289055
            ],
            [
              -122.850011716802,
              49.1912135424195
            ],
            [
              -122.850016115352,
              49.1912190469719
            ],
            [
              -122.850020538637,
              49.1912245416614
            ],
            [
              -122.850142955161,
              49.191374391714
            ],
            [
              -122.850148944768,
              49.1913825078684
            ],
            [
              -122.850153897277,
              49.1913909195226
            ],
            [
              -122.850157775805,
              49.1913995690587
            ],
            [
              -122.850160558565,
              49.1914083988786
            ],
            [
              -122.850162225153,
              49.1914173486871
            ],
            [
              -122.8501627634,
              49.1914263573004
            ],
            [
              -122.850162094903,
              49.1914359364506
            ],
            [
              -122.850160151612,
              49.1914454410848
            ],
            [
              -122.850156947479,
              49.1914547965598
            ],
            [
              -122.850152508789,
              49.1914639327462
            ],
            [
              -122.85014686869,
              49.1914727813224
            ],
            [
              -122.850140072682,
              49.1914812721838
            ],
            [
              -122.850132167624,
              49.1914893406245
            ],
            [
              -122.850123219575,
              49.1914969273611
            ],
            [
              -122.850113293223,
              49.191503971309
            ],
            [
              -122.850102465587,
              49.1915104194955
            ],
            [
              -122.850090819158,
              49.1915162243523
            ],
            [
              -122.85007844466,
              49.1915213392212
            ],
            [
              -122.850065434169,
              49.1915257246421
            ],
            [
              -122.850051890713,
              49.1915293492649
            ],
            [
              -122.85003791457,
              49.1915321844347
            ],
            [
              -122.850023612861,
              49.191534207802
            ],
            [
              -122.850009098173,
              49.1915354042209
            ],
            [
              -122.849994477587,
              49.1915357648351
            ],
            [
              -122.848311208505,
              49.1915290083978
            ],
            [
              -122.848318248596,
              49.1912001684698
            ],
            [
              -122.848042289552,
              49.1911990752967
            ],
            [
              -122.84803514475,
              49.1915278979797
            ],
            [
              -122.847759097478,
              49.1915267869234
            ],
            [
              -122.847759363926,
              49.1915146489877
            ],
            [
              -122.847766326401,
              49.1911979823584
            ],
            [
              -122.847767529403,
              49.1911431745469
            ],
            [
              -122.84777262229,
              49.1908896463003
            ],
            [
              -122.847827497766,
              49.1908897914779
            ],
            [
              -122.847832589165,
              49.1906361912531
            ],
            [
              -122.847843047577,
              49.1901948018199
            ],
            [
              -122.847848164415,
              49.1899789504744
            ]
          ]
        ]
      },
      "properties": {
        "OBJECTID": 6454,
        "PROJECT_NO": "11-0334-00",
        "DESCRIPTION": "Rezoning from RF  C-8  C-15 and CD (By-law No. 13882) to CD (based on C-35 and RMC- 35); Development Permit in order to permit the development of a 45-storey commercial and residential mixed-use building.",
        "STATUS": "Concluded",
        "WEBLINK": "https://citizenportal.surrey.ca/citizenportal/integration/publicProjectForward.html?year=11 seq=0334",
        "source_dataset": "Development Applications",
        "source_url": "https://services5.arcgis.com/YRpe0VKTJytZSSIB/arcgis/rest/services/Development%20Applications/FeatureServer/0",
        "retrieved_at": "2026-10-06T20:03:04.899858+00:00",
        "licence": "Contains information licensed under the Open Government License – City of Surrey.",
        "licence_url": "https://opendata-surrey.hub.arcgis.com/pages/55089a19491a4fe59a41e059fd8af708",
        "source_sha256": "7dd44fc28b8f521f582d52527a18a64baed338509036006dc0ca9c8144ef862b"
      }
    },
    {
      "type": "Feature",
      "id": "6514",
      "geometry": {
        "type": "Polygon",
        "coordinates": [
          [
            [
              -122.842053628844,
              49.1901519369234
            ],
            [
              -122.843198470207,
              49.1901623267116
            ],
            [
              -122.84319754424,
              49.1908834976224
            ],
            [
              -122.842625251499,
              49.1908779454067
            ],
            [
              -122.842625088491,
              49.1910574072704
            ],
            [
              -122.842340999949,
              49.1910545874819
            ],
            [
              -122.842052794101,
              49.1910517622635
            ],
            [
              -122.842053628844,
              49.1901519369234
            ]
          ]
        ]
      },
      "properties": {
        "OBJECTID": 6514,
        "PROJECT_NO": "08-0262-00",
        "DESCRIPTION": "DP for 234 residential units and 8651.2 commercial area",
        "STATUS": "Closed",
        "WEBLINK": "https://citizenportal.surrey.ca/citizenportal/integration/publicProjectForward.html?year=08 seq=0262",
        "source_dataset": "Development Applications",
        "source_url": "https://services5.arcgis.com/YRpe0VKTJytZSSIB/arcgis/rest/services/Development%20Applications/FeatureServer/0",
        "retrieved_at": "2026-10-06T20:03:04.899858+00:00",
        "licence": "Contains information licensed under the Open Government License – City of Surrey.",
        "licence_url": "https://opendata-surrey.hub.arcgis.com/pages/55089a19491a4fe59a41e059fd8af708",
        "source_sha256": "7dd44fc28b8f521f582d52527a18a64baed338509036006dc0ca9c8144ef862b"
      }
    },
    {
      "type": "Feature",
      "id": "6522",
      "geometry": {
        "type": "Polygon",
        "coordinates": [
          [
            [
              -122.843703670964,
              49.1798768988559
            ],
            [
              -122.843202015687,
              49.179878194224
            ],
            [
              -122.843211085705,
              49.1797013572504
            ],
            [
              -122.843714528301,
              49.1796988058141
            ],
            [
              -122.843703670964,
              49.1798768988559
            ]
          ]
        ]
      },
      "properties": {
        "OBJECTID": 6522,
        "PROJECT_NO": "00-0315-00",
        "DESCRIPTION": "Rezone from RF to C-5 to allow an office building. ",
        "STATUS": "Concluded",
        "WEBLINK": "https://citizenportal.surrey.ca/citizenportal/integration/publicProjectForward.html?year=00 seq=0315",
        "source_dataset": "Development Applications",
        "source_url": "https://services5.arcgis.com/YRpe0VKTJytZSSIB/arcgis/rest/services/Development%20Applications/FeatureServer/0",
        "retrieved_at": "2026-10-06T20:03:04.899858+00:00",
        "licence": "Contains information licensed under the Open Government License – City of Surrey.",
        "licence_url": "https://opendata-surrey.hub.arcgis.com/pages/55089a19491a4fe59a41e059fd8af708",
        "source_sha256": "7dd44fc28b8f521f582d52527a18a64baed338509036006dc0ca9c8144ef862b"
      }
    },
    {
      "type": "Feature",
      "id": "6638",
      "geometry": {
        "type": "Polygon",
        "coordinates": [
          [
            [
              -122.857054235953,
              49.1878884034446
            ],
            [
              -122.857049702425,
              49.1882682713668
            ],
            [
              -122.8566315456,
              49.1882663119883
            ],
            [
              -122.856636089158,
              49.1878845550753
            ],
            [
              -122.856704129584,
              49.1878474888161
            ],
            [
              -122.857054235953,
              49.1878884034446
            ]
          ]
        ]
      },
      "properties": {
        "OBJECTID": 6638,
        "PROJECT_NO": "24-0104-00",
        "DESCRIPTION": "Development Variance Permit to a) reduce the east street side yard setback flanking street (132 St) from 13.8 m to 3.0 m. b) to reduce the south front yard setback (Old Yale Road) from 13.8 m to 4.5 m. c) to reduce the west side yard setback from 13.8 m to 3.0 m. d) to increase the maximum building height from 9m to 13.8 m in order to construct a Hindu Temple.",
        "STATUS": "Concluded",
        "WEBLINK": "https://citizenportal.surrey.ca/citizenportal/integration/publicProjectForward.html?year=24 seq=0104",
        "source_dataset": "Development Applications",
        "source_url": "https://services5.arcgis.com/YRpe0VKTJytZSSIB/arcgis/rest/services/Development%20Applications/FeatureServer/0",
        "retrieved_at": "2026-10-06T20:03:04.899858+00:00",
        "licence": "Contains information licensed under the Open Government License – City of Surrey.",
        "licence_url": "https://opendata-surrey.hub.arcgis.com/pages/55089a19491a4fe59a41e059fd8af708",
        "source_sha256": "7dd44fc28b8f521f582d52527a18a64baed338509036006dc0ca9c8144ef862b"
      }
    },
    {
      "type": "Feature",
      "id": "6646",
      "geometry": {
        "type": "Polygon",
        "coordinates": [
          [
            [
              -122.849888324757,
              49.1800547059328
            ],
            [
              -122.850205569403,
              49.1800533223834
            ],
            [
              -122.850210406775,
              49.1804468756404
            ],
            [
              -122.849893161258,
              49.1804481692494
            ],
            [
              -122.849575914351,
              49.1804494628846
            ],
            [
              -122.849258667427,
              49.1804507565478
            ],
            [
              -122.849253837054,
              49.1800573831647
            ],
            [
              -122.849571080362,
              49.1800560004568
            ],
            [
              -122.849888324757,
              49.1800547059328
            ]
          ]
        ]
      },
      "properties": {
        "OBJECTID": 6646,
        "PROJECT_NO": "08-0131-00",
        "DESCRIPTION": "Rezoning from RF to CD (based on RM-45) for development of a 57 unit apartment building.",
        "STATUS": "Closed",
        "WEBLINK": "https://citizenportal.surrey.ca/citizenportal/integration/publicProjectForward.html?year=08 seq=0131",
        "source_dataset": "Development Applications",
        "source_url": "https://services5.arcgis.com/YRpe0VKTJytZSSIB/arcgis/rest/services/Development%20Applications/FeatureServer/0",
        "retrieved_at": "2026-10-06T20:03:04.899858+00:00",
        "licence": "Contains information licensed under the Open Government License – City of Surrey.",
        "licence_url": "https://opendata-surrey.hub.arcgis.com/pages/55089a19491a4fe59a41e059fd8af708",
        "source_sha256": "7dd44fc28b8f521f582d52527a18a64baed338509036006dc0ca9c8144ef862b"
      }
    },
    {
      "type": "Feature",
      "id": "6693",
      "geometry": {
        "type": "Polygon",
        "coordinates": [
          [
            [
              -122.852812066498,
              49.1900129638139
            ],
            [
              -122.852806912463,
              49.1902190239142
            ],
            [
              -122.852628148871,
              49.1902183263921
            ],
            [
              -122.852628123501,
              49.1902194750625
            ],
            [
              -122.852603796639,
              49.1902187423834
            ],
            [
              -122.852579455296,
              49.1902182642482
            ],
            [
              -122.852555106334,
              49.1902180415654
            ],
            [
              -122.852251619284,
              49.1902168558362
            ],
            [
              -122.852211062499,
              49.190189723525
            ],
            [
              -122.852226564231,
              49.1894938660015
            ],
            [
              -122.852824995157,
              49.1894960127216
            ],
            [
              -122.852822735888,
              49.1895863282963
            ],
            [
              -122.852812066498,
              49.1900129638139
            ]
          ]
        ]
      },
      "properties": {
        "OBJECTID": 6693,
        "PROJECT_NO": "26-0117-00",
        "DESCRIPTION": "Development Variance Permit to vary under-awning signage parallel with the building.",
        "STATUS": "Concluded",
        "WEBLINK": "https://citizenportal.surrey.ca/citizenportal/integration/publicProjectForward.html?year=26 seq=0117",
        "source_dataset": "Development Applications",
        "source_url": "https://services5.arcgis.com/YRpe0VKTJytZSSIB/arcgis/rest/services/Development%20Applications/FeatureServer/0",
        "retrieved_at": "2026-10-06T20:03:04.899858+00:00",
        "licence": "Contains information licensed under the Open Government License – City of Surrey.",
        "licence_url": "https://opendata-surrey.hub.arcgis.com/pages/55089a19491a4fe59a41e059fd8af708",
        "source_sha256": "7dd44fc28b8f521f582d52527a18a64baed338509036006dc0ca9c8144ef862b"
      }
    },
    {
      "type": "Feature",
      "id": "6704",
      "geometry": {
        "type": "Polygon",
        "coordinates": [
          [
            [
              -122.847888823378,
              49.1880066826644
            ],
            [
              -122.848121195999,
              49.1880409935147
            ],
            [
              -122.848347208237,
              49.1880904967484
            ],
            [
              -122.848709850473,
              49.1882037782576
            ],
            [
              -122.849783448516,
              49.1885653632914
            ],
            [
              -122.849819487579,
              49.1886278386222
            ],
            [
              -122.849775998083,
              49.1887130586518
            ],
            [
              -122.849722162068,
              49.1888603329486
            ],
            [
              -122.849696221208,
              49.1889957696934
            ],
            [
              -122.849687185717,
              49.1891234033992
            ],
            [
              -122.849659207044,
              49.1901962582081
            ],
            [
              -122.849094866427,
              49.1901956985247
            ],
            [
              -122.847842937888,
              49.1901947674931
            ],
            [
              -122.84784751512,
              49.1900018202301
            ],
            [
              -122.847852870927,
              49.1897787396499
            ],
            [
              -122.847878760405,
              49.1886855538989
            ],
            [
              -122.847829129895,
              49.1884925360734
            ],
            [
              -122.84782093942,
              49.1882567559755
            ],
            [
              -122.847821047875,
              49.1880446436132
            ],
            [
              -122.847888823378,
              49.1880066826644
            ]
          ]
        ]
      },
      "properties": {
        "OBJECTID": 6704,
        "PROJECT_NO": "93-0148-00",
        "DESCRIPTION": null,
        "STATUS": "Concluded",
        "WEBLINK": "https://citizenportal.surrey.ca/citizenportal/integration/publicProjectForward.html?year=93 seq=0148",
        "source_dataset": "Development Applications",
        "source_url": "https://services5.arcgis.com/YRpe0VKTJytZSSIB/arcgis/rest/services/Development%20Applications/FeatureServer/0",
        "retrieved_at": "2026-10-06T20:03:04.899858+00:00",
        "licence": "Contains information licensed under the Open Government License – City of Surrey.",
        "licence_url": "https://opendata-surrey.hub.arcgis.com/pages/55089a19491a4fe59a41e059fd8af708",
        "source_sha256": "7dd44fc28b8f521f582d52527a18a64baed338509036006dc0ca9c8144ef862b"
      }
    },
    {
      "type": "Feature",
      "id": "6805",
      "geometry": {
        "type": "Polygon",
        "coordinates": [
          [
            [
              -122.845673838226,
              49.1884812853611
            ],
            [
              -122.845666446914,
              49.1883880821025
            ],
            [
              -122.845655220977,
              49.1882481888711
            ],
            [
              -122.845655240442,
              49.18798030536
            ],
            [
              -122.84571794901,
              49.1879393704546
            ],
            [
              -122.846700965813,
              49.1879425819555
            ],
            [
              -122.846697640644,
              49.188392078523
            ],
            [
              -122.846377329819,
              49.1883909287828
            ],
            [
              -122.846370994139,
              49.1885737980395
            ],
            [
              -122.846361958953,
              49.1888293450327
            ],
            [
              -122.845651068928,
              49.1888267681104
            ],
            [
              -122.845652354571,
              49.1887668600583
            ],
            [
              -122.845658726789,
              49.1886609027334
            ],
            [
              -122.845673838226,
              49.1884812853611
            ]
          ]
        ]
      },
      "properties": {
        "OBJECTID": 6805,
        "PROJECT_NO": "92-0084-00",
        "DESCRIPTION": null,
        "STATUS": "Concluded",
        "WEBLINK": "https://citizenportal.surrey.ca/citizenportal/integration/publicProjectForward.html?year=92 seq=0084",
        "source_dataset": "Development Applications",
        "source_url": "https://services5.arcgis.com/YRpe0VKTJytZSSIB/arcgis/rest/services/Development%20Applications/FeatureServer/0",
        "retrieved_at": "2026-10-06T20:03:04.899858+00:00",
        "licence": "Contains information licensed under the Open Government License – City of Surrey.",
        "licence_url": "https://opendata-surrey.hub.arcgis.com/pages/55089a19491a4fe59a41e059fd8af708",
        "source_sha256": "7dd44fc28b8f521f582d52527a18a64baed338509036006dc0ca9c8144ef862b"
      }
    },
    {
      "type": "Feature",
      "id": "6818",
      "geometry": {
        "type": "Polygon",
        "coordinates": [
          [
            [
              -122.856731892544,
              49.1830225017112
            ],
            [
              -122.856747298228,
              49.1826803373937
            ],
            [
              -122.857248973483,
              49.1826827594465
            ],
            [
              -122.85723370874,
              49.183024833151
            ],
            [
              -122.856731892544,
              49.1830225017112
            ]
          ]
        ]
      },
      "properties": {
        "OBJECTID": 6818,
        "PROJECT_NO": "26-0215-00",
        "DESCRIPTION": "Rezoning from R2 (Quarter Acre Residential Zone) to R3 (Urban Residential Zone).",
        "STATUS": "Under Review",
        "WEBLINK": "https://citizenportal.surrey.ca/citizenportal/integration/publicProjectForward.html?year=26 seq=0215",
        "source_dataset": "Development Applications",
        "source_url": "https://services5.arcgis.com/YRpe0VKTJytZSSIB/arcgis/rest/services/Development%20Applications/FeatureServer/0",
        "retrieved_at": "2026-10-06T20:03:04.899858+00:00",
        "licence": "Contains information licensed under the Open Government License – City of Surrey.",
        "licence_url": "https://opendata-surrey.hub.arcgis.com/pages/55089a19491a4fe59a41e059fd8af708",
        "source_sha256": "7dd44fc28b8f521f582d52527a18a64baed338509036006dc0ca9c8144ef862b"
      }
    },
    {
      "type": "Feature",
      "id": "6822",
      "geometry": {
        "type": "Polygon",
        "coordinates": [
          [
            [
              -122.845171825976,
              49.1901801245287
            ],
            [
              -122.845164538899,
              49.1906637141419
            ],
            [
              -122.844325591142,
              49.1906556509803
            ],
            [
              -122.844333021946,
              49.1901726004303
            ],
            [
              -122.845171825976,
              49.1901801245287
            ]
          ]
        ]
      },
      "properties": {
        "OBJECTID": 6822,
        "PROJECT_NO": "14-0214-00",
        "DESCRIPTION": "Development Permit; Development Variance Permit in order to permit renovations to an existing drive-through restaurant (Burger King) in City Centre and to vary the Sign By-law..",
        "STATUS": "Concluded",
        "WEBLINK": "https://citizenportal.surrey.ca/citizenportal/integration/publicProjectForward.html?year=14 seq=0214",
        "source_dataset": "Development Applications",
        "source_url": "https://services5.arcgis.com/YRpe0VKTJytZSSIB/arcgis/rest/services/Development%20Applications/FeatureServer/0",
        "retrieved_at": "2026-10-06T20:03:04.899858+00:00",
        "licence": "Contains information licensed under the Open Government License – City of Surrey.",
        "licence_url": "https://opendata-surrey.hub.arcgis.com/pages/55089a19491a4fe59a41e059fd8af708",
        "source_sha256": "7dd44fc28b8f521f582d52527a18a64baed338509036006dc0ca9c8144ef862b"
      }
    },
    {
      "type": "Feature",
      "id": "6877",
      "geometry": {
        "type": "Polygon",
        "coordinates": [
          [
            [
              -122.849702631489,
              49.1854645459288
            ],
            [
              -122.851542715629,
              49.1861094848422
            ],
            [
              -122.851593430814,
              49.1861751277752
            ],
            [
              -122.851442723403,
              49.1868653291294
            ],
            [
              -122.851400273951,
              49.1870162170308
            ],
            [
              -122.851339031283,
              49.1871643821253
            ],
            [
              -122.851259684653,
              49.1873087449319
            ],
            [
              -122.851162511354,
              49.1874483171847
            ],
            [
              -122.851048336835,
              49.1875823802773
            ],
            [
              -122.85091785069,
              49.1877097647579
            ],
            [
              -122.849979435579,
              49.1873934288839
            ],
            [
              -122.849924978867,
              49.1872955780192
            ],
            [
              -122.848405958154,
              49.1872863835019
            ],
            [
              -122.848407348698,
              49.1871914846144
            ],
            [
              -122.84842107209,
              49.1871915026266
            ],
            [
              -122.848424228745,
              49.1871914168163
            ],
            [
              -122.848427385674,
              49.187191241053
            ],
            [
              -122.848430543428,
              49.1871907954307
            ],
            [
              -122.848433701732,
              49.1871901699026
            ],
            [
              -122.848436723351,
              49.1871893642885
            ],
            [
              -122.848439608285,
              49.1871883785883
            ],
            [
              -122.848442356261,
              49.187187302755
            ],
            [
              -122.848444830317,
              49.1871860466557
            ],
            [
              -122.848447304924,
              49.1871846106504
            ],
            [
              -122.848449505337,
              49.187183084332
            ],
            [
              -122.848451431831,
              49.1871813777476
            ],
            [
              -122.848453221366,
              49.1871795810302
            ],
            [
              -122.848454736708,
              49.1871776939996
            ],
            [
              -122.848455977582,
              49.1871758066089
            ],
            [
              -122.848457081772,
              49.1871737391323
            ],
            [
              -122.84845777426,
              49.1871716711154
            ],
            [
              -122.84845819228,
              49.1871696027384
            ],
            [
              -122.848458335832,
              49.1871675340012
            ],
            [
              -122.848460067495,
              49.1870516755439
            ],
            [
              -122.848459933833,
              49.1870505059758
            ],
            [
              -122.848459800445,
              49.1870492464547
            ],
            [
              -122.848459392316,
              49.1870480765265
            ],
            [
              -122.848458846953,
              49.1870469064182
            ],
            [
              -122.848458164082,
              49.1870458260828
            ],
            [
              -122.848457343978,
              49.1870447455673
            ],
            [
              -122.848456386365,
              49.1870437548246
            ],
            [
              -122.848455154285,
              49.1870427637218
            ],
            [
              -122.848453921931,
              49.1870418625718
            ],
            [
              -122.848452689302,
              49.1870410513749
            ],
            [
              -122.848451182206,
              49.1870402398177
            ],
            [
              -122.84844967456,
              49.1870396081664
            ],
            [
              -122.848448029407,
              49.1870390662878
            ],
            [
              -122.848446246745,
              49.1870386141821
            ],
            [
              -122.848444601042,
              49.1870382522095
            ],
            [
              -122.848442818105,
              49.1870378900566
            ],
            [
              -122.848440897111,
              49.1870377975824
            ],
            [
              -122.84843911335,
              49.1870377052883
            ],
            [
              -122.848435408049,
              49.1870376995263
            ],
            [
              -122.848436265938,
              49.1869819296149
            ],
            [
              -122.848409643222,
              49.186981713868
            ],
            [
              -122.848409837063,
              49.1869636335118
            ],
            [
              -122.848442360803,
              49.1869638561031
            ],
            [
              -122.848444761485,
              49.1868086898322
            ],
            [
              -122.848486479726,
              49.1868089244764
            ],
            [
              -122.848488264028,
              49.1868088368639
            ],
            [
              -122.84849004833,
              49.1868087492514
            ],
            [
              -122.848491833181,
              49.186808481733
            ],
            [
              -122.848493481074,
              49.1868081240816
            ],
            [
              -122.848495266475,
              49.1868076766573
            ],
            [
              -122.848496777684,
              49.18680713892
            ],
            [
              -122.848498426401,
              49.1868065114097
            ],
            [
              -122.848499800927,
              49.1868057935865
            ],
            [
              -122.848501175452,
              49.1868050757633
            ],
            [
              -122.848502413294,
              49.1868041778541
            ],
            [
              -122.848503513903,
              49.186803279765
            ],
            [
              -122.848504614787,
              49.1868022917229
            ],
            [
              -122.84850544148,
              49.1868012133678
            ],
            [
              -122.848506130939,
              49.1868001348327
            ],
            [
              -122.848506683441,
              49.1867989661647
            ],
            [
              -122.84850709871,
              49.1867977973167
            ],
            [
              -122.848507376745,
              49.1867966282886
            ],
            [
              -122.848507517548,
              49.1867954590806
            ],
            [
              -122.848507521119,
              49.1867942896925
            ],
            [
              -122.848508407485,
              49.1867291637739
            ],
            [
              -122.84695990189,
              49.1867195508388
            ],
            [
              -122.846685577813,
              49.1867179240579
            ],
            [
              -122.846343325014,
              49.1867157565029
            ],
            [
              -122.846349867014,
              49.186244608736
            ],
            [
              -122.845693294061,
              49.1862404734573
            ],
            [
              -122.845702919538,
              49.1855815396813
            ],
            [
              -122.845715346769,
              49.1855816426386
            ],
            [
              -122.846701865987,
              49.1855874054058
            ],
            [
              -122.84697632077,
              49.1855891213774
            ],
            [
              -122.847029016057,
              49.1855894619451
            ],
            [
              -122.847022913683,
              49.1860073778194
            ],
            [
              -122.847274728299,
              49.1860088831835
            ],
            [
              -122.848593628436,
              49.1860170199355
            ],
            [
              -122.848615078682,
              49.1860031952459
            ],
            [
              -122.84862375596,
              49.1854129321261
            ],
            [
              -122.84862952973,
              49.1854096114212
            ],
            [
              -122.848759171623,
              49.1853331419442
            ],
            [
              -122.849317915757,
              49.1853051834837
            ],
            [
              -122.849702631489,
              49.1854645459288
            ]
          ]
        ]
      },
      "properties": {
        "OBJECTID": 6877,
        "PROJECT_NO": "14-0356-00",
        "DESCRIPTION": "Development Permit in order to permit the renovation of an entry feature at the east elevation of the existing Central City Mall.",
        "STATUS": "Concluded",
        "WEBLINK": "https://citizenportal.surrey.ca/citizenportal/integration/publicProjectForward.html?year=14 seq=0356",
        "source_dataset": "Development Applications",
        "source_url": "https://services5.arcgis.com/YRpe0VKTJytZSSIB/arcgis/rest/services/Development%20Applications/FeatureServer/0",
        "retrieved_at": "2026-10-06T20:03:04.899858+00:00",
        "licence": "Contains information licensed under the Open Government License – City of Surrey.",
        "licence_url": "https://opendata-surrey.hub.arcgis.com/pages/55089a19491a4fe59a41e059fd8af708",
        "source_sha256": "7dd44fc28b8f521f582d52527a18a64baed338509036006dc0ca9c8144ef862b"
      }
    },
    {
      "type": "Feature",
      "id": "6920",
      "geometry": {
        "type": "Polygon",
        "coordinates": [
          [
            [
              -122.854213964394,
              49.1871591739508
            ],
            [
              -122.854208671593,
              49.1873706492261
            ],
            [
              -122.853791195355,
              49.1871892191322
            ],
            [
              -122.853796353208,
              49.186977564691
            ],
            [
              -122.854213964394,
              49.1871591739508
            ]
          ]
        ]
      },
      "properties": {
        "OBJECTID": 6920,
        "PROJECT_NO": "10-0004-00",
        "DESCRIPTION": "Temporary Use Permit to accommodate approximately 10 vehicles to park at any given time for the families of elderly residents of the society and volunteers.  There is an active application no. 7902-0262-00 to rezone the site for expansion of the exisitng seniors facility which includes three properties.  The TUP is only for the above lot until the site is devloped.",
        "STATUS": "Concluded",
        "WEBLINK": "https://citizenportal.surrey.ca/citizenportal/integration/publicProjectForward.html?year=10 seq=0004",
        "source_dataset": "Development Applications",
        "source_url": "https://services5.arcgis.com/YRpe0VKTJytZSSIB/arcgis/rest/services/Development%20Applications/FeatureServer/0",
        "retrieved_at": "2026-10-06T20:03:04.899858+00:00",
        "licence": "Contains information licensed under the Open Government License – City of Surrey.",
        "licence_url": "https://opendata-surrey.hub.arcgis.com/pages/55089a19491a4fe59a41e059fd8af708",
        "source_sha256": "7dd44fc28b8f521f582d52527a18a64baed338509036006dc0ca9c8144ef862b"
      }
    },
    {
      "type": "Feature",
      "id": "7015",
      "geometry": {
        "type": "Polygon",
        "coordinates": [
          [
            [
              -122.841361289907,
              49.1861888369454
            ],
            [
              -122.843111053357,
              49.1862096064146
            ],
            [
              -122.843112031126,
              49.1873630887074
            ],
            [
              -122.841343686132,
              49.1873458891793
            ],
            [
              -122.841361289907,
              49.1861888369454
            ]
          ]
        ]
      },
      "properties": {
        "OBJECTID": 7015,
        "PROJECT_NO": "89-0153-00",
        "DESCRIPTION": null,
        "STATUS": "Concluded",
        "WEBLINK": "https://citizenportal.surrey.ca/citizenportal/integration/publicProjectForward.html?year=89 seq=0153",
        "source_dataset": "Development Applications",
        "source_url": "https://services5.arcgis.com/YRpe0VKTJytZSSIB/arcgis/rest/services/Development%20Applications/FeatureServer/0",
        "retrieved_at": "2026-10-06T20:03:04.899858+00:00",
        "licence": "Contains information licensed under the Open Government License – City of Surrey.",
        "licence_url": "https://opendata-surrey.hub.arcgis.com/pages/55089a19491a4fe59a41e059fd8af708",
        "source_sha256": "7dd44fc28b8f521f582d52527a18a64baed338509036006dc0ca9c8144ef862b"
      }
    },
    {
      "type": "Feature",
      "id": "7021",
      "geometry": {
        "type": "Polygon",
        "coordinates": [
          [
            [
              -122.845872487523,
              49.1828696317967
            ],
            [
              -122.845888093059,
              49.1824063370693
            ],
            [
              -122.845847269926,
              49.1820281141538
            ],
            [
              -122.845847092107,
              49.1820089349594
            ],
            [
              -122.845844424966,
              49.1817220889996
            ],
            [
              -122.845889387858,
              49.1816844540479
            ],
            [
              -122.846047019679,
              49.1816579643277
            ],
            [
              -122.846151486227,
              49.1816432855213
            ],
            [
              -122.846257398505,
              49.1816340831071
            ],
            [
              -122.84636409085,
              49.1816304164645
            ],
            [
              -122.84706433681,
              49.1816275993273
            ],
            [
              -122.847068707879,
              49.1820032332886
            ],
            [
              -122.847073045976,
              49.1823757817813
            ],
            [
              -122.847074477022,
              49.1824987463186
            ],
            [
              -122.84707604295,
              49.182633160295
            ],
            [
              -122.847078754219,
              49.1828661457685
            ],
            [
              -122.847010601622,
              49.1829114405704
            ],
            [
              -122.845941227975,
              49.1829155394549
            ],
            [
              -122.845872487523,
              49.1828696317967
            ]
          ]
        ]
      },
      "properties": {
        "OBJECTID": 7021,
        "PROJECT_NO": "22-0346-00",
        "DESCRIPTION": "Subdivision into four (4) air space parcels",
        "STATUS": "Concluded",
        "WEBLINK": "https://citizenportal.surrey.ca/citizenportal/integration/publicProjectForward.html?year=22 seq=0346",
        "source_dataset": "Development Applications",
        "source_url": "https://services5.arcgis.com/YRpe0VKTJytZSSIB/arcgis/rest/services/Development%20Applications/FeatureServer/0",
        "retrieved_at": "2026-10-06T20:03:04.899858+00:00",
        "licence": "Contains information licensed under the Open Government License – City of Surrey.",
        "licence_url": "https://opendata-surrey.hub.arcgis.com/pages/55089a19491a4fe59a41e059fd8af708",
        "source_sha256": "7dd44fc28b8f521f582d52527a18a64baed338509036006dc0ca9c8144ef862b"
      }
    },
    {
      "type": "Feature",
      "id": "7109",
      "geometry": {
        "type": "Polygon",
        "coordinates": [
          [
            [
              -122.845101923016,
              49.18309462305
            ],
            [
              -122.845099372702,
              49.183163433941
            ],
            [
              -122.845136826577,
              49.1832539772373
            ],
            [
              -122.845104821931,
              49.1840923902985
            ],
            [
              -122.844929528309,
              49.1841973087093
            ],
            [
              -122.843404602771,
              49.1841788661053
            ],
            [
              -122.843406713424,
              49.1840331445657
            ],
            [
              -122.84340686399,
              49.1840289169631
            ],
            [
              -122.843406877046,
              49.1840247791274
            ],
            [
              -122.843406890387,
              49.1840205513387
            ],
            [
              -122.843406903444,
              49.1840164135029
            ],
            [
              -122.843406779559,
              49.1840121855282
            ],
            [
              -122.843406792616,
              49.1840080476925
            ],
            [
              -122.843406668732,
              49.1840038197177
            ],
            [
              -122.843406544564,
              49.1839996816959
            ],
            [
              -122.843406420679,
              49.1839954537211
            ],
            [
              -122.843406296511,
              49.1839913156993
            ],
            [
              -122.843406172627,
              49.1839870877245
            ],
            [
              -122.843405911233,
              49.1839829495167
            ],
            [
              -122.84340564984,
              49.1839788113088
            ],
            [
              -122.843405525956,
              49.183974583334
            ],
            [
              -122.843405264563,
              49.1839704451261
            ],
            [
              -122.843404866229,
              49.1839662167791
            ],
            [
              -122.843404606208,
              49.1839620785731
            ],
            [
              -122.843404345099,
              49.1839578504123
            ],
            [
              -122.843403946481,
              49.1839537120183
            ],
            [
              -122.843403547863,
              49.1839495736243
            ],
            [
              -122.84340314953,
              49.1839453452774
            ],
            [
              -122.843402750912,
              49.1839412068834
            ],
            [
              -122.843402352294,
              49.1839370684894
            ],
            [
              -122.843401816736,
              49.1839328399564
            ],
            [
              -122.843401418118,
              49.1839287015623
            ],
            [
              -122.843400882276,
              49.1839245629822
            ],
            [
              -122.84340034809,
              49.1839203344511
            ],
            [
              -122.843399812248,
              49.183916195871
            ],
            [
              -122.843399276406,
              49.1839120572909
            ],
            [
              -122.843398603623,
              49.1839078285718
            ],
            [
              -122.843398067782,
              49.1839036899917
            ],
            [
              -122.843397394715,
              49.1838995512255
            ],
            [
              -122.843396721649,
              49.1838954124593
            ],
            [
              -122.843396048866,
              49.1838911837401
            ],
            [
              -122.8433953758,
              49.183887044974
            ],
            [
              -122.843394702734,
              49.1838829062077
            ],
            [
              -122.843393893816,
              49.1838787672573
            ],
            [
              -122.843393083525,
              49.183874628305
            ],
            [
              -122.84339241046,
              49.1838704895388
            ],
            [
              -122.84339160017,
              49.1838663505864
            ],
            [
              -122.843390652655,
              49.183862211448
            ],
            [
              -122.843389842365,
              49.1838580724957
            ],
            [
              -122.843389032075,
              49.1838539335433
            ],
            [
              -122.843388084561,
              49.1838497944049
            ],
            [
              -122.843387137047,
              49.1838456552664
            ],
            [
              -122.843386190905,
              49.1838415161298
            ],
            [
              -122.843385243391,
              49.1838373769913
            ],
            [
              -122.843384295877,
              49.1838332378529
            ],
            [
              -122.843383211139,
              49.1838290985283
            ],
            [
              -122.843382263626,
              49.1838249593898
            ],
            [
              -122.843381178888,
              49.1838208200651
            ],
            [
              -122.84338009415,
              49.1838166807405
            ],
            [
              -122.843379009129,
              49.1838126313688
            ],
            [
              -122.843377924392,
              49.1838084920442
            ],
            [
              -122.84337670243,
              49.1838043525334
            ],
            [
              -122.843375617409,
              49.1838003031617
            ],
            [
              -122.843374395448,
              49.1837961636509
            ],
            [
              -122.843373173487,
              49.1837920241401
            ],
            [
              -122.843371951242,
              49.1837879745822
            ],
            [
              -122.843370729282,
              49.1837838350714
            ],
            [
              -122.843369369813,
              49.1837797853274
            ],
            [
              -122.843368147853,
              49.1837756458165
            ],
            [
              -122.843366788385,
              49.1837715960725
            ],
            [
              -122.843365430573,
              49.1837674563773
            ],
            [
              -122.843364071105,
              49.1837634066332
            ],
            [
              -122.843362711637,
              49.1837593568891
            ],
            [
              -122.843361352454,
              49.1837552171921
            ],
            [
              -122.843359855762,
              49.1837511672618
            ],
            [
              -122.843358496295,
              49.1837471175177
            ],
            [
              -122.843356999604,
              49.1837430675873
            ],
            [
              -122.843355503197,
              49.1837389277041
            ],
            [
              -122.843163398125,
              49.183736686211
            ],
            [
              -122.843162580465,
              49.1837348860338
            ],
            [
              -122.843161900313,
              49.18373299609
            ],
            [
              -122.843161082653,
              49.1837311959128
            ],
            [
              -122.843160264993,
              49.1837293957356
            ],
            [
              -122.843159584557,
              49.1837275957447
            ],
            [
              -122.843158767181,
              49.1837257056145
            ],
            [
              -122.843157949521,
              49.1837239054373
            ],
            [
              -122.843157131861,
              49.1837221052601
            ],
            [
              -122.843156314201,
              49.1837203050828
            ],
            [
              -122.843155496541,
              49.1837185049056
            ],
            [
              -122.843154679166,
              49.1837166147754
            ],
            [
              -122.843153861506,
              49.1837148145981
            ],
            [
              -122.843153043847,
              49.1837130144208
            ],
            [
              -122.843152226187,
              49.1837112142436
            ],
            [
              -122.843151408528,
              49.1837094140663
            ],
            [
              -122.843150590868,
              49.183707613889
            ],
            [
              -122.843149773493,
              49.1837057237587
            ],
            [
              -122.843148818609,
              49.1837039233951
            ],
            [
              -122.84314800095,
              49.1837021232178
            ],
            [
              -122.843147183291,
              49.1837003230404
            ],
            [
              -122.843146365632,
              49.1836985228631
            ],
            [
              -122.843145410748,
              49.1836967224994
            ],
            [
              -122.843144593089,
              49.1836949223221
            ],
            [
              -122.843143638206,
              49.1836931219584
            ],
            [
              -122.843142820547,
              49.183691321781
            ],
            [
              -122.843141865664,
              49.1836895214173
            ],
            [
              -122.843141048006,
              49.1836877212399
            ],
            [
              -122.843140093123,
              49.1836859208762
            ],
            [
              -122.843139275464,
              49.1836841206988
            ],
            [
              -122.843138320581,
              49.1836823203351
            ],
            [
              -122.843137365698,
              49.1836805199713
            ],
            [
              -122.843136549412,
              49.1836787197957
            ],
            [
              -122.84313559453,
              49.183676919432
            ],
            [
              -122.843134639647,
              49.1836751190682
            ],
            [
              -122.843133684765,
              49.1836733187044
            ],
            [
              -122.843132867106,
              49.1836715185269
            ],
            [
              -122.843131912224,
              49.1836697181631
            ],
            [
              -122.843130957342,
              49.1836679177993
            ],
            [
              -122.843130002175,
              49.1836662073884
            ],
            [
              -122.843129047293,
              49.1836644070246
            ],
            [
              -122.843128092411,
              49.1836626066607
            ],
            [
              -122.843127137529,
              49.1836608062968
            ],
            [
              -122.843126182647,
              49.183659005933
            ],
            [
              -122.843125227766,
              49.1836572055691
            ],
            [
              -122.843124135375,
              49.1836554949718
            ],
            [
              -122.843123180494,
              49.1836536946079
            ],
            [
              -122.843122225612,
              49.183651894244
            ],
            [
              -122.843121270731,
              49.1836500938801
            ],
            [
              -122.843120178341,
              49.1836483832827
            ],
            [
              -122.843119223459,
              49.1836465829188
            ],
            [
              -122.843118268578,
              49.1836447825548
            ],
            [
              -122.843117177845,
              49.1836429820063
            ],
            [
              -122.843116222679,
              49.1836412715953
            ],
            [
              -122.843115130574,
              49.183639471045
            ],
            [
              -122.843114175693,
              49.183637670681
            ],
            [
              -122.843113083304,
              49.1836359600835
            ],
            [
              -122.843112128423,
              49.1836341597196
            ],
            [
              -122.843111036318,
              49.1836323591691
            ],
            [
              -122.843110081153,
              49.1836306487581
            ],
            [
              -122.843108989048,
              49.1836288482076
            ],
            [
              -122.843107896659,
              49.1836271376101
            ],
            [
              -122.843106804554,
              49.1836253370597
            ],
            [
              -122.843105849389,
              49.1836236266486
            ],
            [
              -122.843104757285,
              49.1836218260981
            ],
            [
              -122.843103665181,
              49.1836200255476
            ],
            [
              -122.843102572792,
              49.1836183149501
            ],
            [
              -122.843101480688,
              49.1836165143996
            ],
            [
              -122.843100388299,
              49.183614803802
            ],
            [
              -122.843099295911,
              49.1836130932044
            ],
            [
              -122.843098203807,
              49.1836112926539
            ],
            [
              -122.843097111419,
              49.1836095820563
            ],
            [
              -122.843095884032,
              49.1836076014152
            ],
            [
              -122.843094655273,
              49.1836056207723
            ],
            [
              -122.843093426799,
              49.1836035501765
            ],
            [
              -122.84309219804,
              49.1836015695335
            ],
            [
              -122.843090832057,
              49.1835995887041
            ],
            [
              -122.843089603299,
              49.1835976080611
            ],
            [
              -122.843088374541,
              49.1835956274181
            ],
            [
              -122.843087145782,
              49.1835936467751
            ],
            [
              -122.843085917024,
              49.1835916661321
            ],
            [
              -122.843084688266,
              49.1835896854891
            ],
            [
              -122.843083322284,
              49.1835877046596
            ],
            [
              -122.843284620211,
              49.1835901386675
            ],
            [
              -122.843283257298,
              49.1835876181245
            ],
            [
              -122.843281755504,
              49.1835851873463
            ],
            [
              -122.843280253711,
              49.1835827565682
            ],
            [
              -122.843278751918,
              49.18358032579
            ],
            [
              -122.843277387633,
              49.183577805245
            ],
            [
              -122.84327588584,
              49.1835753744668
            ],
            [
              -122.843274384048,
              49.1835729436885
            ],
            [
              -122.843272882255,
              49.1835705129103
            ],
            [
              -122.843271380463,
              49.183568082132
            ],
            [
              -122.84326987867,
              49.1835656513537
            ],
            [
              -122.843268239655,
              49.1835632203891
            ],
            [
              -122.84297059831,
              49.1830905592067
            ],
            [
              -122.842347753044,
              49.1821014812595
            ],
            [
              -122.842231097072,
              49.1818928091491
            ],
            [
              -122.842440377411,
              49.1819716250466
            ],
            [
              -122.845106245489,
              49.1829856053873
            ],
            [
              -122.845101923016,
              49.18309462305
            ]
          ]
        ]
      },
      "properties": {
        "OBJECTID": 7109,
        "PROJECT_NO": "04-0434-00",
        "DESCRIPTION": "To permit the development of a high density  mixed-use residential/commercial development.",
        "STATUS": "Concluded",
        "WEBLINK": "https://citizenportal.surrey.ca/citizenportal/integration/publicProjectForward.html?year=04 seq=0434",
        "source_dataset": "Development Applications",
        "source_url": "https://services5.arcgis.com/YRpe0VKTJytZSSIB/arcgis/rest/services/Development%20Applications/FeatureServer/0",
        "retrieved_at": "2026-10-06T20:03:04.899858+00:00",
        "licence": "Contains information licensed under the Open Government License – City of Surrey.",
        "licence_url": "https://opendata-surrey.hub.arcgis.com/pages/55089a19491a4fe59a41e059fd8af708",
        "source_sha256": "7dd44fc28b8f521f582d52527a18a64baed338509036006dc0ca9c8144ef862b"
      }
    },
    {
      "type": "Feature",
      "id": "7160",
      "geometry": {
        "type": "Polygon",
        "coordinates": [
          [
            [
              -122.84826150293,
              49.1899580638076
            ],
            [
              -122.848229375971,
              49.1899540096795
            ],
            [
              -122.84816622422,
              49.1899539419665
            ],
            [
              -122.848133312297,
              49.1899539067901
            ],
            [
              -122.848029089607,
              49.1899537948841
            ],
            [
              -122.847925231983,
              49.1899536824653
            ],
            [
              -122.847918032285,
              49.1899536747841
            ],
            [
              -122.84785054149,
              49.1899086731393
            ],
            [
              -122.847855892942,
              49.1896829767093
            ],
            [
              -122.848091877715,
              49.1896853418716
            ],
            [
              -122.848093460759,
              49.1896160970465
            ],
            [
              -122.848037145247,
              49.1896156379622
            ],
            [
              -122.848006380397,
              49.1895944170875
            ],
            [
              -122.848011335013,
              49.1893568975604
            ],
            [
              -122.848026188766,
              49.1893433845401
            ],
            [
              -122.848003650873,
              49.1893327206079
            ],
            [
              -122.847969313676,
              49.1893639593541
            ],
            [
              -122.84786349826,
              49.1893622539287
            ],
            [
              -122.847869350711,
              49.189115456003
            ],
            [
              -122.847870800879,
              49.1890542825044
            ],
            [
              -122.847874098128,
              49.1889152748861
            ],
            [
              -122.847943692337,
              49.1888704303842
            ],
            [
              -122.848125714568,
              49.1888706761846
            ],
            [
              -122.848153097204,
              49.188870900192
            ],
            [
              -122.848180466304,
              49.1888715109741
            ],
            [
              -122.848207808153,
              49.1888725067138
            ],
            [
              -122.848253624535,
              49.1888750442337
            ],
            [
              -122.848299272927,
              49.1888786636523
            ],
            [
              -122.848344691582,
              49.1888833621904
            ],
            [
              -122.848391613095,
              49.1888893822976
            ],
            [
              -122.849536806522,
              49.189051006607
            ],
            [
              -122.849561059085,
              49.1890710617944
            ],
            [
              -122.849594167608,
              49.1890984066278
            ],
            [
              -122.849602593626,
              49.1891053637907
            ],
            [
              -122.849601942673,
              49.1891304095266
            ],
            [
              -122.849579866071,
              49.1899797247146
            ],
            [
              -122.849510117361,
              49.1900238989413
            ],
            [
              -122.849488973163,
              49.1900236599981
            ],
            [
              -122.848796899186,
              49.1900158278194
            ],
            [
              -122.848708371365,
              49.1900148249471
            ],
            [
              -122.84847071379,
              49.1899844663019
            ],
            [
              -122.848388426279,
              49.1899740820525
            ],
            [
              -122.848270348889,
              49.189959180055
            ],
            [
              -122.84826150293,
              49.1899580638076
            ]
          ]
        ]
      },
      "properties": {
        "OBJECTID": 7160,
        "PROJECT_NO": "26-0053-00",
        "DESCRIPTION": "Detailed Development Permit (Phase 1) of a 12-storey mixed-use office and institutional tower containing ground-floor commercial retail space  Simon Fraser University (SFU) medical school  childcare and office space; Development Variance Permit for a reduction in parking and visitor bicycle parking spaces for the university and to allow for a portion of the required parking to be located on the SFU at Central City (SRYC) and SFU on University Drive (SRE) campuses.",
        "STATUS": "Conditional Approval",
        "WEBLINK": "https://citizenportal.surrey.ca/citizenportal/integration/publicProjectForward.html?year=26 seq=0053",
        "source_dataset": "Development Applications",
        "source_url": "https://services5.arcgis.com/YRpe0VKTJytZSSIB/arcgis/rest/services/Development%20Applications/FeatureServer/0",
        "retrieved_at": "2026-10-06T20:03:04.899858+00:00",
        "licence": "Contains information licensed under the Open Government License – City of Surrey.",
        "licence_url": "https://opendata-surrey.hub.arcgis.com/pages/55089a19491a4fe59a41e059fd8af708",
        "source_sha256": "7dd44fc28b8f521f582d52527a18a64baed338509036006dc0ca9c8144ef862b"
      }
    },
    {
      "type": "Feature",
      "id": "7187",
      "geometry": {
        "type": "Polygon",
        "coordinates": [
          [
            [
              -122.855255126369,
              49.1866565733216
            ],
            [
              -122.855249144972,
              49.1869000594737
            ],
            [
              -122.855243622557,
              49.1872660922406
            ],
            [
              -122.854766364553,
              49.1871009559245
            ],
            [
              -122.854776886246,
              49.1865396885425
            ],
            [
              -122.855257647931,
              49.1865443984348
            ],
            [
              -122.855255126369,
              49.1866565733216
            ]
          ]
        ]
      },
      "properties": {
        "OBJECTID": 7187,
        "PROJECT_NO": "25-0339-00",
        "DESCRIPTION": "Rezoning from Urban Residential Zone (R3) to Comprehensive Development Zone (CD) (based on Multiple Residential 70 Zone (RM-70); Development Permit to permit a 6 storey building containing 72 residential units.",
        "STATUS": "Initial Review",
        "WEBLINK": "https://citizenportal.surrey.ca/citizenportal/integration/publicProjectForward.html?year=25 seq=0339",
        "source_dataset": "Development Applications",
        "source_url": "https://services5.arcgis.com/YRpe0VKTJytZSSIB/arcgis/rest/services/Development%20Applications/FeatureServer/0",
        "retrieved_at": "2026-10-06T20:03:04.899858+00:00",
        "licence": "Contains information licensed under the Open Government License – City of Surrey.",
        "licence_url": "https://opendata-surrey.hub.arcgis.com/pages/55089a19491a4fe59a41e059fd8af708",
        "source_sha256": "7dd44fc28b8f521f582d52527a18a64baed338509036006dc0ca9c8144ef862b"
      }
    },
    {
      "type": "Feature",
      "id": "7200",
      "geometry": {
        "type": "Polygon",
        "coordinates": [
          [
            [
              -122.847817500639,
              49.1877281797287
            ],
            [
              -122.848352065083,
              49.187584421515
            ],
            [
              -122.848401743331,
              49.1875847565945
            ],
            [
              -122.848405777773,
              49.1873000570634
            ],
            [
              -122.848405958154,
              49.1872863835019
            ],
            [
              -122.848407348698,
              49.1871914846144
            ],
            [
              -122.84842107209,
              49.1871915026266
            ],
            [
              -122.848424228745,
              49.1871914168163
            ],
            [
              -122.848427385674,
              49.187191241053
            ],
            [
              -122.848430543428,
              49.1871907954307
            ],
            [
              -122.848433701732,
              49.1871901699026
            ],
            [
              -122.848436723351,
              49.1871893642885
            ],
            [
              -122.848439608285,
              49.1871883785883
            ],
            [
              -122.848442356261,
              49.187187302755
            ],
            [
              -122.848444830317,
              49.1871860466557
            ],
            [
              -122.848447304924,
              49.1871846106504
            ],
            [
              -122.848449505337,
              49.187183084332
            ],
            [
              -122.848451431831,
              49.1871813777476
            ],
            [
              -122.848453221366,
              49.1871795810302
            ],
            [
              -122.848454736708,
              49.1871776939996
            ],
            [
              -122.848455977582,
              49.1871758066089
            ],
            [
              -122.848457081772,
              49.1871737391323
            ],
            [
              -122.84845777426,
              49.1871716711154
            ],
            [
              -122.84845819228,
              49.1871696027384
            ],
            [
              -122.848458335832,
              49.1871675340012
            ],
            [
              -122.848460067495,
              49.1870516755439
            ],
            [
              -122.848459933833,
              49.1870505059758
            ],
            [
              -122.848459800445,
              49.1870492464547
            ],
            [
              -122.848459392316,
              49.1870480765265
            ],
            [
              -122.848458846953,
              49.1870469064182
            ],
            [
              -122.848458164082,
              49.1870458260828
            ],
            [
              -122.848457343978,
              49.1870447455673
            ],
            [
              -122.848456386365,
              49.1870437548246
            ],
            [
              -122.848455154285,
              49.1870427637218
            ],
            [
              -122.848453921931,
              49.1870418625718
            ],
            [
              -122.848452689302,
              49.1870410513749
            ],
            [
              -122.848451182206,
              49.1870402398177
            ],
            [
              -122.84844967456,
              49.1870396081664
            ],
            [
              -122.848448029407,
              49.1870390662878
            ],
            [
              -122.848446246745,
              49.1870386141821
            ],
            [
              -122.848444601042,
              49.1870382522095
            ],
            [
              -122.848442818105,
              49.1870378900566
            ],
            [
              -122.848440897111,
              49.1870377975824
            ],
            [
              -122.84843911335,
              49.1870377052883
            ],
            [
              -122.848435408049,
              49.1870376995263
            ],
            [
              -122.848436265938,
              49.1869819296149
            ],
            [
              -122.848409643222,
              49.186981713868
            ],
            [
              -122.848409837063,
              49.1869636335118
            ],
            [
              -122.848442360803,
              49.1869638561031
            ],
            [
              -122.848444761485,
              49.1868086898322
            ],
            [
              -122.848486479726,
              49.1868089244764
            ],
            [
              -122.848488264028,
              49.1868088368639
            ],
            [
              -122.84849004833,
              49.1868087492514
            ],
            [
              -122.848491833181,
              49.186808481733
            ],
            [
              -122.848493481074,
              49.1868081240816
            ],
            [
              -122.848495266475,
              49.1868076766573
            ],
            [
              -122.848496777684,
              49.18680713892
            ],
            [
              -122.848498426401,
              49.1868065114097
            ],
            [
              -122.848499800927,
              49.1868057935865
            ],
            [
              -122.848501175452,
              49.1868050757633
            ],
            [
              -122.848502413294,
              49.1868041778541
            ],
            [
              -122.848503513903,
              49.186803279765
            ],
            [
              -122.848504614787,
              49.1868022917229
            ],
            [
              -122.84850544148,
              49.1868012133678
            ],
            [
              -122.848506130939,
              49.1868001348327
            ],
            [
              -122.848506683441,
              49.1867989661647
            ],
            [
              -122.84850709871,
              49.1867977973167
            ],
            [
              -122.848507376745,
              49.1867966282886
            ],
            [
              -122.848507517548,
              49.1867954590806
            ],
            [
              -122.848507521119,
              49.1867942896925
            ],
            [
              -122.848508407485,
              49.1867291637739
            ],
            [
              -122.84695990189,
              49.1867195508388
            ],
            [
              -122.846685577813,
              49.1867179240579
            ],
            [
              -122.846343325014,
              49.1867157565029
            ],
            [
              -122.846350288944,
              49.1862444060028
            ],
            [
              -122.845693923171,
              49.1862402844964
            ],
            [
              -122.845703538106,
              49.1855812076804
            ],
            [
              -122.845715820111,
              49.1855812339834
            ],
            [
              -122.845730688198,
              49.1845679719992
            ],
            [
              -122.845736571949,
              49.1844988426315
            ],
            [
              -122.84582415174,
              49.1844457971643
            ],
            [
              -122.846881854168,
              49.1844586391833
            ],
            [
              -122.847012477294,
              49.1844641204362
            ],
            [
              -122.847141978807,
              49.1844773369424
            ],
            [
              -122.847268985688,
              49.1844981051842
            ],
            [
              -122.847392540145,
              49.1845264257031
            ],
            [
              -122.847511817513,
              49.1845618458556
            ],
            [
              -122.84762572029,
              49.1846042760526
            ],
            [
              -122.847674374217,
              49.1846243998258
            ],
            [
              -122.849317915757,
              49.1853051834837
            ],
            [
              -122.849702631489,
              49.1854645459288
            ],
            [
              -122.851542715629,
              49.1861094848422
            ],
            [
              -122.851593430814,
              49.1861751277752
            ],
            [
              -122.851442723403,
              49.1868653291294
            ],
            [
              -122.851400273951,
              49.1870162170308
            ],
            [
              -122.851339031283,
              49.1871643821253
            ],
            [
              -122.851259684653,
              49.1873087449319
            ],
            [
              -122.851162511354,
              49.1874483171847
            ],
            [
              -122.851048336835,
              49.1875823802773
            ],
            [
              -122.85091785069,
              49.1877097647579
            ],
            [
              -122.850829379259,
              49.1877849405115
            ],
            [
              -122.850735153957,
              49.1878571412018
            ],
            [
              -122.850635584555,
              49.1879260956858
            ],
            [
              -122.85061743366,
              49.1879379460418
            ],
            [
              -122.850599283299,
              49.1879496164891
            ],
            [
              -122.850580858727,
              49.1879611966255
            ],
            [
              -122.850321399552,
              49.1881230446016
            ],
            [
              -122.850223759844,
              49.188188403098
            ],
            [
              -122.850133245629,
              49.1882581784676
            ],
            [
              -122.850050540338,
              49.1883319218481
            ],
            [
              -122.849951952429,
              49.1883488840257
            ],
            [
              -122.848733859871,
              49.1879387147241
            ],
            [
              -122.848496934987,
              49.1878680580124
            ],
            [
              -122.848250903994,
              49.1878125909524
            ],
            [
              -122.847997827964,
              49.1877727668649
            ],
            [
              -122.847740171698,
              49.1877489469675
            ],
            [
              -122.847817500639,
              49.1877281797287
            ]
          ]
        ]
      },
      "properties": {
        "OBJECTID": 7200,
        "PROJECT_NO": "13-0009-00",
        "DESCRIPTION": "Development Permit and Development Variance Permit in order to allow three (3) fascia signs for two tenants at Central City Mall.",
        "STATUS": "Concluded",
        "WEBLINK": "https://citizenportal.surrey.ca/citizenportal/integration/publicProjectForward.html?year=13 seq=0009",
        "source_dataset": "Development Applications",
        "source_url": "https://services5.arcgis.com/YRpe0VKTJytZSSIB/arcgis/rest/services/Development%20Applications/FeatureServer/0",
        "retrieved_at": "2026-10-06T20:03:04.899858+00:00",
        "licence": "Contains information licensed under the Open Government License – City of Surrey.",
        "licence_url": "https://opendata-surrey.hub.arcgis.com/pages/55089a19491a4fe59a41e059fd8af708",
        "source_sha256": "7dd44fc28b8f521f582d52527a18a64baed338509036006dc0ca9c8144ef862b"
      }
    },
    {
      "type": "Feature",
      "id": "7207",
      "geometry": {
        "type": "Polygon",
        "coordinates": [
          [
            [
              -122.854444875767,
              49.18898625051
            ],
            [
              -122.854457824427,
              49.1884598567796
            ],
            [
              -122.854959420939,
              49.1884617516367
            ],
            [
              -122.855405712685,
              49.1884633951819
            ],
            [
              -122.855394556878,
              49.1889902401265
            ],
            [
              -122.854444875767,
              49.18898625051
            ]
          ]
        ]
      },
      "properties": {
        "OBJECTID": 7207,
        "PROJECT_NO": "05-0401-00",
        "DESCRIPTION": "To rezone to CD in order to develop a 63 unit 4-storey apartment building.",
        "STATUS": "Concluded",
        "WEBLINK": "https://citizenportal.surrey.ca/citizenportal/integration/publicProjectForward.html?year=05 seq=0401",
        "source_dataset": "Development Applications",
        "source_url": "https://services5.arcgis.com/YRpe0VKTJytZSSIB/arcgis/rest/services/Development%20Applications/FeatureServer/0",
        "retrieved_at": "2026-10-06T20:03:04.899858+00:00",
        "licence": "Contains information licensed under the Open Government License – City of Surrey.",
        "licence_url": "https://opendata-surrey.hub.arcgis.com/pages/55089a19491a4fe59a41e059fd8af708",
        "source_sha256": "7dd44fc28b8f521f582d52527a18a64baed338509036006dc0ca9c8144ef862b"
      }
    },
    {
      "type": "Feature",
      "id": "7257",
      "geometry": {
        "type": "Polygon",
        "coordinates": [
          [
            [
              -122.843171753816,
              49.1808150842893
            ],
            [
              -122.843240023785,
              49.180764973992
            ],
            [
              -122.843306080591,
              49.1807599767723
            ],
            [
              -122.843321765464,
              49.1807587890789
            ],
            [
              -122.843433791904,
              49.1807509621408
            ],
            [
              -122.843545937994,
              49.1807439088552
            ],
            [
              -122.843658191385,
              49.1807376301046
            ],
            [
              -122.84367773975,
              49.1807366050114
            ],
            [
              -122.843811852057,
              49.1807306534428
            ],
            [
              -122.843946145543,
              49.180726856347
            ],
            [
              -122.844080539259,
              49.180725217212
            ],
            [
              -122.845115467722,
              49.1807209040765
            ],
            [
              -122.845183133963,
              49.1807655721055
            ],
            [
              -122.845167523474,
              49.1815346543711
            ],
            [
              -122.845100402999,
              49.1815913321397
            ],
            [
              -122.844900888148,
              49.1816184956487
            ],
            [
              -122.84469849637,
              49.1816340095808
            ],
            [
              -122.844494803459,
              49.1816377528066
            ],
            [
              -122.844291404132,
              49.1816296977846
            ],
            [
              -122.844089881852,
              49.1816099051236
            ],
            [
              -122.843891810172,
              49.1815785298813
            ],
            [
              -122.84369873628,
              49.1815358179425
            ],
            [
              -122.843512167281,
              49.1814821015031
            ],
            [
              -122.843506254183,
              49.1814691554967
            ],
            [
              -122.843498687792,
              49.1814565850537
            ],
            [
              -122.843489522712,
              49.1814444802013
            ],
            [
              -122.843478823161,
              49.1814329282807
            ],
            [
              -122.843466668461,
              49.1814220139554
            ],
            [
              -122.843453144817,
              49.181411813802
            ],
            [
              -122.843438350791,
              49.181402402615
            ],
            [
              -122.843422391828,
              49.1813938480019
            ],
            [
              -122.84340538437,
              49.1813862112885
            ],
            [
              -122.843387448992,
              49.1813795484087
            ],
            [
              -122.843368717275,
              49.1813739063166
            ],
            [
              -122.843349322192,
              49.1813693256709
            ],
            [
              -122.843329404968,
              49.1813658408454
            ],
            [
              -122.843309109603,
              49.1813634763224
            ],
            [
              -122.84328858013,
              49.1813622466898
            ],
            [
              -122.843267964703,
              49.181362164742
            ],
            [
              -122.843242684511,
              49.1813366763238
            ],
            [
              -122.843220961262,
              49.1813098146429
            ],
            [
              -122.843202965801,
              49.1812817931226
            ],
            [
              -122.8431888415,
              49.1812528341444
            ],
            [
              -122.843178701517,
              49.1812231672444
            ],
            [
              -122.843172623322,
              49.1811930264075
            ],
            [
              -122.843170655551,
              49.181162650077
            ],
            [
              -122.843171753816,
              49.1808150842893
            ]
          ]
        ]
      },
      "properties": {
        "OBJECTID": 7257,
        "PROJECT_NO": "20-0306-00",
        "DESCRIPTION": "Subdivision from one (1) lot into three (3) air space parcels and one (1) remainder parcel (Two (2) residential towers  Office tower  and ground floor retail/parking). ",
        "STATUS": "Concluded",
        "WEBLINK": "https://citizenportal.surrey.ca/citizenportal/integration/publicProjectForward.html?year=20 seq=0306",
        "source_dataset": "Development Applications",
        "source_url": "https://services5.arcgis.com/YRpe0VKTJytZSSIB/arcgis/rest/services/Development%20Applications/FeatureServer/0",
        "retrieved_at": "2026-10-06T20:03:04.899858+00:00",
        "licence": "Contains information licensed under the Open Government License – City of Surrey.",
        "licence_url": "https://opendata-surrey.hub.arcgis.com/pages/55089a19491a4fe59a41e059fd8af708",
        "source_sha256": "7dd44fc28b8f521f582d52527a18a64baed338509036006dc0ca9c8144ef862b"
      }
    },
    {
      "type": "Feature",
      "id": "7264",
      "geometry": {
        "type": "Polygon",
        "coordinates": [
          [
            [
              -122.849579866071,
              49.1899797247146
            ],
            [
              -122.849510117361,
              49.1900238989413
            ],
            [
              -122.849488973163,
              49.1900236599981
            ],
            [
              -122.848796899186,
              49.1900158278194
            ],
            [
              -122.848808541161,
              49.1895682447235
            ],
            [
              -122.848849803821,
              49.1895075029318
            ],
            [
              -122.84888263543,
              49.1894445912156
            ],
            [
              -122.848906777848,
              49.1893800111832
            ],
            [
              -122.848922037403,
              49.189314278019
            ],
            [
              -122.848928291765,
              49.1892479141948
            ],
            [
              -122.848931542023,
              49.1891229212071
            ],
            [
              -122.849601942673,
              49.1891304095266
            ],
            [
              -122.849579866071,
              49.1899797247146
            ]
          ]
        ]
      },
      "properties": {
        "OBJECTID": 7264,
        "PROJECT_NO": "26-0135-00",
        "DESCRIPTION": "Development Variance Permit to allow for a project information sign for SFU School of Medicine.",
        "STATUS": "Concluded",
        "WEBLINK": "https://citizenportal.surrey.ca/citizenportal/integration/publicProjectForward.html?year=26 seq=0135",
        "source_dataset": "Development Applications",
        "source_url": "https://services5.arcgis.com/YRpe0VKTJytZSSIB/arcgis/rest/services/Development%20Applications/FeatureServer/0",
        "retrieved_at": "2026-10-06T20:03:04.899858+00:00",
        "licence": "Contains information licensed under the Open Government License – City of Surrey.",
        "licence_url": "https://opendata-surrey.hub.arcgis.com/pages/55089a19491a4fe59a41e059fd8af708",
        "source_sha256": "7dd44fc28b8f521f582d52527a18a64baed338509036006dc0ca9c8144ef862b"
      }
    },
    {
      "type": "Feature",
      "id": "7346",
      "geometry": {
        "type": "Polygon",
        "coordinates": [
          [
            [
              -122.843411463766,
              49.1841789653614
            ],
            [
              -122.843404602488,
              49.1841789560583
            ],
            [
              -122.843406850933,
              49.1840330547988
            ],
            [
              -122.843406880453,
              49.1840236996919
            ],
            [
              -122.84339416344,
              49.1838802968296
            ],
            [
              -122.843355503481,
              49.1837388377511
            ],
            [
              -122.843163398693,
              49.1837365063051
            ],
            [
              -122.843096976704,
              49.1836092220599
            ],
            [
              -122.843083322853,
              49.1835875247537
            ],
            [
              -122.843284621063,
              49.1835898688086
            ],
            [
              -122.843268240507,
              49.1835629505303
            ],
            [
              -122.842347893407,
              49.1821004919641
            ],
            [
              -122.842231374942,
              49.1818917300883
            ],
            [
              -122.842440654992,
              49.1819706359383
            ],
            [
              -122.845107207168,
              49.1829852468637
            ],
            [
              -122.845100059658,
              49.1831631650024
            ],
            [
              -122.845137650758,
              49.1832537084824
            ],
            [
              -122.845114790173,
              49.1838465612019
            ],
            [
              -122.845105370551,
              49.1840924809876
            ],
            [
              -122.844930076931,
              49.1841973993992
            ],
            [
              -122.843411463766,
              49.1841789653614
            ]
          ]
        ]
      },
      "properties": {
        "OBJECTID": 7346,
        "PROJECT_NO": "06-0366-00",
        "DESCRIPTION": "The applicant is creating an Air Space parcel for Phase 1  an Air Space parcel for Phase 2  and a remainder parcel.",
        "STATUS": "Concluded",
        "WEBLINK": "https://citizenportal.surrey.ca/citizenportal/integration/publicProjectForward.html?year=06 seq=0366",
        "source_dataset": "Development Applications",
        "source_url": "https://services5.arcgis.com/YRpe0VKTJytZSSIB/arcgis/rest/services/Development%20Applications/FeatureServer/0",
        "retrieved_at": "2026-10-06T20:03:04.899858+00:00",
        "licence": "Contains information licensed under the Open Government License – City of Surrey.",
        "licence_url": "https://opendata-surrey.hub.arcgis.com/pages/55089a19491a4fe59a41e059fd8af708",
        "source_sha256": "7dd44fc28b8f521f582d52527a18a64baed338509036006dc0ca9c8144ef862b"
      }
    },
    {
      "type": "Feature",
      "id": "7381",
      "geometry": {
        "type": "Polygon",
        "coordinates": [
          [
            [
              -122.843324642058,
              49.181617969197
            ],
            [
              -122.843859056157,
              49.1810707923381
            ],
            [
              -122.84434995568,
              49.1812638679704
            ],
            [
              -122.84433756576,
              49.1812767146043
            ],
            [
              -122.845257216829,
              49.1812713893033
            ],
            [
              -122.845229617523,
              49.1818022562296
            ],
            [
              -122.845207936921,
              49.1818022271727
            ],
            [
              -122.845198871917,
              49.1819356158673
            ],
            [
              -122.844436673031,
              49.1819175851197
            ],
            [
              -122.844006593472,
              49.1823627194275
            ],
            [
              -122.8437686778,
              49.1822686655229
            ],
            [
              -122.844104994103,
              49.1819243323436
            ],
            [
              -122.843324642058,
              49.181617969197
            ]
          ]
        ]
      },
      "properties": {
        "OBJECTID": 7381,
        "PROJECT_NO": "03-0206-00",
        "DESCRIPTION": "To expand the existing Beer   Wine Store and to relax parking requirements.",
        "STATUS": "Concluded",
        "WEBLINK": "https://citizenportal.surrey.ca/citizenportal/integration/publicProjectForward.html?year=03 seq=0206",
        "source_dataset": "Development Applications",
        "source_url": "https://services5.arcgis.com/YRpe0VKTJytZSSIB/arcgis/rest/services/Development%20Applications/FeatureServer/0",
        "retrieved_at": "2026-10-06T20:03:04.899858+00:00",
        "licence": "Contains information licensed under the Open Government License – City of Surrey.",
        "licence_url": "https://opendata-surrey.hub.arcgis.com/pages/55089a19491a4fe59a41e059fd8af708",
        "source_sha256": "7dd44fc28b8f521f582d52527a18a64baed338509036006dc0ca9c8144ef862b"
      }
    },
    {
      "type": "Feature",
      "id": "7406",
      "geometry": {
        "type": "Polygon",
        "coordinates": [
          [
            [
              -122.845171825976,
              49.1901801245287
            ],
            [
              -122.845164538899,
              49.1906637141419
            ],
            [
              -122.844325591142,
              49.1906556509803
            ],
            [
              -122.844333021946,
              49.1901726004303
            ],
            [
              -122.845171825976,
              49.1901801245287
            ]
          ]
        ]
      },
      "properties": {
        "OBJECTID": 7406,
        "PROJECT_NO": "12-0188-00",
        "DESCRIPTION": "Development Permit; Development Variance Permit in order to allow the redevelopment of a single-storey drive-through restaurant in City Centre.",
        "STATUS": "Closed",
        "WEBLINK": "https://citizenportal.surrey.ca/citizenportal/integration/publicProjectForward.html?year=12 seq=0188",
        "source_dataset": "Development Applications",
        "source_url": "https://services5.arcgis.com/YRpe0VKTJytZSSIB/arcgis/rest/services/Development%20Applications/FeatureServer/0",
        "retrieved_at": "2026-10-06T20:03:04.899858+00:00",
        "licence": "Contains information licensed under the Open Government License – City of Surrey.",
        "licence_url": "https://opendata-surrey.hub.arcgis.com/pages/55089a19491a4fe59a41e059fd8af708",
        "source_sha256": "7dd44fc28b8f521f582d52527a18a64baed338509036006dc0ca9c8144ef862b"
      }
    },
    {
      "type": "Feature",
      "id": "7499",
      "geometry": {
        "type": "Polygon",
        "coordinates": [
          [
            [
              -122.847674374217,
              49.1846243998258
            ],
            [
              -122.849317915757,
              49.1853051834837
            ],
            [
              -122.848759171623,
              49.1853331419442
            ],
            [
              -122.84862952973,
              49.1854096114212
            ],
            [
              -122.84862375596,
              49.1854129321261
            ],
            [
              -122.848615078682,
              49.1860031952459
            ],
            [
              -122.848593628436,
              49.1860170199355
            ],
            [
              -122.847274728299,
              49.1860088831835
            ],
            [
              -122.847022913683,
              49.1860073778194
            ],
            [
              -122.847029016057,
              49.1855894619451
            ],
            [
              -122.846976320768,
              49.185589122277
            ],
            [
              -122.846701865987,
              49.1855874054058
            ],
            [
              -122.845703538106,
              49.1855812076804
            ],
            [
              -122.845691050506,
              49.185581101043
            ],
            [
              -122.845700661159,
              49.1849229245788
            ],
            [
              -122.845736570577,
              49.1844988426297
            ],
            [
              -122.84582415174,
              49.1844457971643
            ],
            [
              -122.846881854168,
              49.1844586391833
            ],
            [
              -122.847012477294,
              49.1844641204362
            ],
            [
              -122.847141978809,
              49.1844773360429
            ],
            [
              -122.847268985688,
              49.1844981051842
            ],
            [
              -122.847392540145,
              49.1845264257031
            ],
            [
              -122.847511817513,
              49.1845618458556
            ],
            [
              -122.84762572029,
              49.1846042760526
            ],
            [
              -122.847674374217,
              49.1846243998258
            ]
          ]
        ]
      },
      "properties": {
        "OBJECTID": 7499,
        "PROJECT_NO": "06-0113-00",
        "DESCRIPTION": "Development Permit and DVP for signage and upgrade to the existing facade (old Sears bldg.)",
        "STATUS": "Concluded",
        "WEBLINK": "https://citizenportal.surrey.ca/citizenportal/integration/publicProjectForward.html?year=06 seq=0113",
        "source_dataset": "Development Applications",
        "source_url": "https://services5.arcgis.com/YRpe0VKTJytZSSIB/arcgis/rest/services/Development%20Applications/FeatureServer/0",
        "retrieved_at": "2026-10-06T20:03:04.899858+00:00",
        "licence": "Contains information licensed under the Open Government License – City of Surrey.",
        "licence_url": "https://opendata-surrey.hub.arcgis.com/pages/55089a19491a4fe59a41e059fd8af708",
        "source_sha256": "7dd44fc28b8f521f582d52527a18a64baed338509036006dc0ca9c8144ef862b"
      }
    },
    {
      "type": "Feature",
      "id": "7503",
      "geometry": {
        "type": "Polygon",
        "coordinates": [
          [
            [
              -122.852616723805,
              49.1907236330729
            ],
            [
              -122.85262079674,
              49.1905551540781
            ],
            [
              -122.852624732403,
              49.190386674903
            ],
            [
              -122.852627831192,
              49.1902176207534
            ],
            [
              -122.852806714414,
              49.1902182401692
            ],
            [
              -122.852812044028,
              49.1900122108767
            ],
            [
              -122.854143331795,
              49.1900166407013
            ],
            [
              -122.854129381318,
              49.1905790718505
            ],
            [
              -122.853331352228,
              49.1905763187791
            ],
            [
              -122.853166916584,
              49.1905757518278
            ],
            [
              -122.853145410534,
              49.1915369232109
            ],
            [
              -122.853145146519,
              49.1915486842577
            ],
            [
              -122.85259819845,
              49.1915468702843
            ],
            [
              -122.852600566546,
              49.19139745922
            ],
            [
              -122.852604640968,
              49.1912289802473
            ],
            [
              -122.852608713722,
              49.1910605912206
            ],
            [
              -122.852612650842,
              49.1908921120627
            ],
            [
              -122.852616723805,
              49.1907236330729
            ]
          ]
        ]
      },
      "properties": {
        "OBJECTID": 7503,
        "PROJECT_NO": "12-0325-00",
        "DESCRIPTION": "Rezoning from RF to CD (based upon RM-135 and C-5); Development Permit in order to permit the development of a 36-storey apartment building and a 3-storey commercial building.",
        "STATUS": "Concluded",
        "WEBLINK": "https://citizenportal.surrey.ca/citizenportal/integration/publicProjectForward.html?year=12 seq=0325",
        "source_dataset": "Development Applications",
        "source_url": "https://services5.arcgis.com/YRpe0VKTJytZSSIB/arcgis/rest/services/Development%20Applications/FeatureServer/0",
        "retrieved_at": "2026-10-06T20:03:04.899858+00:00",
        "licence": "Contains information licensed under the Open Government License – City of Surrey.",
        "licence_url": "https://opendata-surrey.hub.arcgis.com/pages/55089a19491a4fe59a41e059fd8af708",
        "source_sha256": "7dd44fc28b8f521f582d52527a18a64baed338509036006dc0ca9c8144ef862b"
      }
    },
    {
      "type": "Feature",
      "id": "7655",
      "geometry": {
        "type": "Polygon",
        "coordinates": [
          [
            [
              -122.852239542235,
              49.1889526662908
            ],
            [
              -122.852839549609,
              49.1889546089617
            ],
            [
              -122.853151078503,
              49.1889556378602
            ],
            [
              -122.853414848565,
              49.1889565144595
            ],
            [
              -122.853407869294,
              49.1892726049193
            ],
            [
              -122.85349679872,
              49.1892728985664
            ],
            [
              -122.853492896928,
              49.1894309423698
            ],
            [
              -122.853488996746,
              49.1895888971172
            ],
            [
              -122.85282407152,
              49.1895866979071
            ],
            [
              -122.85282626566,
              49.1894956671211
            ],
            [
              -122.852227349666,
              49.1894937257798
            ],
            [
              -122.85223132465,
              49.1893129221426
            ],
            [
              -122.852235435467,
              49.1891321195728
            ],
            [
              -122.852239542235,
              49.1889526662908
            ]
          ]
        ]
      },
      "properties": {
        "OBJECTID": 7655,
        "PROJECT_NO": "91-0098-00",
        "DESCRIPTION": null,
        "STATUS": "Concluded",
        "WEBLINK": "https://citizenportal.surrey.ca/citizenportal/integration/publicProjectForward.html?year=91 seq=0098",
        "source_dataset": "Development Applications",
        "source_url": "https://services5.arcgis.com/YRpe0VKTJytZSSIB/arcgis/rest/services/Development%20Applications/FeatureServer/0",
        "retrieved_at": "2026-10-06T20:03:04.899858+00:00",
        "licence": "Contains information licensed under the Open Government License – City of Surrey.",
        "licence_url": "https://opendata-surrey.hub.arcgis.com/pages/55089a19491a4fe59a41e059fd8af708",
        "source_sha256": "7dd44fc28b8f521f582d52527a18a64baed338509036006dc0ca9c8144ef862b"
      }
    }
  ],
  "demonstration_subset": "First 200 ordered OBJECTID records within the bbox; bounded demonstration subset, not complete inventory"
}
